Date,QuotedSpread,SURVIVAL::1Y,RECOVERY::1Y,SURVIVAL::2Y,RECOVERY::2Y,SURVIVAL::3Y,RECOVERY::3Y,SURVIVAL::4Y,RECOVERY::4Y,SURVIVAL::5Y,RECOVERY::5Y,SURVIVAL::6Y,RECOVERY::6Y,SURVIVAL::7Y,RECOVERY::7Y,SURVIVAL::8Y,RECOVERY::8Y,SURVIVAL::9Y,RECOVERY::9Y,SURVIVAL::10Y,RECOVERY::10Y,SURVIVAL::11Y,RECOVERY::11Y,SURVIVAL::12Y,RECOVERY::12Y,SURVIVAL::15Y,RECOVERY::15Y,SURVIVAL::20Y,RECOVERY::20Y,SURVIVAL::25Y,RECOVERY::25Y
09-SEP-2011,120.75,0.980041690792249,0.4,0.960534622807612,0.4,0.9414158298371224,0.4,0.9226775835288447,0.4,0.9042624990177155,0.4,0.8862637646679178,0.4,0.8686232829699182,0.4,0.8513339231466281,0.4,0.83434273746942,0.4,0.8177357087529711,0.4,0.8014592317275759,0.4,0.7855067269850621,0.4,0.7394884672272841,0.4,0.6687285235422602,0.4,0.6047061258627514,0.4
12-SEP-2011,125.25000000000001,0.9793056786496712,0.4,0.9590944086328604,0.4,0.9393002662245159,0.4,0.9199146425919614,0.4,0.9008776333632905,0.4,0.8822849901294465,0.4,0.8640760686904597,0.4,0.8462429496550962,0.4,0.8287305261144834,0.4,0.8116268813591819,0.4,0.7948762279016514,0.4,0.7784712805779349,0.4,0.7312182810949941,0.4,0.6587758326980516,0.4,0.5934764130779517,0.4
13-SEP-2011,121.75,0.9798780051851581,0.4,0.960214232707758,0.4,0.9409450644014862,0.4,0.922062581518704,0.4,0.9035088430344249,0.4,0.8853776142215168,0.4,0.8676102351493175,0.4,0.8501994042369366,0.4,0.8330916962332994,0.4,0.8163735685879631,0.4,0.7999909331738295,0.4,0.783937057476374,0.4,0.7376417050338182,0.4,0.6665028192256703,0.4,0.6021911910777679,0.4
14-SEP-2011,120.0,0.9801640861061428,0.4,0.9607742282062132,0.4,0.9417679454593715,0.4,0.9231376498833423,0.4,0.9048263709480787,0.4,0.8869268630947658,0.4,0.8693814479068279,0.4,0.8521831206321404,0.4,0.8352792896294827,0.4,0.818755580015707,0.4,0.8025587466728866,0.4,0.7866823232506069,0.4,0.7408721952969293,0.4,0.6703973971738445,0.4,0.6065932439778474,0.4
15-SEP-2011,115.75,0.9808598597265863,0.4,0.9621368662323475,0.4,0.943771263737352,0.4,0.9257562302381429,0.4,0.9080371261323981,0.4,0.8907041982563983,0.4,0.8737021273245791,0.4,0.8570245978247374,0.4,0.8406210268046059,0.4,0.8245749608351307,0.4,0.8088351877430482,0.4,0.7933958609035894,0.4,0.7487842142889648,0.4,0.6799597686067099,0.4,0.6174287141712873,0.4
16-SEP-2011,116.75000000000001,0.9806958824817129,0.4,0.9618156381047996,0.4,0.9432988740219302,0.4,0.9251385925522737,0.4,0.9072796084409419,0.4,0.8898127657310415,0.4,0.8726821926687931,0.4,0.8558814154296019,0.4,0.839359380004431,0.4,0.8232001297234618,0.4,0.8073519754710395,0.4,0.7918089280621899,0.4,0.7469124702815754,0.4,0.6776945460996631,0.4,0.6148584424278641,0.4
19-SEP-2011,118.50000000000001,0.9804085773110072,0.4,0.9612529421806199,0.4,0.942471577906017,0.4,0.9240571718258047,0.4,0.9059535771837701,0.4,0.8882526751606574,0.4,0.8708976208060376,0.4,0.8538816568027048,0.4,0.8371529003379055,0.4,0.8207962548756623,0.4,0.8047591924318492,0.4,0.7890354688590399,0.4,0.7436435033593931,0.4,0.6737429134254559,0.4,0.6103798025200069,0.4
20-SEP-2011,118.50000000000001,0.9804084136838678,0.4,0.961252621758733,0.4,0.9424711068789169,0.4,0.9240565562010141,0.4,0.9059528224192139,0.4,0.8882517873015708,0.4,0.8708966053414898,0.4,0.8538805190580778,0.4,0.8371516451652877,0.4,0.8207948876132851,0.4,0.8047577179390107,0.4,0.7890338918479418,0.4,0.7436416454149093,0.4,0.6737406691255359,0.4,0.610377260772889,0.4
21-SEP-2011,124.75,0.979386036263412,0.4,0.9592515983667272,0.4,0.9395310887622633,0.4,0.9202159978193079,0.4,0.9012466986104326,0.4,0.8827186667508039,0.4,0.8645715383276268,0.4,0.8467974826425845,0.4,0.8293416300431562,0.4,0.8122918387178201,0.4,0.7955925608283311,0.4,0.7792365904408239,0.4,0.7321170022202611,0.4,0.6598555831682803,0.4,0.5946926658900743,0.4
22-SEP-2011,129.25,0.9786502245387175,0.4,0.9578127371994629,0.4,0.9374189230620597,0.4,0.9174593354064288,0.4,0.8978717846006441,0.4,0.8787542373148317,0.4,0.8600437421499274,0.4,0.841731632124406,0.4,0.8237608507798911,0.4,0.8062212785524487,0.4,0.7890551600933304,0.4,0.7722545437994262,0.4,0.7239260227782403,0.4,0.6500310775677796,0.4,0.583644563661662,0.4
23-SEP-2011,132.75,0.9780791448381909,0.4,0.9566967486547094,0.4,0.935781806326021,0.4,0.9153240985528253,0.4,0.8952594115623355,0.4,0.8756875890507908,0.4,0.8565436383174998,0.4,0.8378182053915423,0.4,0.8194525138592275,0.4,0.8015379530618121,0.4,0.7840150336141227,0.4,0.7668751936011593,0.4,0.71762785389471,0.4,0.6425019984622148,0.4,0.5752059610709069,0.4
26-SEP-2011,122.5,0.97975480859801,0.4,0.9599731290102342,0.4,0.9405908502152686,0.4,0.9215999081358138,0.4,0.9029419415995479,0.4,0.8847111475086817,0.4,0.8668484411517785,0.4,0.8493463906759405,0.4,0.8321512104301168,0.4,0.8153497122707315,0.4,0.7988874437331526,0.4,0.7827575556224319,0.4,0.7362545947553286,0.4,0.6648323046422343,0.4,0.6003049719917612,0.4
27-SEP-2011,123.0,0.9796734093864301,0.4,0.959813842069578,0.4,0.9403568603595553,0.4,0.9212943031938254,0.4,0.9025675310581904,0.4,0.8842710248252802,0.4,0.8663454184184899,0.4,0.8487831930973964,0.4,0.8315303246116269,0.4,0.8146738576508964,0.4,0.7981590985870258,0.4,0.7819791204472959,0.4,0.7353394305705457,0.4,0.6637307347887493,0.4,0.5990618105857201,0.4
28-SEP-2011,128.0,0.9788561200429048,0.4,0.9582152519694126,0.4,0.9380096321679633,0.4,0.9182300826787132,0.4,0.8988151360375609,0.4,0.8798620700398777,0.4,0.8613086620990182,0.4,0.8431464847361565,0.4,0.8253190966766484,0.4,0.8079158213185806,0.4,0.7908795240110733,0.4,0.7742024663895473,0.4,0.7262093707215892,0.4,0.6527660880104091,0.4,0.5867160401957823,0.4
29-SEP-2011,125.75000000000001,0.9792242957103358,0.4,0.9589352263412287,0.4,0.9390665369991162,0.4,0.9196095176064744,0.4,0.9005039822067213,0.4,0.8818459609115126,0.4,0.8635745250901397,0.4,0.8456816648724124,0.4,0.8281120326798321,0.4,0.8109539387170539,0.4,0.7941513524353835,0.4,0.7776969078819592,0.4,0.7303091421196322,0.4,0.6576840158237425,0.4,0.5922470752829884,0.4
30-SEP-2011,131.75,0.9782438514526834,0.4,0.9570185472151974,0.4,0.9362537759412509,0.4,0.9159395452835902,0.4,0.8960122284760389,0.4,0.87657113296425,0.4,0.8575518578056738,0.4,0.8389452506143101,0.4,0.8206930331188794,0.4,0.8028861649359967,0.4,0.7854656586956269,0.4,0.7684231313654988,0.4,0.7194390582615482,0.4,0.6446649365212613,0.4,0.5776276663927795,0.4
03-OCT-2011,139.25,0.9770195113443396,0.4,0.9546277624547298,0.4,0.9327491971940174,0.4,0.9113720542014322,0.4,0.8904282790487703,0.4,0.8700210648660839,0.4,0.8500815519014484,0.4,0.8305990211793384,0.4,0.8115114497957239,0.4,0.7929128850855204,0.4,0.7747405701951645,0.4,0.7569847361499125,0.4,0.706076904931956,0.4,0.628750780893817,0.4,0.559857475781852,0.4
04-OCT-2011,137.0,0.9773872135087854,0.4,0.9553454655083579,0.4,0.9338007965040531,0.4,0.9127419965170448,0.4,0.89210235662824,0.4,0.871983927551604,0.4,0.8523192033503161,0.4,0.833097952205921,0.4,0.8142592860864204,0.4,0.7958963509642252,0.4,0.7779475313357845,0.4,0.7604034881906938,0.4,0.7100653829369302,0.4,0.6334905888619062,0.4,0.565138447225518,0.4
05-OCT-2011,133.5,0.977958943658301,0.4,0.9564619375091556,0.4,0.9354374678364883,0.4,0.914875147578954,0.4,0.8947103329055461,0.4,0.8750432562323411,0.4,0.8558084914377904,0.4,0.8369965356576129,0.4,0.8185482478573766,0.4,0.8005553281835316,0.4,0.7829579199034704,0.4,0.7657473290828319,0.4,0.7163087425197984,0.4,0.6409278616314004,0.4,0.57344478044867,0.4
06-OCT-2011,126.5,0.979102853726665,0.4,0.958697714438469,0.4,0.9387178315038683,0.4,0.9191543423042984,0.4,0.8999466395653943,0.4,0.881191167183325,0.4,0.8628265710252554,0.4,0.8448447049768474,0.4,0.8271898615986936,0.4,0.8099506877167462,0.4,0.7930707894133916,0.4,0.7765426791522632,0.4,0.7289544598440167,0.4,0.6560579706703245,0.4,0.5904171660648506,0.4
07-OCT-2011,126.75,0.9790626387951563,0.4,0.9586190699836957,0.4,0.9386023783598513,0.4,0.9190036504049028,0.4,0.8997621390278054,0.4,0.8809744246627693,0.4,0.8625790119914271,0.4,0.8445677094575368,0.4,0.826884690262677,0.4,0.809618712178444,0.4,0.7927132607827759,0.4,0.7761608080055837,0.4,0.7285063803837447,0.4,0.6555203557879867,0.4,0.5898123975000671,0.4
11-OCT-2011,123.0,0.9796763166490966,0.4,0.9598195309511632,0.4,0.9403652168977443,0.4,0.9213052169034633,0.4,0.9025809014055819,0.4,0.8842867411511418,0.4,0.8663633801224487,0.4,0.8488033026935375,0.4,0.8315524931423931,0.4,0.8146979878611095,0.4,0.7981851018409303,0.4,0.7820069108964456,0.4,0.7353720983806712,0.4,0.663770048698074,0.4,0.5991061688799346,0.4
12-OCT-2011,118.0,0.9804943287320265,0.4,0.9614208717358163,0.4,0.942718448769203,0.4,0.9243798421447401,0.4,0.9063491928171236,0.4,0.8887180736498123,0.4,0.87142993086021,0.4,0.8544780925635346,0.4,0.8378109237843052,0.4,0.8215130726315909,0.4,0.8055322619287627,0.4,0.7898623243200187,0.4,0.7446177851242051,0.4,0.6749200522727695,0.4,0.6117132445935155,0.4
13-OCT-2011,120.25000000000001,0.9801259194491115,0.4,0.9606995086057797,0.4,0.9416581354711394,0.4,0.9229941684740112,0.4,0.9046505080217584,0.4,0.8867200440989828,0.4,0.869144967735972,0.4,0.8519182350370312,0.4,0.8349871434111346,0.4,0.8184374297723791,0.4,0.8022157367788347,0.4,0.7863155629558518,0.4,0.7404404469049467,0.4,0.669876566575499,0.4,0.6060041762643964,0.4
14-OCT-2011,119.00000000000001,0.9803306299742006,0.4,0.9611003083036951,0.4,0.942247211683845,0.4,0.9237639404080162,0.4,0.9055940856476404,0.4,0.8878298079259805,0.4,0.8704139971035347,0.4,0.8533398175981449,0.4,0.8365551609680588,0.4,0.820145161781396,0.4,0.8040570637506529,0.4,0.7882845524115202,0.4,0.7427589215232026,0.4,0.6726745961702819,0.4,0.6091701358572222,0.4
17-OCT-2011,124.125,0.9794921397242953,0.4,0.9594591699631299,0.4,0.9398359226092976,0.4,0.9206140178542593,0.4,0.9017341942082491,0.4,0.8832915614268697,0.4,0.8652261248371103,0.4,0.8475301698697625,0.4,0.8301491395666292,0.4,0.8131705933019528,0.4,0.796539299138763,0.4,0.780248154936505,0.4,0.7333052445589523,0.4,0.6612838512939049,0.4,0.5963022607894368,0.4
18-OCT-2011,121.75,0.9798805642974352,0.4,0.9602192413766993,0.4,0.9409524232895914,0.4,0.9220721942888149,0.4,0.9035206220626983,0.4,0.8853914628945544,0.4,0.8676260656640113,0.4,0.8502171314805902,0.4,0.8331112425705474,0.4,0.8163948489957656,0.4,0.8000138701889864,0.4,0.7839615760462496,0.4,0.7376705447466458,0.4,0.6665375623770449,0.4,0.6022304329870621,0.4
19-OCT-2011,123.625,0.9795737894838178,0.4,0.9596189177299516,0.4,0.9400705461407367,0.4,0.9209203939120717,0.4,0.9021094800773783,0.4,0.883732631721343,0.4,0.8657301376570636,0.4,0.8480943719231653,0.4,0.8307710177446734,0.4,0.813847403317771,0.4,0.7972685393926952,0.4,0.7810274030660924,0.4,0.7342208573512228,0.4,0.6623849448581186,0.4,0.5975437382170403,0.4
20-OCT-2011,123.5,0.979594418378715,0.4,0.9596592802673046,0.4,0.9401298301876603,0.4,0.9209978122261183,0.4,0.9022043161957134,0.4,0.8838440976086789,0.4,0.8658575168113471,0.4,0.8482369701252963,0.4,0.8309282013972131,0.4,0.8140184802465611,0.4,0.7974528786827902,0.4,0.7812243937347092,0.4,0.73445235662027,0.4,0.6626634127295011,0.4,0.5978577911495374,0.4
21-OCT-2011,120.75,0.9800443411230763,0.4,0.960539810872965,0.4,0.9414234535700508,0.4,0.9226875439200043,0.4,0.90427470604355,0.4,0.8862781189317614,0.4,0.8686396941632383,0.4,0.8513523037051297,0.4,0.8343630075483071,0.4,0.8177577807871884,0.4,0.801483025958902,0.4,0.7855321661163237,0.4,0.7395184047155922,0.4,0.6687646192576129,0.4,0.6047469294915045,0.4
24-OCT-2011,116.00000000000001,0.9808219697047137,0.4,0.9620626356827695,0.4,0.943662095227667,0.4,0.9256134860049832,0.4,0.907862042528654,0.4,0.8904981499694704,0.4,0.8734663615744471,0.4,0.856760325474297,0.4,0.8403293499965516,0.4,0.8242570968742298,0.4,0.8084922438450131,0.4,0.7930289115330281,0.4,0.7483513242333734,0.4,0.6794357083555647,0.4,0.6168338899545858,0.4
25-OCT-2011,119.5,0.9802483591544416,0.4,0.9609392214545751,0.4,0.942010439197521,0.4,0.9234545200620208,0.4,0.9052147780445483,0.4,0.8873836675571065,0.4,0.8699037980225602,0.4,0.8527682506229771,0.4,0.835924678412177,0.4,0.8194584588348236,0.4,0.8033165943030525,0.4,0.7874926956031705,0.4,0.7418263400499824,0.4,0.6715487684078884,0.4,0.6078958693404364,0.4
04-NOV-2011,112.50000000000001,0.9813940283885031,0.4,0.9631836633269529,0.4,0.9453112027014218,0.4,0.9277703764889035,0.4,0.9105083072019632,0.4,0.8936132699528084,0.4,0.8770317304294762,0.4,0.8607578714903618,0.4,0.8447426349690396,0.4,0.8290679198995973,0.4,0.8136840587332698,0.4,0.7985856544984002,0.4,0.7549119655139848,0.4,0.6873888881687804,0.4,0.6258732929559959,0.4
07-NOV-2011,111.625,0.9815376694451795,0.4,0.9634652501151758,0.4,0.9457255865729598,0.4,0.9283125520010708,0.4,0.911173738807838,0.4,0.8943968850987688,0.4,0.8779289327642539,0.4,0.8617641942027406,0.4,0.8458540187890612,0.4,0.8302798549078465,0.4,0.814992448049961,0.4,0.7999865183434925,0.4,0.7565677193108593,0.4,0.6893997373533359,0.4,0.6281629362173806,0.4
08-NOV-2011,109.25,0.9819270971887633,0.4,0.9642288716605053,0.4,0.9468496384359997,0.4,0.9297836480072128,0.4,0.9129797585013013,0.4,0.8965242378063832,0.4,0.8803653109393342,0.4,0.8644976321016006,0.4,0.8488736504160841,0.4,0.833573576354505,0.4,0.8185492703841784,0.4,0.8037957620690236,0.4,0.7610737266914438,0.4,0.6948795330019725,0.4,0.6344109482276379,0.4
09-NOV-2011,117.5,0.9805758502726869,0.4,0.9615805313718937,0.4,0.9429531821085768,0.4,0.9246866743236981,0.4,0.9067254219107834,0.4,0.8891607036486908,0.4,0.8719362420069283,0.4,0.8550454456718208,0.4,0.8384369149114342,0.4,0.8221950539962273,0.4,0.8062678238436898,0.4,0.7906491295539003,0.4,0.7455451126442267,0.4,0.6760409373494519,0.4,0.6129835041471433,0.4
10-NOV-2011,118.0,0.9804943831516922,0.4,0.9614209783121149,0.4,0.9427186054523489,0.4,0.924380046944959,0.4,0.9063494439270299,0.4,0.8887183690660213,0.4,0.8714302687639285,0.4,0.8544784711899647,0.4,0.8378113415258055,0.4,0.8215135277180962,0.4,0.8055327527492585,0.4,0.7898628493120364,0.4,0.7446184038020617,0.4,0.6749207999298983,0.4,0.6117140917112496,0.4
14-NOV-2011,119.12500000000001,0.980310710206374,0.4,0.9610613040198821,0.4,0.9421898796657568,0.4,0.9236890150830676,0.4,0.905502234385908,0.4,0.8877217693445735,0.4,0.870290441969697,0.4,0.8532013965851274,0.4,0.8364024670354364,0.4,0.8199788467936872,0.4,0.8038777211791969,0.4,0.7880927576792142,0.4,0.7425330205232332,0.4,0.67240184149053,0.4,0.6088613698748739,0.4
15-NOV-2011,122.00100000000002,0.9798402293209837,0.4,0.9601402996819282,0.4,0.9408364419902887,0.4,0.9219206931218102,0.4,0.9033349833642348,0.4,0.8851732105769459,0.4,0.8673765847139447,0.4,0.8499377644061991,0.4,0.8328032139843343,0.4,0.816059499827956,0.4,0.7996524221771085,0.4,0.7835752128717649,0.4,0.7372161153100543,0.4,0.6659901646723393,0.4,0.6016122143250316,0.4
16-NOV-2011,124.75,0.9793907660900734,0.4,0.959260850911306,0.4,0.9395446760894363,0.4,0.9202337378090528,0.4,0.90126842545474,0.4,0.8827441983680036,0.4,0.8646007091163777,0.4,0.8468301322020205,0.4,0.829377611925495,0.4,0.8123309931934439,0.4,0.7956347422625218,0.4,0.7792816578455997,0.4,0.7321699328029827,0.4,0.6599191893359988,0.4,0.594764328700224,0.4
17-NOV-2011,126.00100000000002,0.9791863759666466,0.4,0.9588610611038482,0.4,0.9389576459267598,0.4,0.9194673729157069,0.4,0.9003299247049041,0.4,0.8816414608443223,0.4,0.8633409199793942,0.4,0.8454202498565115,0.4,0.8278239906258145,0.4,0.8106405578560951,0.4,0.7938138076240832,0.4,0.7773363361453072,0.4,0.7298858962803301,0.4,0.6571758795265109,0.4,0.5916751101319827,0.4
18-NOV-2011,125.50100000000002,0.9792682587779685,0.4,0.959021214984158,0.4,0.939192792726085,0.4,0.9197743367159963,0.4,0.9007058131845346,0.4,0.8820831019086229,0.4,0.8638454279780791,0.4,0.845984830481351,0.4,0.8284460918980474,0.4,0.8113173999863923,0.4,0.7945428555436836,0.4,0.7781151363277792,0.4,0.7308001279501254,0.4,0.6582736017012296,0.4,0.5929108597182184,0.4
21-NOV-2011,129.75,0.9785741408120332,0.4,0.9576640189241227,0.4,0.9372007034447735,0.4,0.9171746470376382,0.4,0.8975233921994367,0.4,0.8783451585373783,0.4,0.8595767243853863,0.4,0.8412093331686162,0.4,0.823185700448542,0.4,0.8055959107587383,0.4,0.788381978789936,0.4,0.7715358732336927,0.4,0.7230839631274943,0.4,0.6490231774385806,0.4,0.5825134838307318,0.4
22-NOV-2011,131.12,0.9783501580360362,0.4,0.9572262743409758,0.4,0.9365584834453056,0.4,0.9163369376976818,0.4,0.8964983878107843,0.4,0.8771417929133708,0.4,0.8582031326950562,0.4,0.839673383389165,0.4,0.8214945873374427,0.4,0.8037574244448922,0.4,0.7864032305363451,0.4,0.769423736801079,0.4,0.7206103280652384,0.4,0.6460646323396964,0.4,0.5791959013141049,0.4
23-NOV-2011,136.751,0.9774310971759987,0.4,0.955431138261006,0.4,0.9339263530658384,0.4,0.912905596250918,0.4,0.8923023185616441,0.4,0.872218432950857,0.4,0.8525865942000146,0.4,0.8333966276662442,0.4,0.8145877801625944,0.4,0.7962530885940434,0.4,0.7783310731337039,0.4,0.760812445293157,0.4,0.7105427923997407,0.4,0.634058526193826,0.4,0.5657718930265299,0.4
25-NOV-2011,135.0,0.9777172543849966,0.4,0.9559898883646032,0.4,0.9347453597208306,0.4,0.9139729385781825,0.4,0.8936071120888477,0.4,0.873748887519625,0.4,0.8543319632463677,0.4,0.8353465324532381,0.4,0.8167327181702074,0.4,0.7985828383057295,0.4,0.7808362949695505,0.4,0.7634841249973812,0.4,0.7136632430618206,0.4,0.6377738163996569,0.4,0.5699192182387803,0.4
28-NOV-2011,131.25,0.9783294825099665,0.4,0.9571858718097136,0.4,0.9364992158281276,0.4,0.9162596388813494,0.4,0.8964038183515595,0.4,0.8770307812466979,0.4,0.8580764333073472,0.4,0.839531725842981,0.4,0.8213386388946626,0.4,0.8035879069129273,0.4,0.7862208029147862,0.4,0.7692290359503258,0.4,0.7203823889597067,0.4,0.6457921801199095,0.4,0.5788905761210649,0.4
29-NOV-2011,130.876,0.978390435078677,0.4,0.9573049831013886,0.4,0.9366739471416187,0.4,0.9164875340055955,0.4,0.8966826371399182,0.4,0.8773580832538599,0.4,0.8584499959831096,0.4,0.8399493999876575,0.4,0.8217984588979977,0.4,0.8040877461612059,0.4,0.7867587198856734,0.4,0.7698031542841677,0.4,0.7210545590454198,0.4,0.6465956975495927,0.4,0.5797911352420937,0.4
30-NOV-2011,119.25,0.98029050545454,0.4,0.9610217425250926,0.4,0.9421317297954741,0.4,0.9236130224850103,0.4,0.9054090766562262,0.4,0.8876121962874122,0.4,0.8701651345354289,0.4,0.8530610153038962,0.4,0.8362476138758195,0.4,0.819810183407575,0.4,0.8036958499693432,0.4,0.7878982627089633,0.4,0.7423039531488445,0.4,0.6721252919426842,0.4,0.6085483399751221,0.4
01-DEC-2011,117.25000000000001,0.9806181441458114,0.4,0.9616633689815597,0.4,0.9430749785346133,0.4,0.9248458908026845,0.4,0.9069206610598083,0.4,0.8893904151380613,0.4,0.872199018616567,0.4,0.855339921734611,0.4,0.8387618466652179,0.4,0.8225490707597297,0.4,0.8066496783296662,0.4,0.7910576118557449,0.4,0.746026640320499,0.4,0.6766231558122612,0.4,0.6136435197576295,0.4
02-DEC-2011,116.75000000000001,0.9806998520805249,0.4,0.9618234138365035,0.4,0.9433103078801585,0.4,0.9251535408184799,0.4,0.9072979406324572,0.4,0.8898343369529593,0.4,0.8727068714258991,0.4,0.8559090740889709,0.4,0.8393899023534327,0.4,0.8232333875738946,0.4,0.8073878521962884,0.4,0.791847310512078,0.4,0.7469577302732238,0.4,0.6777492983602346,0.4,0.6149205426673335,0.4
05-DEC-2011,114.75000000000001,0.9810273142020505,0.4,0.9624649614601394,0.4,0.9442538333317809,0.4,0.9263872841761513,0.4,0.9088112293062615,0.4,0.8916153017617627,0.4,0.8747447442331489,0.4,0.8581934002832655,0.4,0.8419111665458171,0.4,0.8259810779289791,0.4,0.810352407957509,0.4,0.7950194533863111,0.4,0.7507001664333613,0.4,0.6822804479929414,0.4,0.6200641326720918,0.4
06-DEC-2011,113.19000000000001,0.9812827444323927,0.4,0.9629655360448109,0.4,0.9449902475829771,0.4,0.9273504965658302,0.4,0.90999304032086,0.4,0.8930065680269362,0.4,0.8763371753459407,0.4,0.859978943480892,0.4,0.8438824978129992,0.4,0.8281300842963273,0.4,0.8126717147161551,0.4,0.7975019002731633,0.4,0.7536315181870312,0.4,0.6858348416209185,0.4,0.6241049326845952,0.4
07-DEC-2011,111.47000000000001,0.9815641036256604,0.4,0.9635170748463712,0.4,0.9458018585758702,0.4,0.9284123541123558,0.4,0.9112962401592837,0.4,0.8945411556855704,0.4,0.8780941300442651,0.4,0.8619494992684462,0.4,0.8460586876200192,0.4,0.8305030602004276,0.4,0.8152334384066371,0.4,0.8002445637417844,0.4,0.7568727957022161,0.4,0.6897704010095274,0.4,0.6285851730131436,0.4
08-DEC-2011,116.70000000000002,0.9807071749574323,0.4,0.961837758120589,0.4,0.9433314006156793,0.4,0.9251811169550411,0.4,0.9073317595329402,0.4,0.8898741313875392,0.4,0.8727523988803775,0.4,0.8559600991701775,0.4,0.8394462107334684,0.4,0.8232947428265205,0.4,0.8074540392213392,0.4,0.7919181206192125,0.4,0.7470412298966582,0.4,0.6778503130598817,0.4,0.6150351172485768,0.4
09-DEC-2011,112.50000000000001,0.9813952667795095,0.4,0.9631860908314941,0.4,0.9453147747651488,0.4,0.9277750498014818,0.4,0.910514042511298,0.4,0.893620023389284,0.4,0.8770394622358125,0.4,0.8607665430341421,0.4,0.8447522111358681,0.4,0.8290783617035944,0.4,0.8136953307536958,0.4,0.7985977223309506,0.4,0.7549262260132433,0.4,0.6874062007257521,0.4,0.6258929986701373,0.4
12-DEC-2011,117.25000000000001,0.9806175420876364,0.4,0.9616621897536068,0.4,0.9430732446748894,0.4,0.9248436241935424,0.4,0.9069178815720932,0.4,0.8893871448216238,0.4,0.8721952774850881,0.4,0.8553357292114462,0.4,0.8387572204390645,0.4,0.8225440303279774,0.4,0.8066442414338012,0.4,0.7910517957061403,0.4,0.7460197836824874,0.4,0.6766148645243354,0.4,0.6136341195745991,0.4
13-DEC-2011,116.25,0.9807814039315152,0.4,0.9619831662238558,0.4,0.9435452266820232,0.4,0.9254606796178187,0.4,0.9076746246389784,0.4,0.8902775947944307,0.4,0.8732140067352941,0.4,0.856477469518675,0.4,0.8400171749902375,0.4,0.8239169079269708,0.4,0.8081252281250437,0.4,0.7926362210181025,0.4,0.7478881228369079,0.4,0.6788750648264296,0.4,0.6161976696430916,0.4
14-DEC-2011,122.55,0.9797506103794228,0.4,0.9599649133573128,0.4,0.9405787810841332,0.4,0.9215841444992687,0.4,0.9029226280891568,0.4,0.8846884434257137,0.4,0.8668224912995859,0.4,0.8493173353924491,0.4,0.832119177756577,0.4,0.8153148422828762,0.4,0.7988498640770537,0.4,0.7827173899460488,0.4,0.7362073685688088,0.4,0.6647754479943107,0.4,0.6002407945921696,0.4
15-DEC-2011,121.00000000000001,0.9800041068870589,0.4,0.9604610532129014,0.4,0.9413077233615595,0.4,0.9225363455354114,0.4,0.9040894073772819,0.4,0.8860602300601224,0.4,0.8683905871342311,0.4,0.8510733088338319,0.4,0.8340553379191135,0.4,0.8174227665639312,0.4,0.8011218787521639,0.4,0.7851460601142939,0.4,0.7390640503524842,0.4,0.6682168552993188,0.4,0.6041277807070722,0.4
16-DEC-2011,122.95,0.9796850807119881,0.4,0.9598366804205761,0.4,0.9403904083251369,0.4,0.921338117316401,0.4,0.9026212078261494,0.4,0.8843341200699176,0.4,0.8664175283486831,0.4,0.8488639264201303,0.4,0.8316193242684005,0.4,0.8147707332638741,0.4,0.7982634943787053,0.4,0.7820906918257308,0.4,0.7354705850332878,0.4,0.6638885754798259,0.4,0.5992399078615822,0.4
19-DEC-2011,125.15000000000002,0.9793257047328493,0.4,0.9591335810005085,0.4,0.9393577864412425,0.4,0.9199897370159151,0.4,0.9009695975500998,0.4,0.8823930509477909,0.4,0.8641995229119308,0.4,0.8463811162146126,0.4,0.8288827831094512,0.4,0.8117925508861291,0.4,0.7950546918130266,0.4,0.7786619405215183,0.4,0.7314421568343358,0.4,0.659044762372439,0.4,0.5937792943221974,0.4
20-DEC-2011,119.60000000000001,0.9802334920317385,0.4,0.960910112961109,0.4,0.9419676563765427,0.4,0.9233986131389881,0.4,0.9051462470944946,0.4,0.8873030656595164,0.4,0.8698116275198824,0.4,0.8526649987470066,0.4,0.8358107892550162,0.4,0.81933442026397,0.4,0.8031828505440255,0.4,0.7873496773151429,0.4,0.7416579302893723,0.4,0.6713455116213725,0.4,0.6076658703478187,0.4
23-DEC-2011,112.0,0.9814786396832867,0.4,0.9633495261294861,0.4,0.9455552795253653,0.4,0.9280897144678898,0.4,0.9109002304599945,0.4,0.8940747866382918,0.4,0.877560129388302,0.4,0.8613505181010892,0.4,0.8453971347963513,0.4,0.8297816134440716,0.4,0.8144545299123936,0.4,0.7994105564012088,0.4,0.7558868721134727,0.4,0.6885726969316611,0.4,0.6272210283235101,0.4
28-DEC-2011,112.0,0.981478679702858,0.4,0.9633496045828857,0.4,0.9455553949791008,0.4,0.9280898655283124,0.4,0.910900415864331,0.4,0.8940750049740832,0.4,0.8775603793757238,0.4,0.8613507984963609,0.4,0.8453974444692107,0.4,0.8297819511386221,0.4,0.8144548944877904,0.4,0.7994109467491921,0.4,0.7558873335040492,0.4,0.6885732573091484,0.4,0.6272216664359603,0.4
30-DEC-2011,112.0,0.9814782335051424,0.4,0.9633487298678556,0.4,0.9455541077296322,0.4,0.9280881812830362,0.4,0.9108983487026747,0.4,0.894072570644381,0.4,0.8775575921474984,0.4,0.8613476722372538,0.4,0.8453939917811862,0.4,0.8297781860243925,0.4,0.8144508296672923,0.4,0.7994065945790496,0.4,0.7558821892503772,0.4,0.6885670094117745,0.4,0.6272145518443245,0.4
03-JAN-2012,109.6,0.9818720474977083,0.4,0.9641209074227012,0.4,0.9466906879551861,0.4,0.9295755872122488,0.4,0.9127242851199753,0.4,0.8962232586610636,0.4,0.8800205521643099,0.4,0.8641107723409971,0.4,0.848446213303281,0.4,0.8331072619431332,0.4,0.8180456215369858,0.4,0.8032562786153122,0.4,0.7604352390066526,0.4,0.6941024033020327,0.4,0.6335241198539044,0.4
04-JAN-2012,111.0,0.9816425350034083,0.4,0.9636708492978738,0.4,0.9460281850798785,0.4,0.9287085186997194,0.4,0.9116597845756527,0.4,0.8949693269655289,0.4,0.878584434413718,0.4,0.8624995127054271,0.4,0.8466662080913597,0.4,0.8311656379278413,0.4,0.8159488486369948,0.4,0.8010106448238871,0.4,0.757778646552405,0.4,0.6908712908324626,0.4,0.6298395721698259,0.4
05-JAN-2012,112.0,0.9814787236530473,0.4,0.9633496907417777,0.4,0.9455555217724126,0.4,0.928090031425518,0.4,0.910900619478634,0.4,0.8940752447542996,0.4,0.8775606539163305,0.4,0.8613511064314191,0.4,0.8453977845574493,0.4,0.8297823220007956,0.4,0.8144552948710054,0.4,0.7994113754363404,0.4,0.755887840211511,0.4,0.6885738727259544,0.4,0.6272223672228739,0.4
06-JAN-2012,111.80000000000001,0.9815112031230089,0.4,0.9634133637639848,0.4,0.9456492259342176,0.4,0.9282126365947497,0.4,0.911051101698093,0.4,0.894252458509985,0.4,0.8777635612981843,0.4,0.8615786987341769,0.4,0.8456491451797384,0.4,0.8300564322948902,0.4,0.814751229539385,0.4,0.799728235585924,0.4,0.7562623869395667,0.4,0.6890288125570997,0.4,0.6277404587818745,0.4
09-JAN-2012,111.0,0.9816422481818905,0.4,0.9636702869263634,0.4,0.9460273573440026,0.4,0.9287074355045088,0.4,0.9116584548918841,0.4,0.8949677608432771,0.4,0.8785826409560562,0.4,0.8624975007613614,0.4,0.8466639856986446,0.4,0.8311632140319725,0.4,0.8159462313610776,0.4,0.8010078420611322,0.4,0.7577753320369149,0.4,0.6908672618679778,0.4,0.6298349804899473,0.4
10-JAN-2012,109.2,0.9819372837793797,0.4,0.9642488504088894,0.4,0.9468790531471107,0.4,0.9298221521431678,0.4,0.9130270384733593,0.4,0.896579941288769,0.4,0.8804291190165314,0.4,0.8645692346161522,0.4,0.8489527658782018,0.4,0.8336598905775181,0.4,0.8186424982534645,0.4,0.8038956264075618,0.4,0.7611919295618957,0.4,0.695023426434458,0.4,0.6345751807070599,0.4
12-JAN-2012,105.0,0.9826256154412724,0.4,0.9655993398531217,0.4,0.9488680841136786,0.4,0.9324267363174836,0.4,0.9162263956278643,0.4,0.900350641049563,0.4,0.8847499708659409,0.4,0.8694196185996742,0.4,0.8543139878032212,0.4,0.8395110097751983,0.4,0.8249645277915181,0.4,0.8106700974612857,0.4,0.7692189822263392,0.4,0.7048124869449517,0.4,0.6457678045070844,0.4
17-JAN-2012,103.0,0.9829536790088368,0.4,0.9662433244315692,0.4,0.9498170482967158,0.4,0.9336700212297068,0.4,0.917754382347999,0.4,0.9021524252350857,0.4,0.886815703647532,0.4,0.8717397085430811,0.4,0.8568797536505127,0.4,0.842312674021674,0.4,0.8279932368514287,0.4,0.8139172321821969,0.4,0.773072463029127,0.4,0.7095239707606997,0.4,0.6511687335465857,0.4
18-JAN-2012,102.00000000000001,0.9831179105337634,0.4,0.9665657893332159,0.4,0.950292345505242,0.4,0.9342928871389353,0.4,0.9185200710305873,0.4,0.9030555419258542,0.4,0.8878513791081233,0.4,0.8729031989584074,0.4,0.8581667690582274,0.4,0.8437183695127223,0.4,0.8295132283372139,0.4,0.815547249947663,0.4,0.7750083090231146,0.4,0.7118938033810469,0.4,0.6538887468477942,0.4
19-JAN-2012,97.45,0.9838652327027729,0.4,0.9680338180527994,0.4,0.9524571473265754,0.4,0.9371311214294765,0.4,0.9220107288582224,0.4,0.9071746174934777,0.4,0.8925772345876737,0.4,0.8782147387516682,0.4,0.864044948304915,0.4,0.8501415666240192,0.4,0.8364619048115676,0.4,0.8230023629822456,0.4,0.7838744828891003,0.4,0.7227728051984584,0.4,0.6664042809199326,0.4
20-JAN-2012,96.2,0.984070683252778,0.4,0.9684375970580452,0.4,0.9530528602838684,0.4,0.9379125276161923,0.4,0.9229722218826064,0.4,0.9083097544952627,0.4,0.8938802171406848,0.4,0.8796799094593947,0.4,0.8656672095454484,0.4,0.851915097697095,0.4,0.8383814538445304,0.4,0.8250628073742441,0.4,0.7863284684818616,0.4,0.725791175689289,0.4,0.6698850940487322,0.4
23-JAN-2012,94.55,0.9843418766318024,0.4,0.9689707114367343,0.4,0.9538395773985877,0.4,0.9389447262682504,0.4,0.9242426139084235,0.4,0.9098099394119163,0.4,0.8956026409043406,0.4,0.8816171989869597,0.4,0.867812728121697,0.4,0.8542612445172553,0.4,0.8409213765090482,0.4,0.8277898195761925,0.4,0.7895786916794086,0.4,0.7297937420846835,0.4,0.6745064757983579,0.4
24-JAN-2012,91.80000000000001,0.9847938070537177,0.4,0.9698594457941084,0.4,0.9551515635645612,0.4,0.9406667258190538,0.4,0.9263627660881015,0.4,0.912314509379826,0.4,0.8984792939592255,0.4,0.8848538890631388,0.4,0.8713986300967763,0.4,0.8581839024555373,0.4,0.8451695756648399,0.4,0.8323526106532789,0.4,0.7950228975025239,0.4,0.7365104446084104,0.4,0.6822758527202246,0.4
26-JAN-2012,88.20000000000002,0.9853849360410166,0.4,0.9710225322742962,0.4,0.9568694666397246,0.4,0.9429226879451555,0.4,0.9291418125524606,0.4,0.9155991761873911,0.4,0.9022539294965766,0.4,0.8891031954417172,0.4,0.8761088953742001,0.4,0.8633392362909849,0.4,0.8507557004099908,0.4,0.838355574906531,0.4,0.8021968518152521,0.4,0.7453846205657747,0.4,0.6925680174012121,0.4
27-JAN-2012,88.0,0.9854177878474147,0.4,0.9710871908531504,0.4,0.9569649988752605,0.4,0.9430481811502069,0.4,0.929296452502565,0.4,0.9157820090723274,0.4,0.9024641016137243,0.4,0.8893398719707135,0.4,0.8763713292818835,0.4,0.8636265579857406,0.4,0.8510671295801782,0.4,0.8386903486863393,0.4,0.8025973085873145,0.4,0.7458807673237821,0.4,0.6931443510638817,0.4
30-JAN-2012,89.75,0.9851301090230233,0.4,0.9705210574363435,0.4,0.9561286517386761,0.4,0.9419496791655959,0.4,0.9279429901306053,0.4,0.9141819986756187,0.4,0.9006250767462798,0.4,0.887269198080169,0.4,0.8740756018374874,0.4,0.8611134403514622,0.4,0.8483435020896485,0.4,0.8357629364651308,0.4,0.7990968896155624,0.4,0.7415467104225439,0.4,0.6881130717910096,0.4
31-JAN-2012,88.5,0.9853354955217898,0.4,0.970925228017898,0.4,0.9567257068135943,0.4,0.942733849800737,0.4,0.9289091250385737,0.4,0.9153240780779714,0.4,0.9019377087877108,0.4,0.8887471115601185,0.4,0.8757140755626487,0.4,0.8629069919417564,0.4,0.8502872084858947,0.4,0.8378519859803556,0.4,0.8015945334922294,0.4,0.74463853245495,0.4,0.6917015276527351,0.4
01-FEB-2012,86.0,0.9857466720505462,0.4,0.9717346157597528,0.4,0.9579217361205914,0.4,0.9443052019041736,0.4,0.9308457101770582,0.4,0.9176140525322879,0.4,0.9045704784357516,0.4,0.891712314343282,0.4,0.8790024462903808,0.4,0.8665077231466091,0.4,0.8541906082758272,0.4,0.8420485770363708,0.4,0.8066166348125539,0.4,0.7508650854185696,0.4,0.6989395436836059,0.4
02-FEB-2012,86.30000000000001,0.9856972625509,0.4,0.9716373369502583,0.4,0.9577779612703743,0.4,0.9441162748794167,0.4,0.930612827678394,0.4,0.9173386230952345,0.4,0.904253760956188,0.4,0.8913555404921865,0.4,0.878606716222726,0.4,0.8660743236396861,0.4,0.8537206923396589,0.4,0.8415432724826122,0.4,0.8060115998391953,0.4,0.7501142584913021,0.4,0.6980659511764724,0.4
06-FEB-2012,81.005,0.986569444377334,0.4,0.9733552277026524,0.4,0.9603180036596811,0.4,0.9474554015901778,0.4,0.9347305491191255,0.4,0.9222106681529154,0.4,0.909858479811661,0.4,0.8976717380024051,0.4,0.8856155077942685,0.4,0.8737534789455667,0.4,0.8620503313801859,0.4,0.8505039370252215,0.4,0.8167542429087599,0.4,0.7634733473273186,0.4,0.7136418611850813,0.4
07-FEB-2012,80.82500000000002,0.9865994272167603,0.4,0.9734143102670338,0.4,0.9604054019225245,0.4,0.9475703472953183,0.4,0.9348723618891477,0.4,0.922378536041966,0.4,0.9100516802440264,0.4,0.8978895630733702,0.4,0.8858573286320942,0.4,0.874018549735033,0.4,0.8623379867055201,0.4,0.850813525114275,0.4,0.8171259055484952,0.4,0.7639365843217703,0.4,0.7141831989184213,0.4
08-FEB-2012,81.50000000000001,0.9864883083309764,0.4,0.97319535436999,0.4,0.9600815232871124,0.4,0.947144401397202,0.4,0.9343468782794812,0.4,0.9217565313573021,0.4,0.909335839666286,0.4,0.8970825170980642,0.4,0.8849614147253636,0.4,0.8730365381263732,0.4,0.8612723495297465,0.4,0.8496666836607413,0.4,0.8157492839353134,0.4,0.7622211272727424,0.4,0.712178930825954,0.4
09-FEB-2012,81.75,0.9864472481568244,0.4,0.9731144529490302,0.4,0.9599618634525755,0.4,0.9469870440117787,0.4,0.9341527636055846,0.4,0.9215267792833413,0.4,0.9090714474349932,0.4,0.8967844615261665,0.4,0.8846305642622865,0.4,0.8726739206912262,0.4,0.8608788828019733,0.4,0.8492432663363592,0.4,0.8152411484768032,0.4,0.7615881653061747,0.4,0.7114396893500698,0.4
13-FEB-2012,84.63,0.9859733964709896,0.4,0.9721810595137336,0.4,0.9585816573348634,0.4,0.9451724910568194,0.4,0.9319149312582383,0.4,0.9188787937788536,0.4,0.9060250129445674,0.4,0.8933510378505534,0.4,0.8808203570303937,0.4,0.8684989584952445,0.4,0.8563499184446038,0.4,0.8443708258334025,0.4,0.8093983856325903,0.4,0.7543195535889989,0.4,0.702961654929637,0.4
14-FEB-2012,87.00000000000001,0.9855833607735983,0.4,0.9714131024606623,0.4,0.9574465775188922,0.4,0.94368085676481,0.4,0.9300761503079701,0.4,0.91670394880264,0.4,0.9035240065795632,0.4,0.8905335594243659,0.4,0.8776950583791413,0.4,0.8650759678057598,0.4,0.852638308636576,0.4,0.8403794723354013,0.4,0.8046184496046626,0.4,0.7483861227660153,0.4,0.6960560840061234,0.4
15-FEB-2012,89.75,0.9851309260020423,0.4,0.9705226649650774,0.4,0.9561310261910946,0.4,0.9419527974425317,0.4,0.9279468315947754,0.4,0.9141865392452356,0.4,0.9006302948423001,0.4,0.8872750726098111,0.4,0.8740821138986326,0.4,0.8611205680263565,0.4,0.8483512256881967,0.4,0.835771236745837,0.4,0.7991068102507974,0.4,0.7415589847688542,0.4,0.6881273103568966,0.4
16-FEB-2012,89.88,0.9851099738728281,0.4,0.9704814389290322,0.4,0.9560701325589768,0.4,0.9418728289951169,0.4,0.9278483179629063,0.4,0.9140700983713393,0.4,0.9004964804710599,0.4,0.8871244259992649,0.4,0.8739151201180834,0.4,0.8609377894528583,0.4,0.8481531675614233,0.4,0.8355583927865968,0.4,0.7988524233522473,0.4,0.741244259589678,0.4,0.6877622394599426,0.4
21-FEB-2012,85.50500000000001,0.9858300240539122,0.4,0.9718987325441657,0.4,0.9581643115682781,0.4,0.9446239790434053,0.4,0.9312386799822626,0.4,0.9180788479631122,0.4,0.9051049845710121,0.4,0.8923144617837959,0.4,0.8796703873239733,0.4,0.8672392944385007,0.4,0.8549838719774894,0.4,0.842901637448184,0.4,0.8076382671653135,0.4,0.7521333209562566,0.4,0.7004156409779798,0.4
22-FEB-2012,86.88500000000002,0.9856028101652319,0.4,0.9714513899757079,0.4,0.9575031578162048,0.4,0.9437551962851478,0.4,0.9301677735666817,0.4,0.916812297228004,0.4,0.9036485806484812,0.4,0.890673870515218,0.4,0.8778506697205427,0.4,0.8652463695270521,0.4,0.8528230436027027,0.4,0.8405780934941418,0.4,0.8048561789117658,0.4,0.74868094400273,0.4,0.6963988867948209,0.4
23-FEB-2012,85.50500000000001,0.9858299232081209,0.4,0.9718985339744461,0.4,0.9581640180567573,0.4,0.9446235933130945,0.4,0.9312382044564272,0.4,0.9180782854986701,0.4,0.9051043377200869,0.4,0.8923137330437426,0.4,0.8796695789240645,0.4,0.8672384089904788,0.4,0.8549829118204172,0.4,0.8429006048704015,0.4,0.8076370303850952,0.4,0.7521317853167367,0.4,0.7004138532729649,0.4
24-FEB-2012,85.12500000000001,0.9858925950302291,0.4,0.9720219414051219,0.4,0.9583464358447812,0.4,0.9448633327852116,0.4,0.9315337631085233,0.4,0.9184278910963952,0.4,0.9055064073351289,0.4,0.8927667176419777,0.4,0.8801720960126692,0.4,0.8677888381042335,0.4,0.8555798018930334,0.4,0.843542536230913,0.4,0.8084059830803627,0.4,0.7530867012622612,0.4,0.7015256887738185,0.4
27-FEB-2012,84.62500000000001,0.9859746535087125,0.4,0.9721835350360007,0.4,0.958585317007587,0.4,0.9451773012680255,0.4,0.9319208621220413,0.4,0.918885809982536,0.4,0.9060330829643858,0.4,0.8933601308323078,0.4,0.8808304454558826,0.4,0.8685100100527771,0.4,0.8563619042158271,0.4,0.8443837175205308,0.4,0.8094138335354628,0.4,0.7543387483568118,0.4,0.7029840167007416,0.4
28-FEB-2012,83.385,0.9861786463317594,0.4,0.9725853059492091,0.4,0.9591793341569675,0.4,0.94595814829414,0.4,0.9328837261712128,0.4,0.9200249950738035,0.4,0.9073435068211312,0.4,0.8948368183240784,0.4,0.8824689621826581,0.4,0.8703051407243405,0.4,0.8583089835792287,0.4,0.8464781796872649,0.4,0.8119243767708327,0.4,0.7574598410921096,0.4,0.706621958983062,0.4
29-FEB-2012,83.755,0.9861177704269746,0.4,0.9724654000743636,0.4,0.9590020408336445,0.4,0.9457250759284265,0.4,0.9325963033114212,0.4,0.9196849143230952,0.4,0.9069522778829144,0.4,0.8943959192398281,0.4,0.8819797097597637,0.4,0.8697690854284376,0.4,0.8577275118642786,0.4,0.8458526486331612,0.4,0.8111744162837453,0.4,0.7565271572156996,0.4,0.7055344301740598,0.4
01-MAR-2012,82.505,0.9863607817887244,0.4,0.9729075918508636,0.4,0.9596378929062029,0.4,0.9465135691369583,0.4,0.933603864027566,0.4,0.9208702372032039,0.4,0.9083102870937203,0.4,0.8958879365603835,0.4,0.883668725500787,0.4,0.8716161749272019,0.4,0.8597280117208924,0.4,0.8479700883805135,0.4,0.8137442288609626,0.4,0.7596861727441442,0.4,0.709245946322246,0.4
02-MAR-2012,83.87500000000001,0.9861356237307622,0.4,0.9724634683908595,0.4,0.9589808689570007,0.4,0.9456490252395237,0.4,0.9325381913349651,0.4,0.9196091309648627,0.4,0.9068593239525391,0.4,0.8942520789364613,0.4,0.8818538316345382,0.4,0.8696274782982879,0.4,0.8575706357250921,0.4,0.8456486067646822,0.4,0.810960835747472,0.4,0.7562230246490392,0.4,0.7052068516520718,0.4
05-MAR-2012,85.245,0.9859111000480493,0.4,0.9720206971979545,0.4,0.9583259948439071,0.4,0.9447875071889457,0.4,0.9314764905243077,0.4,0.9183530114417164,0.4,0.9054144277429415,0.4,0.8926234337403021,0.4,0.8800473514875682,0.4,0.8676484523994806,0.4,0.8554242401601594,0.4,0.8433394688219371,0.4,0.808194135449915,0.4,0.7527845724685599,0.4,0.7012011316838556,0.4
06-MAR-2012,87.745,0.9855008039978431,0.4,0.9712118346803951,0.4,0.9571300439297497,0.4,0.9432146846902614,0.4,0.9295388301048246,0.4,0.9160612644155192,0.4,0.9027791125927748,0.4,0.8896539414153491,0.4,0.8767546745446765,0.4,0.864042436672646,0.4,0.8515145160291481,0.4,0.8391346618355268,0.4,0.8031609957456133,0.4,0.7465394592802125,0.4,0.6939374156064171,0.4
07-MAR-2012,87.25500000000001,0.9855813042877991,0.4,0.9713705073616392,0.4,0.9573646115921856,0.4,0.9435231182511172,0.4,0.9299187455116273,0.4,0.9165105300830236,0.4,0.9032956436327285,0.4,0.8902358746743116,0.4,0.8773998344852978,0.4,0.8647488732539188,0.4,0.852280322383002,0.4,0.8399581284517174,0.4,0.8041461873988774,0.4,0.7477608591720124,0.4,0.6953568401039345,0.4
08-MAR-2012,85.745,0.9858291719914659,0.4,0.9718591563493794,0.4,0.9580871073962333,0.4,0.944473288359442,0.4,0.9310893198314457,0.4,0.9178950132195314,0.4,0.9048876808573062,0.4,0.8920297924244976,0.4,0.8793889916575617,0.4,0.8669273215041842,0.4,0.8546422435352493,0.4,0.8424983113657557,0.4,0.807186770122628,0.4,0.7515335938055848,0.4,0.699744902686924,0.4
09-MAR-2012,85.755,0.9858276541667095,0.4,0.9718561637198373,0.4,0.9580826820673848,0.4,0.944467467783043,0.4,0.9310821482013295,0.4,0.9178865299978173,0.4,0.9048779246589692,0.4,0.8920187977005134,0.4,0.8793767988097057,0.4,0.8669139666992026,0.4,0.8546277621554318,0.4,0.8424827350790783,0.4,0.8071681184200294,0.4,0.7515104364286797,0.4,0.6997179515457338,0.4
12-MAR-2012,85.245,0.9859114318185498,0.4,0.9720213513905029,0.4,0.9583269623076125,0.4,0.9447887797883768,0.4,0.9314780586472591,0.4,0.9183548665084823,0.4,0.905416561356911,0.4,0.89262583841401,0.4,0.88005001842899,0.4,0.8676513737412667,0.4,0.855427408204584,0.4,0.8433428766827493,0.4,0.8081982171951425,0.4,0.752789642369422,0.4,0.7012070346440338,0.4
13-MAR-2012,81.875,0.986464947715403,0.4,0.9731130930711529,0.4,0.959941956477609,0.4,0.9469137376744319,0.4,0.9340972107260053,0.4,0.9214541561399326,0.4,0.9089822259587196,0.4,0.8966456265965627,0.4,0.8845094811598231,0.4,0.8725375990861032,0.4,0.8607277570621961,0.4,0.8490460616499841,0.4,0.8150349375598944,0.4,0.7612934379574938,0.4,0.7111220769401062,0.4
14-MAR-2012,80.0,0.9867732746428212,0.4,0.9737214955493166,0.4,0.9608423487533044,0.4,0.9480989641915722,0.4,0.9355587195807846,0.4,0.9231843413413757,0.4,0.9109736356044053,0.4,0.8988916459011321,0.4,0.8870022529749354,0.4,0.8752701177836371,0.4,0.8636931603223674,0.4,0.8522382383993209,0.4,0.818866590680982,0.4,0.7660698328146469,0.4,0.7167033118975368,0.4
15-MAR-2012,79.5,0.986855343452176,0.4,0.9738834689001122,0.4,0.9610821051838168,0.4,0.9484146288827532,0.4,0.9359480443211574,0.4,0.9236453287319483,0.4,0.9115043281137647,0.4,0.8994903082788105,0.4,0.8876668171083891,0.4,0.8759987416685993,0.4,0.8644840390730395,0.4,0.8530897669098813,0.4,0.8198893090925202,0.4,0.7673459774272676,0.4,0.7181959668907582,0.4
16-MAR-2012,77.87,0.9871231687904918,0.4,0.9744121503629817,0.4,0.9618648095742637,0.4,0.9494453251775342,0.4,0.9372194779825664,0.4,0.9251510609583216,0.4,0.9132380469030639,0.4,0.9014464255014738,0.4,0.8898386520358768,0.4,0.8783803499099144,0.4,0.8670695944063758,0.4,0.8558740945903727,0.4,0.8232351730127141,0.4,0.7715246432478017,0.4,0.7230879233953905,0.4
19-MAR-2012,74.25,0.9877184772956191,0.4,0.9755877903911764,0.4,0.9636060867933703,0.4,0.951739313805727,0.4,0.9400505058145701,0.4,0.9285052541841436,0.4,0.9171017958237442,0.4,0.905807721443396,0.4,0.8946830233466855,0.4,0.883694953482229,0.4,0.8728418338472902,0.4,0.8620928192464669,0.4,0.8307178880067524,0.4,0.7808903322743557,0.4,0.7340763518402158,0.4
20-MAR-2012,70.37,0.9883566021653438,0.4,0.9768487730438237,0.4,0.9654749341549786,0.4,0.9542029075071434,0.4,0.9430927434400521,0.4,0.9321119394332021,0.4,0.9212589892959484,0.4,0.9105031886950861,0.4,0.8999018378393862,0.4,0.8894239227292838,0.4,0.8790680061532863,0.4,0.8688047899473763,0.4,0.8388092473679732,0.4,0.7910495316006506,0.4,0.7460330729542257,0.4
21-MAR-2012,69.87,0.988438542655158,0.4,0.9770107526062526,0.4,0.9657150844645435,0.4,0.9545195994630636,0.4,0.9434839618290558,0.4,0.9325759122488266,0.4,0.9217939756185347,0.4,0.9111076657591275,0.4,0.9005739333448948,0.4,0.8901619862286513,0.4,0.8798704163948688,0.4,0.8696701241881293,0.4,0.8398535574366293,0.4,0.792363116829497,0.4,0.7475818926735129,0.4
22-MAR-2012,73.5,0.9878415100555797,0.4,0.9758308489888879,0.4,0.9639662194240015,0.4,0.952213931764886,0.4,0.9406364482505857,0.4,0.9291997294531757,0.4,0.9179020638862613,0.4,0.9067113718471429,0.4,0.8956871307500479,0.4,0.8847969277774768,0.4,0.8740391332282403,0.4,0.8633832003625015,0.4,0.8322722395676357,0.4,0.7828393660304604,0.4,0.7363672408136325,0.4
23-MAR-2012,74.62,0.9876572195977141,0.4,0.9754667834234872,0.4,0.963426811125967,0.4,0.9515030689202475,0.4,0.9397588754884638,0.4,0.9281596380572106,0.4,0.9167035674664052,0.4,0.9053580901646493,0.4,0.8941834540723141,0.4,0.883146744059342,0.4,0.8722462577344238,0.4,0.861451001263438,0.4,0.8299449910885054,0.4,0.7799216332742912,0.4,0.7329382770549739,0.4
26-MAR-2012,71.99,0.9880893344745181,0.4,0.976320532902296,0.4,0.9646919055892365,0.4,0.9531704919136132,0.4,0.9418175969956711,0.4,0.9305999226118425,0.4,0.9195158581955736,0.4,0.9085339866548394,0.4,0.8977127422212611,0.4,0.8870203860107004,0.4,0.8764553828786431,0.4,0.8659877869800295,0.4,0.8354114084387705,0.4,0.7867793364993682,0.4,0.7410026240676835,0.4
27-MAR-2012,72.49000000000001,0.9880067507647055,0.4,0.9761573395566308,0.4,0.964450041290466,0.4,0.9528516527800676,0.4,0.9414238654240139,0.4,0.9301331343699293,0.4,0.918977815867425,0.4,0.9079262722057065,0.4,0.8970372861358715,0.4,0.8862788943898918,0.4,0.8756495307174925,0.4,0.865119049073653,0.4,0.8343641026002533,0.4,0.7854643132395873,0.4,0.7394548499226308,0.4
28-MAR-2012,74.12,0.9877388099912549,0.4,0.9756279567629402,0.4,0.9636655970072261,0.4,0.9518177380901393,0.4,0.940147319949722,0.4,0.9286199950236059,0.4,0.9172340088187015,0.4,0.9059570065430289,0.4,0.8948488955460508,0.4,0.8838769832086449,0.4,0.8730395995731673,0.4,0.8623059487746992,0.4,0.830974576928853,0.4,0.7812121160761729,0.4,0.7344544772412651,0.4
29-MAR-2012,76.25,0.9873885474876697,0.4,0.9749361437098101,0.4,0.9626407828308593,0.4,0.9504674344171565,0.4,0.938480659503488,0.4,0.9266450552324194,0.4,0.91495871512257,0.4,0.9033883438875316,0.4,0.8919953046884014,0.4,0.8807459482621018,0.4,0.869638462560167,0.4,0.8586412014971462,0.4,0.8265630383800424,0.4,0.7756864530141073,0.4,0.7279667339926008,0.4
30-MAR-2012,74.74,0.987636784703505,0.4,0.9754264184994774,0.4,0.9633670116816794,0.4,0.9514242700111614,0.4,0.9396616069227027,0.4,0.9280443681704669,0.4,0.9165707558420757,0.4,0.9052081415662713,0.4,0.8940168584239473,0.4,0.882963935524556,0.4,0.8720476622906254,0.4,0.8612369952978497,0.4,0.829687310509798,0.4,0.779598739961686,0.4,0.7325590047473123,0.4
02-APR-2012,73.74,0.9878009154763566,0.4,0.9757506486159283,0.4,0.9638473839794628,0.4,0.9520573122551282,0.4,0.9404430846315752,0.4,0.9289705399524788,0.4,0.9176379498156239,0.4,0.9064131258184588,0.4,0.8953557154832597,0.4,0.8844331954313522,0.4,0.8736439201247692,0.4,0.8629572443594913,0.4,0.8317590824620217,0.4,0.7821957733075701,0.4,0.7356106058351516,0.4
03-APR-2012,74.12,0.9877388667210012,0.4,0.9756280688312878,0.4,0.9636657630486152,0.4,0.9518179569065582,0.4,0.9401475900795826,0.4,0.9286203151756873,0.4,0.9172343777257324,0.4,0.9059574230897748,0.4,0.8948493583801728,0.4,0.8838774911324468,0.4,0.8730401514113648,0.4,0.8623065434896398,0.4,0.8309752932137575,0.4,0.7812130140533248,0.4,0.7344555325010403,0.4
04-APR-2012,76.25,0.9873885265111507,0.4,0.9749361022858615,0.4,0.9626407214785614,0.4,0.9504673535932365,0.4,0.9384805597613787,0.4,0.9266449370621477,0.4,0.914958579004812,0.4,0.9033881902465304,0.4,0.8919951340350968,0.4,0.8807457610500307,0.4,0.8696382592341318,0.4,0.858640982451003,0.4,0.8265627748376942,0.4,0.7756861232079145,0.4,0.7279663471072974,0.4
05-APR-2012,80.62000000000002,0.9866705044940081,0.4,0.9735186844384605,0.4,0.9605421715092388,0.4,0.9477037862255775,0.4,0.9350713728660722,0.4,0.9226073432036722,0.4,0.9103094527686437,0.4,0.8981424664262951,0.4,0.8861706804563254,0.4,0.8743584723536411,0.4,0.8627037150257773,0.4,0.8511730160021785,0.4,0.8175875771208008,0.4,0.7644746319477052,0.4,0.7148383436166258,0.4
09-APR-2012,85.62,0.9858489477880675,0.4,0.97189814785484,0.4,0.9581447664198657,0.4,0.9445491273305365,0.4,0.9311827633129469,0.4,0.9180055474104538,0.4,0.9050148029782049,0.4,0.8921730539408781,0.4,0.8795478664724815,0.4,0.8671013386911356,0.4,0.8548309423742808,0.4,0.842701279527676,0.4,0.8074298206347671,0.4,0.7518353741160922,0.4,0.700096141225846,0.4
10-APR-2012,87.99,0.98545992449978,0.4,0.9711312627951122,0.4,0.9570109409134473,0.4,0.9430580855297326,0.4,0.9293459497650374,0.4,0.9158331894896301,0.4,0.9025169057688437,0.4,0.8893585526830045,0.4,0.8764272121802272,0.4,0.8636838943446794,0.4,0.8511258653125838,0.4,0.838716774042728,0.4,0.8026611290865223,0.4,0.7459199362735992,0.4,0.6932176716248641,0.4
11-APR-2012,85.37000000000002,0.985889679025646,0.4,0.9719784592092912,0.4,0.9582635311696899,0.4,0.9447053435310248,0.4,0.9313752479076145,0.4,0.9182332442120694,0.4,0.9052766784069147,0.4,0.8924681860960715,0.4,0.8798751735308563,0.4,0.8674598524149705,0.4,0.8552197154650294,0.4,0.8431194643363997,0.4,0.8079306350928959,0.4,0.752457298998598,0.4,0.7008201033947133,0.4
12-APR-2012,80.24,0.9867318273173595,0.4,0.9736396990410555,0.4,0.9607212793835048,0.4,0.9479395735683598,0.4,0.9353621476135463,0.4,0.9229516011182043,0.4,0.9107057198968486,0.4,0.8985894351369638,0.4,0.8866667953407703,0.4,0.8749023471882256,0.4,0.8632939917652848,0.4,0.8518084859567667,0.4,0.8183505384181111,0.4,0.7654261062407635,0.4,0.7159506065728349,0.4
13-APR-2012,85.37000000000002,0.9858893619860459,0.4,0.9719778340772527,0.4,0.9582626067030015,0.4,0.9447041275166611,0.4,0.9313737495429851,0.4,0.918231471707485,0.4,0.9052746397972004,0.4,0.8924658885470158,0.4,0.879872625453927,0.4,0.8674570613377592,0.4,0.8552166887525737,0.4,0.8431162085781903,0.4,0.8079267357856881,0.4,0.7524524562371258,0.4,0.7008144655184007,0.4
16-APR-2012,84.99,0.9859515459511626,0.4,0.9721004509634876,0.4,0.958443942447273,0.4,0.9449426583476888,0.4,0.9316676748331051,0.4,0.9185791843144251,0.4,0.9056745668533654,0.4,0.8929166275651969,0.4,0.8803725293534044,0.4,0.8680046563289244,0.4,0.8558105328003107,0.4,0.8437550117343103,0.4,0.8086918799062774,0.4,0.7534028795690335,0.4,0.7019211090206473,0.4
17-APR-2012,81.75,0.9864833869105514,0.4,0.9731494726505127,0.4,0.9599957877504947,0.4,0.9469845877404696,0.4,0.9341845634663106,0.4,0.9215575521678011,0.4,0.9091012152954896,0.4,0.8967798094179872,0.4,0.8846583837076547,0.4,0.8727007986187414,0.4,0.8609048395809591,0.4,0.8492366581156694,0.4,0.8152636145943496,0.4,0.7615782884157384,0.4,0.7114546809090766,0.4
18-APR-2012,82.74,0.9863206956670469,0.4,0.9728285147011274,0.4,0.959520897384756,0.4,0.9463596062872319,0.4,0.9334140652244153,0.4,0.9206456101575516,0.4,0.9080518186734092,0.4,0.8955965044121247,0.4,0.8833453672687422,0.4,0.8712618171587689,0.4,0.8593435616081725,0.4,0.8475563553076795,0.4,0.8132480346289778,0.4,0.7590685091058385,0.4,0.7085252228683168,0.4
19-APR-2012,83.24,0.9862385673720094,0.4,0.9726665117719936,0.4,0.9592812271007407,0.4,0.9460442264578773,0.4,0.9330253025723778,0.4,0.9201855377308175,0.4,0.9075224664480835,0.4,0.8949996784142834,0.4,0.882683200637712,0.4,0.870536215240277,0.4,0.8585563897640222,0.4,0.8467092784454897,0.4,0.8122323156247722,0.4,0.7578045319191032,0.4,0.7070508026845403,0.4
20-APR-2012,83.25000000000001,0.986236863621344,0.4,0.9726631511656655,0.4,0.9592762555656791,0.4,0.9460376847413432,0.4,0.9330172390669002,0.4,0.9201759955619853,0.4,0.9075114878427001,0.4,0.8949873009507611,0.4,0.8826694686706105,0.4,0.8705211683960211,0.4,0.8585400668348796,0.4,0.8466917140643617,0.4,0.8122112570861476,0.4,0.7577783319078367,0.4,0.7070202470613709,0.4
23-APR-2012,84.25,0.9860724235002225,0.4,0.9723388243876022,0.4,0.9587965010272402,0.4,0.9454064605630316,0.4,0.9322392397601561,0.4,0.9192554064323022,0.4,0.9064524064363823,0.4,0.8937933756743189,0.4,0.8813450000596206,0.4,0.8690700001485938,0.4,0.8569659612378626,0.4,0.8449980317709419,0.4,0.8101811562368838,0.4,0.7552536432547056,0.4,0.7040770822138549,0.4
24-APR-2012,82.87,0.986299009436716,0.4,0.9727857360158472,0.4,0.9594576078265968,0.4,0.9462763216055318,0.4,0.9333113986529552,0.4,0.9205241079874057,0.4,0.9079120158705948,0.4,0.8954388768312957,0.4,0.8831704772298324,0.4,0.8710701668555355,0.4,0.8591356427194896,0.4,0.8473326065905072,0.4,0.8129797157528029,0.4,0.758734557547938,0.4,0.7081356111113971,0.4
25-APR-2012,80.74,0.9866486533662048,0.4,0.9734755651893453,0.4,0.9604783554789726,0.4,0.9476197788846089,0.4,0.9349677787396801,0.4,0.922484699834297,0.4,0.9101682868424369,0.4,0.897983245333315,0.4,0.8859939597535296,0.4,0.8741647472814114,0.4,0.8624934707254133,0.4,0.8509466843848394,0.4,0.8173158720182351,0.4,0.7641358652495223,0.4,0.7144424125876694,0.4
26-APR-2012,79.12,0.9869146088140609,0.4,0.9740004450906109,0.4,0.9612552682513213,0.4,0.9486426327414432,0.4,0.9362292727963623,0.4,0.9239783465220945,0.4,0.9118877284105158,0.4,0.8999228446546167,0.4,0.888147002195148,0.4,0.8765252512408054,0.4,0.8650555754439658,0.4,0.8537051766173245,0.4,0.8206285985568279,0.4,0.7682687910378346,0.4,0.7192757315454923,0.4
27-APR-2012,77.62,0.9871610012281282,0.4,0.9744868423457207,0.4,0.9619754069736388,0.4,0.9495909868463581,0.4,0.9373991893324572,0.4,0.9253639222918643,0.4,0.9134831760300246,0.4,0.9017230422998403,0.4,0.8901458212671842,0.4,0.878717240161148,0.4,0.8674353905938965,0.4,0.8562680735996057,0.4,0.8237088285795143,0.4,0.77211665235046,0.4,0.723781523983412,0.4
30-APR-2012,77.99,0.9870998768860488,0.4,0.9743661669484528,0.4,0.961796723436749,0.4,0.949355655505572,0.4,0.9371088506706243,0.4,0.9250200311258,0.4,0.9130871588414062,0.4,0.9012761606404144,0.4,0.8896495872084837,0.4,0.8781729980052185,0.4,0.8668444582156036,0.4,0.8556316202763259,0.4,0.8229436888506468,0.4,0.7711603816451839,0.4,0.7226612189262384,0.4
01-MAY-2012,77.12,0.9872428243936995,0.4,0.974648394316849,0.4,0.9622146335961502,0.4,0.9499060780419936,0.4,0.9377879593949198,0.4,0.9258244337154445,0.4,0.9140135288339329,0.4,0.902321557101122,0.4,0.8908104825438325,0.4,0.8794462567860876,0.4,0.8682270064519638,0.4,0.8571207314386716,0.4,0.8247341105489256,0.4,0.7733985130153949,0.4,0.7252838133197723,0.4
02-MAY-2012,77.0,0.9872624490397257,0.4,0.9746871432839169,0.4,0.9622720161260139,0.4,0.9499816618599404,0.4,0.9378812220306733,0.4,0.9259349121703732,0.4,0.914140769040706,0.4,0.902465157870174,0.4,0.8909699619319307,0.4,0.879621186637749,0.4,0.8684169669472137,0.4,0.8573253504442013,0.4,0.824980193447883,0.4,0.7737062577347285,0.4,0.7256445704970261,0.4
03-MAY-2012,79.24000000000001,0.9868942833451864,0.4,0.9739603264994091,0.4,0.961195878427278,0.4,0.9485644325968224,0.4,0.9361328159143745,0.4,0.9238641244777279,0.4,0.9117562230347754,0.4,0.8997744827877318,0.4,0.8879822933630843,0.4,0.8763446490317761,0.4,0.8648595243696037,0.4,0.8534940717306442,0.4,0.8203749840096108,0.4,0.7679521869538356,0.4,0.7189052432606963,0.4
04-MAY-2012,81.87000000000002,0.9864620913441342,0.4,0.9731074576590429,0.4,0.959933617784913,0.4,0.9469027628172146,0.4,0.9340836797082082,0.4,0.9214381401753835,0.4,0.9089637948016583,0.4,0.8966248422308741,0.4,0.8844864170181725,0.4,0.8725123206972265,0.4,0.86070032859851,0.4,0.8490165403189639,0.4,0.8149995191076136,0.4,0.7612493215148936,0.4,0.7110705674160087,0.4
07-MAY-2012,83.25000000000001,0.9862352258156535,0.4,0.972659920639653,0.4,0.9592714764738839,0.4,0.946031396258949,0.4,0.9330094877181426,0.4,0.9201668228078496,0.4,0.9075009342799719,0.4,0.8949754027076567,0.4,0.8826562683888413,0.4,0.8705067041720709,0.4,0.8585243759631827,0.4,0.8466748298409397,0.4,0.8121910141147926,0.4,0.7577531467993317,0.4,0.706990875312055,0.4
08-MAY-2012,84.37,0.9860512976684478,0.4,0.9722971616336299,0.4,0.9587348779481892,0.4,0.9453253892976697,0.4,0.9321393268358978,0.4,0.9191371928343304,0.4,0.9063164217296259,0.4,0.8936400916507907,0.4,0.8811749720208129,0.4,0.8688837246340807,0.4,0.8567639241984295,0.4,0.844780667531789,0.4,0.8099206901790795,0.4,0.754929873157924,0.4,0.7036998237737371,0.4
09-MAY-2012,86.62000000000002,0.9856820124288946,0.4,0.9715690296258755,0.4,0.9576581163352212,0.4,0.9439090838926605,0.4,0.9303942053612319,0.4,0.9170728326926413,0.4,0.9039421952723495,0.4,0.8909643586550815,0.4,0.8782075420415602,0.4,0.8656333773697581,0.4,0.8532392494314438,0.4,0.8409893515591298,0.4,0.8053802782720954,0.4,0.749291538247633,0.4,0.6971365053118015,0.4
10-MAY-2012,85.99000000000001,0.9857853217607458,0.4,0.9717727005989372,0.4,0.9579592643382322,0.4,0.9443051416992705,0.4,0.930882147950342,0.4,0.9176499577385621,0.4,0.9046058588530432,0.4,0.8917122006396793,0.4,0.8790367986255689,0.4,0.8665415733726425,0.4,0.8542239637262132,0.4,0.8420484159800207,0.4,0.8066480811093943,0.4,0.7508648460587003,0.4,0.6989666807195258,0.4
11-MAY-2012,91.87,0.9848207723103389,0.4,0.9698719535739325,0.4,0.9551500463608175,0.4,0.940612188411559,0.4,0.9263344218359896,0.4,0.9122733807301706,0.4,0.8984257753688505,0.4,0.8847512889883822,0.4,0.8713214477241064,0.4,0.8580954610782171,0.4,0.8450702346950462,0.4,0.8322078461353097,0.4,0.7948833628179771,0.4,0.7362969645744605,0.4,0.6820572229786769,0.4
14-MAY-2012,97.75,0.9838569404946506,0.4,0.9679744793594943,0.4,0.9523484097395343,0.4,0.936932815393499,0.4,0.9218078532020871,0.4,0.9069270541753474,0.4,0.8922864767727834,0.4,0.8778431005611884,0.4,0.8636720271524687,0.4,0.8497297182250406,0.4,0.8360124808202699,0.4,0.8224800076825528,0.4,0.7832875273590391,0.4,0.7220084000936422,0.4,0.6655530132841939,0.4
15-MAY-2012,100.0,0.9834885452283256,0.4,0.9672497185953284,0.4,0.9512790186138268,0.4,0.9355293434573262,0.4,0.9200823930152563,0.4,0.904890494196771,0.4,0.8899494357285229,0.4,0.8752151524696957,0.4,0.8607640770642082,0.4,0.8465516099366805,0.4,0.8325738113173229,0.4,0.8187894569738781,0.4,0.7788972310814589,0.4,0.716616939425972,0.4,0.6593466285023173,0.4
16-MAY-2012,101.75,0.9832018476489554,0.4,0.9666858732203197,0.4,0.9504473366463622,0.4,0.9344382061496938,0.4,0.9187413708001544,0.4,0.9033082132822459,0.4,0.8881343042955807,0.4,0.8731747611122576,0.4,0.8585070384460068,0.4,0.8440857064197468,0.4,0.8299066261259688,0.4,0.8159278574289254,0.4,0.7754964589888949,0.4,0.712447611995338,0.4,0.6545550956678934,0.4
17-MAY-2012,102.63,0.9830576811639005,0.4,0.966402404495345,0.4,0.9500293068344117,0.4,0.9338898863184241,0.4,0.9180676261066086,0.4,0.9025134316720095,0.4,0.88722276135876,0.4,0.8721503197678391,0.4,0.8573740709773262,0.4,0.8428481661050238,0.4,0.8285683637444508,0.4,0.8144923629805645,0.4,0.7737916150243478,0.4,0.7103597748219622,0.4,0.6521583121524239,0.4
18-MAY-2012,102.75000000000001,0.9830380399591416,0.4,0.9663637880067109,0.4,0.9499723640496085,0.4,0.9338152020522015,0.4,0.9179758659094459,0.4,0.9024051959534175,0.4,0.8870986350789927,0.4,0.8720108315837938,0.4,0.8572198187032738,0.4,0.842679690392197,0.4,0.8283861911565217,0.4,0.8142969708871286,0.4,0.7735596184720809,0.4,0.7100757787394494,0.4,0.6518324278496702,0.4
21-MAY-2012,96.37000000000002,0.9840823052741176,0.4,0.9684179835536214,0.4,0.9530030017243601,0.4,0.9377921637420292,0.4,0.9228646743632588,0.4,0.9081747962034435,0.4,0.8937187470397365,0.4,0.879454142375957,0.4,0.8654552598122037,0.4,0.8516792071876037,0.4,0.8381224375632098,0.4,0.8247452030906394,0.4,0.7859846542031463,0.4,0.7253255852627627,0.4,0.6693773600508596,0.4
22-MAY-2012,96.12,0.9841232843416597,0.4,0.9684986387834152,0.4,0.9531220612799614,0.4,0.9379484863356561,0.4,0.9230569449159342,0.4,0.9084018322650477,0.4,0.8939793946706601,0.4,0.8797473630193483,0.4,0.8657798642855156,0.4,0.8520341235575379,0.4,0.8385066200466118,0.4,0.8251577075017827,0.4,0.7864760150551465,0.4,0.7259303172497841,0.4,0.6700750208624405,0.4
23-MAY-2012,95.63000000000001,0.9842033610234953,0.4,0.9686562558499445,0.4,0.9533547426839502,0.4,0.9382540107742667,0.4,0.923432750897808,0.4,0.9088456171127947,0.4,0.8944889110138852,0.4,0.8803205887339978,0.4,0.8664144822101827,0.4,0.8527280454306931,0.4,0.8392578083518839,0.4,0.8259643231468372,0.4,0.787437004759776,0.4,0.7271133992259017,0.4,0.6714403264618306,0.4
24-MAY-2012,94.63,0.9843672464299936,0.4,0.9689788758441678,0.4,0.953831067863554,0.4,0.9388795316279499,0.4,0.9242022592780872,0.4,0.9097544331099496,0.4,0.8955324662479209,0.4,0.8814947749099187,0.4,0.8677145843205036,0.4,0.8541498160547206,0.4,0.840797102468471,0.4,0.8276174013999096,0.4,0.7894071897597355,0.4,0.7295404149585452,0.4,0.6742428997393606,0.4
25-MAY-2012,94.25000000000001,0.9844293586754529,0.4,0.9691011622221635,0.4,0.9540116356180004,0.4,0.9391166845282963,0.4,0.9244940354716084,0.4,0.9100990704385967,0.4,0.8959282442429936,0.4,0.8819401471594196,0.4,0.8682077734582819,0.4,0.8546892216225794,0.4,0.8413811623087378,0.4,0.8282447069527519,0.4,0.7901550875719462,0.4,0.7304622587339203,0.4,0.675308001336628,0.4
29-MAY-2012,94.38,0.9844075764085708,0.4,0.9690582764905961,0.4,0.9539483093587744,0.4,0.9390335117903883,0.4,0.9243917035080053,0.4,0.9099781965025056,0.4,0.8957894310036737,0.4,0.8817839362653893,0.4,0.8680347876150215,0.4,0.8545000215144318,0.4,0.8411762952200934,0.4,0.8280246663116404,0.4,0.7898927305353527,0.4,0.7301388495851138,0.4,0.6749342949653585,0.4
30-MAY-2012,99.25,0.9836092669679384,0.4,0.967487190065205,0.4,0.9516293658209067,0.4,0.9359890820691713,0.4,0.9206475349040512,0.4,0.9055574469428131,0.4,0.8907146965847781,0.4,0.87607556175269,0.4,0.8617160411040882,0.4,0.847591883524906,0.4,0.8336992312419069,0.4,0.8199971608681339,0.4,0.7803333781718863,0.4,0.7183794733431613,0.4,0.6613742912590519,0.4
31-MAY-2012,100.75,0.9833633731336713,0.4,0.9670035236208321,0.4,0.9509158468199271,0.4,0.935052835682192,0.4,0.9194967105546448,0.4,0.9041993868763305,0.4,0.8891565590641058,0.4,0.8743238055173084,0.4,0.8597780066045684,0.4,0.8454742007208123,0.4,0.8314083619183126,0.4,0.8175389536534045,0.4,0.7774107464216043,0.4,0.714793769116883,0.4,0.6572505194279301,0.4
01-JUN-2012,104.37,0.9827706510827882,0.4,0.9658381526296873,0.4,0.9491973901004751,0.4,0.9327989207297814,0.4,0.9167274026549295,0.4,0.9009327863726183,0.4,0.8854103010452485,0.4,0.8701138265146451,0.4,0.855122331799934,0.4,0.8403891307784531,0.4,0.8259097732180387,0.4,0.8116412382849213,0.4,0.7704077450779652,0.4,0.7062202636011777,0.4,0.6474114679533872,0.4
04-JUN-2012,105.25000000000001,0.9826264704866067,0.4,0.9655547805009661,0.4,0.9487796860251346,0.4,0.9322512691250605,0.4,0.9160547741870179,0.4,0.9001396695317948,0.4,0.8845010664170081,0.4,0.8690924287852859,0.4,0.8539932258239181,0.4,0.8391563493108283,0.4,0.8245772417097252,0.4,0.810212519722064,0.4,0.7687131800755331,0.4,0.7041495665974951,0.4,0.6450395722233548,0.4
05-JUN-2012,103.5,0.9829126238587823,0.4,0.9661172261409561,0.4,0.9496088177013756,0.4,0.9333384220047245,0.4,0.9173901173208792,0.4,0.9017143273179814,0.4,0.886306395435174,0.4,0.8711206099902691,0.4,0.8562354444629984,0.4,0.8416046273580164,0.4,0.8272238125281606,0.4,0.8130503355041108,0.4,0.7720797678297654,0.4,0.708264904217134,0.4,0.6497552235740177,0.4
06-JUN-2012,96.49,0.9840605494687246,0.4,0.9683751650206881,0.4,0.9529397969821253,0.4,0.9377091799496416,0.4,0.9227626108631115,0.4,0.9080542818751485,0.4,0.8935803955694867,0.4,0.8792985061618295,0.4,0.8652829711206387,0.4,0.8514908360069062,0.4,0.8379185399485398,0.4,0.8245262811439541,0.4,0.7857239069597464,0.4,0.7250047273010475,0.4,0.6690072550524129,0.4
07-JUN-2012,96.38000000000001,0.9840783317831112,0.4,0.9684101630850311,0.4,0.9529914577705282,0.4,0.9377770071301496,0.4,0.9228460327611964,0.4,0.9081527844123006,0.4,0.8936934770886443,0.4,0.8794257151019806,0.4,0.8654237906447267,0.4,0.8516448001830792,0.4,0.8380851942359258,0.4,0.824705215101627,0.4,0.7859370251706566,0.4,0.7252669735390811,0.4,0.6693097492232606,0.4
08-JUN-2012,95.38,0.9842420289266471,0.4,0.968732371505643,0.4,0.9534671148176366,0.4,0.9384015709544664,0.4,0.9236142661441771,0.4,0.9090599792553412,0.4,0.8947350383982927,0.4,0.8805975083698104,0.4,0.8667210783056525,0.4,0.8530633126250468,0.4,0.8396207656209628,0.4,0.8263540852328191,0.4,0.7879014454647033,0.4,0.7276853484872344,0.4,0.6721005691269069,0.4
11-JUN-2012,99.62,0.9835469254303324,0.4,0.9673645545234599,0.4,0.9514484333718322,0.4,0.9357516487270547,0.4,0.9203556570718592,0.4,0.9052129768154406,0.4,0.8903194402064654,0.4,0.8756311480954013,0.4,0.861224323520264,0.4,0.8470545355041736,0.4,0.8331178840669484,0.4,0.8193732905070357,0.4,0.7795914335996422,0.4,0.7174687750853824,0.4,0.6603264459222491,0.4
12-JUN-2012,98.38,0.9837501517839363,0.4,0.9677643611349177,0.4,0.9520383371575595,0.4,0.9365258210083157,0.4,0.9213074185665062,0.4,0.906336312854467,0.4,0.8916084853378751,0.4,0.8770806134152999,0.4,0.8628281865740492,0.4,0.8488073595056794,0.4,0.8350143687490343,0.4,0.8214086415692409,0.4,0.78201251724643,0.4,0.720441595212178,0.4,0.6637481863128675,0.4
13-JUN-2012,99.63,0.983545166369815,0.4,0.9673610942894272,0.4,0.9514433284225811,0.4,0.935744949842676,0.4,0.920347422372729,0.4,0.9052032586556162,0.4,0.8903082896329368,0.4,0.8756186111560722,0.4,0.8612104525860055,0.4,0.8470393778681266,0.4,0.8331014858270911,0.4,0.8193556933775524,0.4,0.7795705080691303,0.4,0.7174430942780731,0.4,0.6602969025179394,0.4
14-JUN-2012,95.0,0.9843037208582085,0.4,0.9688538148953141,0.4,0.9536464149691277,0.4,0.9386370289316608,0.4,0.9239039201127276,0.4,0.9094020662824428,0.4,0.8951278375979517,0.4,0.8810394720816553,0.4,0.8672104305929251,0.4,0.8535984535996654,0.4,0.8402001339969635,0.4,0.8269762724462438,0.4,0.788642957482893,0.4,0.7285987385000938,0.4,0.6731552306894248,0.4
15-JUN-2012,92.37,0.9847343951855148,0.4,0.9697018290613816,0.4,0.954898744151047,0.4,0.9402820072374999,0.4,0.9259280337008412,0.4,0.9117931822517108,0.4,0.8978741078589143,0.4,0.8841302531345817,0.4,0.8706334700856985,0.4,0.8573427235931063,0.4,0.8442548683841594,0.4,0.8313317690767833,0.4,0.7938376622642886,0.4,0.7350055674326761,0.4,0.6805622598121089,0.4
18-JUN-2012,92.50000000000001,0.9847127668747229,0.4,0.9696592332460723,0.4,0.954835826495362,0.4,0.9401993454770247,0.4,0.9258262988984844,0.4,0.9116729764337107,0.4,0.8977360191089533,0.4,0.8839748092354256,0.4,0.8704612802497712,0.4,0.8571543357320658,0.4,0.8440508175773876,0.4,0.8311125370613249,0.4,0.7935760262356074,0.4,0.7346825464019552,0.4,0.6801884228006362,0.4
19-JUN-2012,88.5,0.9853688939037132,0.4,0.9709518570730272,0.4,0.956745757437805,0.4,0.9427094400958004,0.4,0.9289165582597876,0.4,0.915325481541291,0.4,0.9019332573082256,0.4,0.8887010884457375,0.4,0.8756984085328023,0.4,0.8628859722092094,0.4,0.8502609960008188,0.4,0.8377869055012095,0.4,0.8015490674752295,0.4,0.7445421348045111,0.4,0.6916175173420013,0.4
20-JUN-2012,87.50000000000001,0.9855330502937791,0.4,0.9712753932213607,0.4,0.9572240009567373,0.4,0.9433382259690691,0.4,0.929690999298019,0.4,0.9162412063688484,0.4,0.9029859909175432,0.4,0.8898870085744706,0.4,0.8770130579772043,0.4,0.8643253541757492,0.4,0.8518212027470771,0.4,0.8394644319815628,0.4,0.8035555022422665,0.4,0.74702849218074,0.4,0.6945056653996046,0.4
21-JUN-2012,90.38,0.9850604481459204,0.4,0.9703440865014414,0.4,0.9558475807048536,0.4,0.941528817607878,0.4,0.9274627990151149,0.4,0.9136069204364987,0.4,0.8999580424743916,0.4,0.8864765143860888,0.4,0.8732329525319941,0.4,0.8601872435569513,0.4,0.8473364316276144,0.4,0.8346431844270872,0.4,0.7977916685864264,0.4,0.7398915808870298,0.4,0.6862219165772029,0.4
22-JUN-2012,88.0,0.9854508705082498,0.4,0.9711134181854674,0.4,0.9569845633131108,0.4,0.9430234045849506,0.4,0.929303234957893,0.4,0.9157826818553884,0.4,0.902458841030772,0.4,0.8892931415949915,0.4,0.8763547005218006,0.4,0.863604502503205,0.4,0.8510398087666273,0.4,0.8386242460609554,0.4,0.8025504579004302,0.4,0.7457827903972782,0.4,0.6930583596921149,0.4
25-JUN-2012,92.12000000000002,0.9847745435157401,0.4,0.9697809015566343,0.4,0.9550155446407174,0.4,0.9404354655581927,0.4,0.9261169063010818,0.4,0.9120163536448572,0.4,0.898130488339504,0.4,0.8844188648796547,0.4,0.870953183938571,0.4,0.8576925241366866,0.4,0.8446337639335685,0.4,0.8317388669415464,0.4,0.7943235470110341,0.4,0.7356055445767327,0.4,0.6812567312013261,0.4
26-JUN-2012,88.5,0.9853683612233235,0.4,0.9709508072999382,0.4,0.9567442058176031,0.4,0.9427074002247459,0.4,0.9289140460725576,0.4,0.915322511295843,0.4,0.9019298429464018,0.4,0.8886972424384991,0.4,0.8756941454053105,0.4,0.8628813049908897,0.4,0.8502559374291158,0.4,0.8377814670060982,0.4,0.8015425642994558,0.4,0.7445340794943999,0.4,0.6916081642220502,0.4
27-JUN-2012,87.87000000000002,0.9854716927448984,0.4,0.9711544572014956,0.4,0.957045226855111,0.4,0.9431031647420622,0.4,0.929401472191431,0.4,0.9158988420400902,0.4,0.90259238224834,0.4,0.8894435793464935,0.4,0.8765214697396704,0.4,0.8637870965115992,0.4,0.8512377321704867,0.4,0.8388370545411856,0.4,0.8028049991578421,0.4,0.7460982322795819,0.4,0.6934247954800676,0.4
28-JUN-2012,88.62,0.9853484287546482,0.4,0.970911526049254,0.4,0.9566861466524101,0.4,0.9426310722824114,0.4,0.9288200459687833,0.4,0.9152113728911607,0.4,0.9018020882566897,0.4,0.8885533384322888,0.4,0.8755346358889529,0.4,0.8627066777934528,0.4,0.8500666694399213,0.4,0.8375779861865448,0.4,0.8012992561256912,0.4,0.7442327158234479,0.4,0.6912582653226073,0.4
29-JUN-2012,83.25000000000001,0.9862300188649643,0.4,0.972649650110388,0.4,0.9592562827773689,0.4,0.9460114039749198,0.4,0.9329848447886566,0.4,0.9201376610766426,0.4,0.9074673828419814,0.4,0.8949375764505989,0.4,0.8826143029058396,0.4,0.8704607206053135,0.4,0.8584744929037889,0.4,0.8466211531679433,0.4,0.8121266603085706,0.4,0.7576730829879305,0.4,0.7068975037320372,0.4
02-JUL-2012,79.62,0.9868261708484714,0.4,0.9738258914714563,0.4,0.9609968755538761,0.4,0.9483024120476399,0.4,0.9358096380873417,0.4,0.9234814417968251,0.4,0.9113156550579864,0.4,0.8992774646953717,0.4,0.887430537015655,0.4,0.8757396787371614,0.4,0.8642028338282635,0.4,0.8527869888707074,0.4,0.819525631817748,0.4,0.7668921212768499,0.4,0.7176650384641227,0.4
03-JUL-2012,76.43,0.9873505405442187,0.4,0.9748610899129608,0.4,0.9625296240810881,0.4,0.950320999598616,0.4,0.9382999526442158,0.4,0.9264309654358813,0.4,0.9147121145000198,0.4,0.9031100022781129,0.4,0.8916861489201854,0.4,0.8804068011321377,0.4,0.8692701309966226,0.4,0.8582444001124446,0.4,0.8260856598099303,0.4,0.7750891021407275,0.4,0.7272660678336924,0.4
05-JUL-2012,80.99000000000001,0.9866007638466103,0.4,0.973381067222715,0.4,0.9603385044357593,0.4,0.9474356856736155,0.4,0.9347407711811261,0.4,0.9222159588458686,0.4,0.9098589694288681,0.4,0.897634378487834,0.4,0.8856067634710744,0.4,0.8737403093082863,0.4,0.8620328565671288,0.4,0.8504508428668307,0.4,0.8167206905348632,0.4,0.7633939137712221,0.4,0.7135754156734903,0.4
06-JUL-2012,83.76000000000002,0.986145475397079,0.4,0.972482898646131,0.4,0.9590096104009183,0.4,0.94568684048208,0.4,0.9325847988839624,0.4,0.9196642798435144,0.4,0.9069227684519948,0.4,0.8943236002609789,0.4,0.8819331719381903,0.4,0.8697144071094406,0.4,0.857664927458628,0.4,0.8457500598993638,0.4,0.8110824354406422,0.4,0.7563742384901376,0.4,0.7053831170833352,0.4
09-JUL-2012,82.12,0.9864145540630515,0.4,0.9730136724674087,0.4,0.9597948478241909,0.4,0.946720127294639,0.4,0.9338585121878566,0.4,0.9211716278577693,0.4,0.9086571005088567,0.4,0.8962789994247775,0.4,0.8841026495336698,0.4,0.8720917207857172,0.4,0.8602439658609224,0.4,0.848525368426937,0.4,0.8144102768642976,0.4,0.7605154682002357,0.4,0.7102138436293234,0.4
10-JUL-2012,82.62,0.9863323124660741,0.4,0.9728514306146732,0.4,0.9595548012440991,0.4,0.9464042221767627,0.4,0.9334690649872625,0.4,0.9207107014844306,0.4,0.9081267153073996,0.4,0.8956809517540031,0.4,0.88343906437534,0.4,0.871364495288194,0.4,0.8594549576384379,0.4,0.8476762344632898,0.4,0.8133918006797684,0.4,0.7592474564633289,0.4,0.7087340132787808,0.4
11-JUL-2012,82.5,0.9863519085147658,0.4,0.9728900874307211,0.4,0.9596119945123892,0.4,0.9464794870308394,0.4,0.933561848402945,0.4,0.9208205108888173,0.4,0.9082530683147267,0.4,0.8958234193701609,0.4,0.8835971393879817,0.4,0.8715377247935233,0.4,0.8596428981927086,0.4,0.8478784904356823,0.4,0.8136343693111389,0.4,0.7595494085125032,0.4,0.7090863497642961,0.4
12-JUL-2012,84.37,0.9860445175279463,0.4,0.9722837905469204,0.4,0.958715101150081,0.4,0.9452993713296874,0.4,0.9321072625222526,0.4,0.9190992559580493,0.4,0.9062727824014492,0.4,0.8935909014363023,0.4,0.8811204092741213,0.4,0.8688239488467275,0.4,0.8566990914572965,0.4,0.8447109173536652,0.4,0.8098371125732968,0.4,0.7548259900911475,0.4,0.7035787873045085,0.4
13-JUL-2012,82.93000000000002,0.9862809784022737,0.4,0.9727501683581462,0.4,0.9594049877892489,0.4,0.946207078673366,0.4,0.9332260433251245,0.4,0.9204230950811865,0.4,0.9077957907607215,0.4,0.8953078357315855,0.4,0.8830250881965702,0.4,0.8709108479402672,0.4,0.8589628032076806,0.4,0.8471466117609573,0.4,0.8127566847122247,0.4,0.7584569995230483,0.4,0.7078118246971403,0.4
16-JUL-2012,83.74,0.9861475902427017,0.4,0.9724870697414875,0.4,0.9590157803677541,0.4,0.9456949583836243,0.4,0.9325948043146831,0.4,0.9196761189477888,0.4,0.9069363885041222,0.4,0.8943389543122048,0.4,0.8819502046551585,0.4,0.8697330690347421,0.4,0.8576851701830003,0.4,0.8457718401791345,0.4,0.8111085413224641,0.4,0.7564067031325165,0.4,0.7054209612901837,0.4
17-JUL-2012,79.87,0.986783530449209,0.4,0.9737417359658049,0.4,0.9608723079620785,0.4,0.9481384072184165,0.4,0.9356073648294787,0.4,0.923241938580714,0.4,0.9110399396114487,0.4,0.8989664392426756,0.4,0.8870852766712418,0.4,0.8753611411231612,0.4,0.8637919572555612,0.4,0.8523446078463618,0.4,0.8189943305203663,0.4,0.7662291971233386,0.4,0.716889679975974,0.4
18-JUL-2012,78.25,0.9870496310066614,0.4,0.9742669740703864,0.4,0.9616498572581514,0.4,0.949162239479194,0.4,0.9368702382433948,0.4,0.9247374229592658,0.4,0.9127617321099942,0.4,0.9009089568531587,0.4,0.8892418534325065,0.4,0.8777258433062353,0.4,0.8663589697604303,0.4,0.8551087630536086,0.4,0.8223152199306971,0.4,0.7703751437186214,0.4,0.7217415444324543,0.4
19-JUL-2012,78.12000000000002,0.9870708607680262,0.4,0.9743088841773321,0.4,0.9617119089588543,0.4,0.9492439575207758,0.4,0.9369710502288799,0.4,0.924856821064142,0.4,0.912899218454963,0.4,0.9010640908897045,0.4,0.8894141078016596,0.4,0.8779147489670102,0.4,0.8665640669438124,0.4,0.8553296436160033,0.4,0.822580704351043,0.4,0.770706827735869,0.4,0.7221299858022455,0.4
20-JUL-2012,81.25,0.9865561838128584,0.4,0.9732931038193905,0.4,0.9602083302354301,0.4,0.9472643386468123,0.4,0.9345294909974102,0.4,0.9219658482989781,0.4,0.9095711089036246,0.4,0.8973097272719825,0.4,0.8852464602356039,0.4,0.8733453695438788,0.4,0.8616042749278395,0.4,0.849989505365646,0.4,0.8161670036647861,0.4,0.7627038512436952,0.4,0.712769241884535,0.4
23-JUL-2012,83.18500000000002,0.9862379395261536,0.4,0.972665273360793,0.4,0.9592793950479914,0.4,0.9460418157786469,0.4,0.9330223310991137,0.4,0.9201820213550785,0.4,0.9075184207302437,0.4,0.8949951172017592,0.4,0.8826781402750313,0.4,0.8705306703296241,0.4,0.8585503746002098,0.4,0.8467028057905751,0.4,0.8122245553242199,0.4,0.757794876903594,0.4,0.7070395425435573,0.4
24-JUL-2012,86.0,0.9857753888364954,0.4,0.9717531172357436,0.4,0.9579303069961417,0.4,0.9442670563526876,0.4,0.9308352246415635,0.4,0.9175944555137439,0.4,0.904542031178273,0.4,0.8916402737129698,0.4,0.878957037521682,0.4,0.8664542154335101,0.4,0.8541292411279889,0.4,0.8419465365844507,0.4,0.8065261042646811,0.4,0.7507134403318465,0.4,0.6987905138727354,0.4
25-JUL-2012,85.37000000000002,0.9858787473578601,0.4,0.9719569044919032,0.4,0.9582316554863007,0.4,0.9446634154874247,0.4,0.93132358473554,0.4,0.918172129103906,0.4,0.9052063884998581,0.4,0.8923889685603669,0.4,0.8797873184802673,0.4,0.8673636194846565,0.4,0.8551153586813127,0.4,0.8430072109835363,0.4,0.8077961953676431,0.4,0.7522903354985495,0.4,0.7006257320184112,0.4
26-JUL-2012,79.87,0.986782446406339,0.4,0.9737395965356793,0.4,0.9608691412321992,0.4,0.9481342380163977,0.4,0.9356022229114311,0.4,0.9232358503877509,0.4,0.9110329310556616,0.4,0.8989585332989352,0.4,0.8870765007065776,0.4,0.8753515195168112,0.4,0.8637815138943052,0.4,0.8523333639777244,0.4,0.8189808274888275,0.4,0.7662123507631626,0.4,0.7168699785962082,0.4
27-JUL-2012,75.89,0.9874369563469838,0.4,0.9750317427597952,0.4,0.9627823764124275,0.4,0.950653970702406,0.4,0.9387108633695584,0.4,0.9269177978154862,0.4,0.9152728890587726,0.4,0.9037429720122508,0.4,0.8923892096037543,0.4,0.8811780850080219,0.4,0.8701078062599849,0.4,0.8591468448378397,0.4,0.8271714409602143,0.4,0.7764479229486974,0.4,0.7288601001126721,0.4
30-JUL-2012,74.62,0.9876454614159297,0.4,0.9754435574554846,0.4,0.9633924023883179,0.4,0.9514577276471873,0.4,0.9397029064398582,0.4,0.9280933106246839,0.4,0.9166271460089537,0.4,0.9052718074995493,0.4,0.894087592024725,0.4,0.8830415523715169,0.4,0.8721319814414057,0.4,0.8613278568665832,0.4,0.8297967132706788,0.4,0.7797358258353247,0.4,0.7327200217927378,0.4
31-JUL-2012,76.365,0.9873582160774222,0.4,0.9748762468555897,0.4,0.9625520719915878,0.4,0.9503505708656423,0.4,0.9383364442980605,0.4,0.9264741977225646,0.4,0.9147619111051123,0.4,0.9031662075446523,0.4,0.8917485755026987,0.4,0.8804752826979272,0.4,0.8693445044248894,0.4,0.8583245209266174,0.4,0.8261820460591026,0.4,0.7752097024078736,0.4,0.7274075157427616,0.4
01-AUG-2012,74.555,0.9876561349769449,0.4,0.9754646409575973,0.4,0.9634236370948539,0.4,0.9514988863956622,0.4,0.9397537125724069,0.4,0.9281535195894982,0.4,0.916696517823012,0.4,0.9053501308121852,0.4,0.8941746109988343,0.4,0.8831370402936219,0.4,0.8722357158713772,0.4,0.8614396412659612,0.4,0.8299313123261386,0.4,0.7799044919069399,0.4,0.7329181417214434,0.4
02-AUG-2012,78.125,0.9870688277879628,0.4,0.9743048707907028,0.4,0.9617059667194816,0.4,0.9492361319028876,0.4,0.9369613960113633,0.4,0.9248453868435095,0.4,0.9128860518767279,0.4,0.9010492341099563,0.4,0.8893976112921561,0.4,0.8778966576155627,0.4,0.866544424751564,0.4,0.8553084896405942,0.4,0.8225552778731874,0.4,0.770675059518401,0.4,0.7220927796375014,0.4
03-AUG-2012,72.74,0.9879547854009566,0.4,0.9760546579966501,0.4,0.9642978701806846,0.4,0.9526510659533269,0.4,0.9411761794259116,0.4,0.9298395103692187,0.4,0.918639393924152,0.4,0.9075440534620101,0.4,0.8966124905799744,0.4,0.8858126007187558,0.4,0.8751427978485615,0.4,0.8645728099301869,0.4,0.833705719231809,0.4,0.7846379124370818,0.4,0.7384825126602557,0.4
06-AUG-2012,71.87,0.9880976697082537,0.4,0.9763370048828812,0.4,0.9647163193747109,0.4,0.9532026770246826,0.4,0.9418573439277581,0.4,0.9306470467326231,0.4,0.9195701781973732,0.4,0.9085953434870215,0.4,0.8977809416072963,0.4,0.8870952563106513,0.4,0.8765367555698006,0.4,0.8660755137439899,0.4,0.8355171819196638,0.4,0.7869121788959191,0.4,0.7411590147193152,0.4
07-AUG-2012,73.37,0.9878508889143572,0.4,0.9758493787288857,0.4,0.9639936762238529,0.4,0.9522501194496311,0.4,0.9406811269671209,0.4,0.9292526874594297,0.4,0.917963093332853,0.4,0.9067802899918367,0.4,0.8957637155184545,0.4,0.8848809826321327,0.4,0.8741304652765621,0.4,0.8634816394592976,0.4,0.8323908399741679,0.4,0.7829881314315285,0.4,0.7365421578768904,0.4
08-AUG-2012,73.0,0.9879117860883263,0.4,0.9759696970922269,0.4,0.9641719666224647,0.4,0.9524851121254904,0.4,0.9409712683424329,0.4,0.9295966063659707,0.4,0.9183594437366529,0.4,0.907227888820708,0.4,0.8962611240340072,0.4,0.885426927845967,0.4,0.8747236977390088,0.4,0.864121057406764,0.4,0.8331612993197635,0.4,0.7839547225966564,0.4,0.737678869644816,0.4
09-AUG-2012,73.49,0.9878310958514628,0.4,0.9758102739311019,0.4,0.9639357322404765,0.4,0.9521737504797736,0.4,0.940586839377432,0.4,0.9291409282856725,0.4,0.9178343013888813,0.4,0.9066348511027182,0.4,0.895602098501926,0.4,0.8847036024100272,0.4,0.873937729072434,0.4,0.8632739064901463,0.4,0.8321405651766758,0.4,0.7826742096715557,0.4,0.7361730611371982,0.4
10-AUG-2012,72.81,0.9879428569025551,0.4,0.9760310885047825,0.4,0.9642629420031253,0.4,0.9526050263000748,0.4,0.9411193311826295,0.4,0.9297721207347889,0.4,0.9185617252270747,0.4,0.9074563361321661,0.4,0.8965150052327375,0.4,0.8857055955256399,0.4,0.8750265164181796,0.4,0.8644474669473516,0.4,0.8335546576858028,0.4,0.7844483311347755,0.4,0.7382594887448899,0.4
13-AUG-2012,73.74,0.9877894973829207,0.4,0.9757280911400029,0.4,0.96381396072958,0.4,0.9520132631514463,0.4,0.9403887027102413,0.4,0.928906083994726,0.4,0.9175636738250874,0.4,0.906329253216265,0.4,0.8952625174979322,0.4,0.8843309121850506,0.4,0.8735327872674509,0.4,0.86283746984403,0.4,0.831614799276264,0.4,0.7820148396907513,0.4,0.7353979205969429,0.4
14-AUG-2012,74.0,0.9877467557785767,0.4,0.9756436535511034,0.4,0.96368885359106,0.4,0.9518483867302127,0.4,0.9401851559858396,0.4,0.9286648376561882,0.4,0.9172856806005386,0.4,0.9060153513209084,0.4,0.8949137239528148,0.4,0.8839481275361175,0.4,0.8731168952503477,0.4,0.8623892505076135,0.4,0.8310749081709355,0.4,0.7813378997740303,0.4,0.7346022951766951,0.4
15-AUG-2012,74.12,0.9877271406015176,0.4,0.9756049042808501,0.4,0.9636314424621414,0.4,0.9517727280429074,0.4,0.9400917551723267,0.4,0.9285541412394243,0.4,0.9171581268201142,0.4,0.9058713258462381,0.4,0.8947536944310104,0.4,0.8837725081429859,0.4,0.8729260924103028,0.4,0.8621836230565194,0.4,0.830827248353189,0.4,0.7810274217411224,0.4,0.7342374397423287,0.4
16-AUG-2012,72.25,0.9880348925326049,0.4,0.9762129488619161,0.4,0.9645324560177206,0.4,0.9529602935113095,0.4,0.9415580211872864,0.4,0.9302921782769926,0.4,0.9191611323878314,0.4,0.9081333210091612,0.4,0.8972674082285642,0.4,0.8865315072621184,0.4,0.8759240625044954,0.4,0.8654149961362905,0.4,0.8347208516979026,0.4,0.7859121944923799,0.4,0.739981930673203,0.4
17-AUG-2012,70.82,0.9882701514236716,0.4,0.9766778921949668,0.4,0.9652216084116723,0.4,0.9538688693267274,0.4,0.9426801319278513,0.4,0.9316226367244244,0.4,0.9206948442653671,0.4,0.9098658198706493,0.4,0.8991932315787897,0.4,0.8886458311315112,0.4,0.878222150094353,0.4,0.8678926808390521,0.4,0.837708769328188,0.4,0.78966588561136,0.4,0.7444023412270403,0.4
20-AUG-2012,69.49,0.988488870040536,0.4,0.9771102461940157,0.4,0.9658626031653524,0.4,0.9547141489534317,0.4,0.9437243103106897,0.4,0.9328609771287978,0.4,0.9221226931869556,0.4,0.9114791062118753,0.4,0.9009869517649344,0.4,0.8906155738713869,0.4,0.8803635822566307,0.4,0.8702019991759051,0.4,0.8404955682037336,0.4,0.793170940432641,0.4,0.7485346987182753,0.4
21-AUG-2012,70.13,0.9883833944936073,0.4,0.9769017345107059,0.4,0.9655534524423843,0.4,0.9543064485536829,0.4,0.9432206470086282,0.4,0.9322636248468446,0.4,0.9214338860890391,0.4,0.910700797751143,0.4,0.9001215458493109,0.4,0.8896651889433751,0.4,0.8793302994106497,0.4,0.8690876439968991,0.4,0.8391505751362237,0.4,0.7914788107036373,0.4,0.7465391559255043,0.4
22-AUG-2012,70.99,0.9882413228392708,0.4,0.976620912167112,0.4,0.9651371421525221,0.4,0.9537574976790087,0.4,0.9425425711741764,0.4,0.9314595173694957,0.4,0.9205067856164592,0.4,0.9096533643789243,0.4,0.8989570441390214,0.4,0.8883864984756273,0.4,0.8779402484461019,0.4,0.8675887165653344,0.4,0.8373420944696414,0.4,0.7892049949208495,0.4,0.7438593050962004,0.4
23-AUG-2012,73.12,0.9878905335630088,0.4,0.9759277063034063,0.4,0.9641097424989955,0.4,0.9524030970108882,0.4,0.9408700036731484,0.4,0.9294765699420968,0.4,0.9182211046144133,0.4,0.9070716591959314,0.4,0.8960875053829525,0.4,0.8852363638119104,0.4,0.8745166237755261,0.4,0.86389785742901,0.4,0.8328923408713168,0.4,0.7836172629139423,0.4,0.7372819770361835,0.4
24-AUG-2012,71.87,0.98809625588109,0.4,0.9763342108862284,0.4,0.9647121782653008,0.4,0.9531972177101269,0.4,0.9418506019356485,0.4,0.9306390533719651,0.4,0.9195609642135606,0.4,0.908584935850327,0.4,0.8977693732636683,0.4,0.8870825563665434,0.4,0.8765229526032075,0.4,0.8660606329058658,0.4,0.8354992396804427,0.4,0.7868896445912696,0.4,0.7411324854152158,0.4
27-AUG-2012,71.74,0.9881173111753881,0.4,0.9763758206444789,0.4,0.9647738505918855,0.4,0.9532785224892135,0.4,0.9419510104432884,0.4,0.9307580996981621,0.4,0.9196981908284618,0.4,0.908739941439218,0.4,0.8979416674925998,0.4,0.8872717060751322,0.4,0.8767285324889589,0.4,0.8662822687021122,0.4,0.8357664800752111,0.4,0.7872252981301904,0.4,0.7415276650202518,0.4
28-AUG-2012,72.62,0.9879722805949928,0.4,0.9760892272240711,0.4,0.9643490998847696,0.4,0.9527185940408482,0.4,0.9412595621197919,0.4,0.9299383562193351,0.4,0.9187533186067751,0.4,0.9076727194311707,0.4,0.8967554866502726,0.4,0.8859695632819424,0.4,0.8753133699734104,0.4,0.8647566771056981,0.4,0.8339273231862243,0.4,0.7849160447547918,0.4,0.7388097325866942,0.4
29-AUG-2012,72.25,0.9880331278379432,0.4,0.9762094617052294,0.4,0.9645272878736126,0.4,0.9529534806698553,0.4,0.941549608190292,0.4,0.9302822043948441,0.4,0.9191496361802146,0.4,0.9081203363207923,0.4,0.8972529763482773,0.4,0.8865156646832925,0.4,0.8759068450543667,0.4,0.8653964353639786,0.4,0.8346984767371104,0.4,0.7858841019335508,0.4,0.7399488682585145,0.4
30-AUG-2012,74.82,0.987609892066844,0.4,0.9753732989082834,0.4,0.9632883184596913,0.4,0.9513205768892709,0.4,0.9395336122625806,0.4,0.9278926893998194,0.4,0.9163959988277692,0.4,0.9050108400129352,0.4,0.8937976580244987,0.4,0.8827234085711732,0.4,0.8717863702638531,0.4,0.8609554344121491,0.4,0.8293483126836122,0.4,0.7791740009110406,0.4,0.7320601636570373,0.4
31-AUG-2012,73.56,0.9878169037483389,0.4,0.9757822353309549,0.4,0.9638941864372568,0.4,0.9521189949161858,0.4,0.940519237558087,0.4,0.9290608011603778,0.4,0.9177419639961956,0.4,0.9065305804802078,0.4,0.8954862311631432,0.4,0.8845764362168453,0.4,0.8737995563524641,0.4,0.8631249851476019,0.4,0.8319611553525171,0.4,0.7824491938128264,0.4,0.7359085191927793,0.4
05-SEP-2012,72.0,0.9880733189273141,0.4,0.9762888835760378,0.4,0.9646449974268179,0.4,0.9531086528446601,0.4,0.9417412299145645,0.4,0.9305093826123746,0.4,0.919411493970815,0.4,0.9084161041273628,0.4,0.8975817149721439,0.4,0.8868765441209967,0.4,0.8762990504284198,0.4,0.8658192492272252,0.4,0.835208207442886,0.4,0.7865241492614741,0.4,0.7407022196830072,0.4
06-SEP-2012,65.99,0.9890634719837941,0.4,0.9782465516126373,0.4,0.9675479307941689,0.4,0.9569374845602076,0.4,0.9464719109505572,0.4,0.9361207943798944,0.4,0.9258828830856057,0.4,0.9157293493564174,0.4,0.9057144496719188,0.4,0.8958090782183994,0.4,0.8860120371372923,0.4,0.8762957401110856,0.4,0.8478581301082256,0.4,0.8024497279357247,0.4,0.75949612744108,0.4
07-SEP-2012,65.49,0.9891456712095941,0.4,0.9784091588726784,0.4,0.96778918417073,0.4,0.957255859350404,0.4,0.9468654895164722,0.4,0.9365879001729718,0.4,0.9264218671633785,0.4,0.9163387802606805,0.4,0.9063925378563316,0.4,0.8965542552372685,0.4,0.8868227605724858,0.4,0.8771706665545387,0.4,0.8489162837633124,0.4,0.803785498671034,0.4,0.7610767496653903,0.4
10-SEP-2012,67.24,0.988856945662112,0.4,0.9778380589842012,0.4,0.9669419563592854,0.4,0.9561379154429045,0.4,0.9454836186966092,0.4,0.9349480433578901,0.4,0.924529866507651,0.4,0.9141997133475027,0.4,0.9040127362659899,0.4,0.8939392732236352,0.4,0.8839780593273322,0.4,0.874101008218582,0.4,0.8452049389424995,0.4,0.7991028911501908,0.4,0.7555386932356052,0.4
11-SEP-2012,65.62,0.989123895896977,0.4,0.978366081434414,0.4,0.9677252700818666,0.4,0.9571715112755808,0.4,0.9467612142744998,0.4,0.9364641407473459,0.4,0.9262790592638298,0.4,0.9161773019975792,0.4,0.9062128622842268,0.4,0.8963567968545252,0.4,0.8866079270184832,0.4,0.876938812749407,0.4,0.8486358494131914,0.4,0.8034314354817119,0.4,0.76065772144297,0.4
12-SEP-2012,62.87,0.9895772402461414,0.4,0.9792631144131693,0.4,0.9690564902358254,0.4,0.9589287204590949,0.4,0.9489340367846747,0.4,0.9390435252970087,0.4,0.9292561002344215,0.4,0.9195442909213171,0.4,0.9099601016940119,0.4,0.9004758061684585,0.4,0.8910903631766024,0.4,0.8817774302986444,0.4,0.8544921417743695,0.4,0.8108334018943881,0.4,0.7694274132194923,0.4
13-SEP-2012,57.87,0.9904019209990469,0.4,0.9808959651186022,0.4,0.9714812481536776,0.4,0.9621314715383519,0.4,0.9528968576652235,0.4,0.9437508783455927,0.4,0.9346926828580127,0.4,0.9256969685245544,0.4,0.9168120558897129,0.4,0.9080124213482571,0.4,0.8992972463943099,0.4,0.890642186525121,0.4,0.8652421830237451,0.4,0.8244647721063852,0.4,0.7856298905958491,0.4
14-SEP-2012,54.99,0.9908774029145836,0.4,0.9818380276067501,0.4,0.9728811148777539,0.4,0.963981708385125,0.4,0.9551876916618162,0.4,0.9464738992098365,0.4,0.9378395991754822,0.4,0.9292607341011041,0.4,0.9207834628366015,0.4,0.9123835263022287,0.4,0.9040602190044021,0.4,0.8957903499939978,0.4,0.8714975143988939,0.4,0.8324227982361074,0.4,0.7951200111338171,0.4
17-SEP-2012,57.5,0.9904628269898351,0.4,0.981016611648696,0.4,0.9716604864975565,0.4,0.9623683253664208,0.4,0.9531900521478985,0.4,0.9440993137089959,0.4,0.9350952752153753,0.4,0.9261527936685693,0.4,0.9173199142415045,0.4,0.9085712755137136,0.4,0.8999060740670731,0.4,0.8913001130762532,0.4,0.8660411014869994,0.4,0.8254800897226836,0.4,0.7868394097698168,0.4
18-SEP-2012,57.99,0.9903818203229098,0.4,0.9808561500261204,0.4,0.9714220993377902,0.4,0.9620533127656802,0.4,0.95280011114456,0.4,0.9436359084792201,0.4,0.9345598487617127,0.4,0.9255465766034197,0.4,0.9166445033301323,0.4,0.9078280517970859,0.4,0.8990963984789988,0.4,0.8904251501402543,0.4,0.8649786686524128,0.4,0.8241299494338983,0.4,0.7852311074181789,0.4
19-SEP-2012,58.25,0.9903388095312466,0.4,0.9807709576637668,0.4,0.9712955426355555,0.4,0.9618860870934762,0.4,0.9525931223968223,0.4,0.9433899388021221,0.4,0.9342756689170492,0.4,0.9252248445439986,0.4,0.9162860710944363,0.4,0.9074336568377271,0.4,0.8986667674412605,0.4,0.8899609054000965,0.4,0.864415060535017,0.4,0.8234139403490406,0.4,0.7843784564621633,0.4
