CloseDate,ConversionFactor,CTDPrice,CTDCoupon,CTDEffective,CTDMaturity,FuturesExpiry
29-MAY-2012,0.989058,0.95923,0.058499999999999996,22-NOV-2011,31-JAN-2022,30-SEP-2012
30-MAY-2012,0.989058,0.9451,0.058499999999999996,22-NOV-2011,31-JAN-2022,30-SEP-2012
31-MAY-2012,0.989058,0.9516,0.058499999999999996,22-NOV-2011,31-JAN-2022,30-SEP-2012
01-JUN-2012,0.989058,0.9544,0.058499999999999996,22-NOV-2011,31-JAN-2022,30-SEP-2012
04-JUN-2012,0.989058,0.96357,0.058499999999999996,22-NOV-2011,31-JAN-2022,30-SEP-2012
05-JUN-2012,0.989058,0.9695999999999999,0.058499999999999996,22-NOV-2011,31-JAN-2022,30-SEP-2012
06-JUN-2012,0.989058,0.9709800000000001,0.058499999999999996,22-NOV-2011,31-JAN-2022,30-SEP-2012
07-JUN-2012,0.989058,0.98453,0.058499999999999996,22-NOV-2011,31-JAN-2022,30-SEP-2012
08-JUN-2012,0.989058,0.97533,0.058499999999999996,22-NOV-2011,31-JAN-2022,30-SEP-2012
11-JUN-2012,0.989058,0.95498,0.058499999999999996,22-NOV-2011,31-JAN-2022,30-SEP-2012
12-JUN-2012,0.989058,0.9420999999999999,0.058499999999999996,22-NOV-2011,31-JAN-2022,30-SEP-2012
13-JUN-2012,0.989058,0.9393000000000001,0.058499999999999996,22-NOV-2011,31-JAN-2022,30-SEP-2012
14-JUN-2012,0.989058,0.92852,0.058499999999999996,22-NOV-2011,31-JAN-2022,30-SEP-2012
15-JUN-2012,0.989058,0.9315800000000001,0.058499999999999996,22-NOV-2011,31-JAN-2022,30-SEP-2012
18-JUN-2012,0.989058,0.91345,0.058499999999999996,22-NOV-2011,31-JAN-2022,30-SEP-2012
19-JUN-2012,0.989058,0.9211,0.058499999999999996,22-NOV-2011,31-JAN-2022,30-SEP-2012
20-JUN-2012,0.989058,0.94068,0.058499999999999996,22-NOV-2011,31-JAN-2022,30-SEP-2012
21-JUN-2012,0.989058,0.94958,0.058499999999999996,22-NOV-2011,31-JAN-2022,30-SEP-2012
22-JUN-2012,0.989058,0.9667300000000001,0.058499999999999996,22-NOV-2011,31-JAN-2022,30-SEP-2012
25-JUN-2012,0.989058,0.9476800000000001,0.058499999999999996,22-NOV-2011,31-JAN-2022,30-SEP-2012
26-JUN-2012,0.989058,0.9319700000000001,0.058499999999999996,22-NOV-2011,31-JAN-2022,30-SEP-2012
27-JUN-2012,0.989058,0.92868,0.058499999999999996,22-NOV-2011,31-JAN-2022,30-SEP-2012
28-JUN-2012,0.989058,0.9279200000000001,0.058499999999999996,22-NOV-2011,31-JAN-2022,30-SEP-2012
29-JUN-2012,0.989058,0.96857,0.058499999999999996,22-NOV-2011,31-JAN-2022,30-SEP-2012
02-JUL-2012,0.989058,0.9653,0.058499999999999996,22-NOV-2011,31-JAN-2022,30-SEP-2012
03-JUL-2012,0.989058,0.9741500000000001,0.058499999999999996,22-NOV-2011,31-JAN-2022,30-SEP-2012
04-JUL-2012,0.989058,0.9628300000000001,0.058499999999999996,22-NOV-2011,31-JAN-2022,30-SEP-2012
05-JUL-2012,0.989058,0.93848,0.058499999999999996,22-NOV-2011,31-JAN-2022,30-SEP-2012
06-JUL-2012,0.989058,0.9269799999999999,0.058499999999999996,22-NOV-2011,31-JAN-2022,30-SEP-2012
09-JUL-2012,0.989058,0.91988,0.058499999999999996,22-NOV-2011,31-JAN-2022,30-SEP-2012
10-JUL-2012,0.989058,0.9361499999999999,0.058499999999999996,22-NOV-2011,31-JAN-2022,30-SEP-2012
11-JUL-2012,0.989058,0.9517,0.058499999999999996,22-NOV-2011,31-JAN-2022,30-SEP-2012
12-JUL-2012,0.989058,0.94808,0.058499999999999996,22-NOV-2011,31-JAN-2022,30-SEP-2012
13-JUL-2012,0.989058,0.94643,0.058499999999999996,22-NOV-2011,31-JAN-2022,30-SEP-2012
16-JUL-2012,0.989058,0.93618,0.058499999999999996,22-NOV-2011,31-JAN-2022,30-SEP-2012
17-JUL-2012,0.989058,0.93635,0.058499999999999996,22-NOV-2011,31-JAN-2022,30-SEP-2012
18-JUL-2012,0.989058,0.9267799999999999,0.058499999999999996,22-NOV-2011,31-JAN-2022,30-SEP-2012
19-JUL-2012,0.989058,0.92352,0.058499999999999996,22-NOV-2011,31-JAN-2022,30-SEP-2012
20-JUL-2012,0.989058,0.9070999999999999,0.058499999999999996,22-NOV-2011,31-JAN-2022,30-SEP-2012
23-JUL-2012,0.989058,0.8935,0.058499999999999996,22-NOV-2011,31-JAN-2022,30-SEP-2012
24-JUL-2012,0.989058,0.886,0.058499999999999996,22-NOV-2011,31-JAN-2022,30-SEP-2012
25-JUL-2012,0.989058,0.90068,0.058499999999999996,22-NOV-2011,31-JAN-2022,30-SEP-2012
26-JUL-2012,0.989058,0.9295,0.058499999999999996,22-NOV-2011,31-JAN-2022,30-SEP-2012
27-JUL-2012,0.989058,0.9411499999999999,0.058499999999999996,22-NOV-2011,31-JAN-2022,30-SEP-2012
30-JUL-2012,0.989058,0.94977,0.058499999999999996,22-NOV-2011,31-JAN-2022,30-SEP-2012
31-JUL-2012,0.989058,0.9407500000000001,0.058499999999999996,22-NOV-2011,31-JAN-2022,30-SEP-2012
01-AUG-2012,0.989058,0.94188,0.058499999999999996,22-NOV-2011,31-JAN-2022,30-SEP-2012
02-AUG-2012,0.989058,0.9141,0.058499999999999996,22-NOV-2011,31-JAN-2022,30-SEP-2012
03-AUG-2012,0.989058,0.9341800000000001,0.058499999999999996,22-NOV-2011,31-JAN-2022,30-SEP-2012
06-AUG-2012,0.989058,0.9415300000000001,0.058499999999999996,22-NOV-2011,31-JAN-2022,30-SEP-2012
07-AUG-2012,0.989058,0.93345,0.058499999999999996,22-NOV-2011,31-JAN-2022,30-SEP-2012
08-AUG-2012,0.989058,0.9335,0.058499999999999996,22-NOV-2011,31-JAN-2022,30-SEP-2012
09-AUG-2012,0.989058,0.9337300000000001,0.058499999999999996,22-NOV-2011,31-JAN-2022,30-SEP-2012
10-AUG-2012,0.989058,0.92983,0.058499999999999996,22-NOV-2011,31-JAN-2022,30-SEP-2012
13-AUG-2012,0.989058,0.934,0.058499999999999996,22-NOV-2011,31-JAN-2022,30-SEP-2012
14-AUG-2012,0.989058,0.94163,0.058499999999999996,22-NOV-2011,31-JAN-2022,30-SEP-2012
15-AUG-2012,0.989058,0.9472,0.058499999999999996,22-NOV-2011,31-JAN-2022,30-SEP-2012
16-AUG-2012,0.989058,0.9548000000000001,0.058499999999999996,22-NOV-2011,31-JAN-2022,30-SEP-2012
17-AUG-2012,0.989058,0.9605,0.058499999999999996,22-NOV-2011,31-JAN-2022,30-SEP-2012
20-AUG-2012,0.989058,0.9715,0.058499999999999996,22-NOV-2011,31-JAN-2022,30-SEP-2012
21-AUG-2012,0.989058,0.9762500000000001,0.058499999999999996,22-NOV-2011,31-JAN-2022,30-SEP-2012
22-AUG-2012,0.989058,0.9719,0.058499999999999996,22-NOV-2011,31-JAN-2022,30-SEP-2012
23-AUG-2012,0.989058,0.96718,0.058499999999999996,22-NOV-2011,31-JAN-2022,30-SEP-2012
24-AUG-2012,0.989058,0.9623200000000001,0.058499999999999996,22-NOV-2011,31-JAN-2022,30-SEP-2012
27-AUG-2012,0.989058,0.96538,0.058499999999999996,22-NOV-2011,31-JAN-2022,30-SEP-2012
28-AUG-2012,0.989058,0.9584999999999999,0.058499999999999996,22-NOV-2011,31-JAN-2022,30-SEP-2012
29-AUG-2012,0.989058,0.9592,0.058499999999999996,22-NOV-2011,31-JAN-2022,30-SEP-2012
30-AUG-2012,0.989058,0.9504000000000001,0.058499999999999996,22-NOV-2011,31-JAN-2022,30-SEP-2012
31-AUG-2012,0.989058,0.93305,0.058499999999999996,22-NOV-2011,31-JAN-2022,30-SEP-2012
03-SEP-2012,0.989058,0.9335800000000001,0.058499999999999996,22-NOV-2011,31-JAN-2022,30-SEP-2012
04-SEP-2012,0.989058,0.9522,0.058499999999999996,22-NOV-2011,31-JAN-2022,30-SEP-2012
07-SEP-2012,0.989466,1.01743,0.058499999999999996,22-NOV-2011,31-JAN-2022,31-DEC-2012
10-SEP-2012,0.989466,1.01223,0.058499999999999996,22-NOV-2011,31-JAN-2022,31-DEC-2012
11-SEP-2012,0.989466,1.01288,0.058499999999999996,22-NOV-2011,31-JAN-2022,31-DEC-2012
12-SEP-2012,0.989466,1.01818,0.058499999999999996,22-NOV-2011,31-JAN-2022,31-DEC-2012
13-SEP-2012,0.989466,1.0174800000000002,0.058499999999999996,22-NOV-2011,31-JAN-2022,31-DEC-2012
14-SEP-2012,0.989466,1.0063,0.058499999999999996,22-NOV-2011,31-JAN-2022,31-DEC-2012
17-SEP-2012,0.989466,0.99295,0.058499999999999996,22-NOV-2011,31-JAN-2022,31-DEC-2012
18-SEP-2012,0.989466,0.99823,0.058499999999999996,22-NOV-2011,31-JAN-2022,31-DEC-2012
19-SEP-2012,0.989466,1.01268,0.058499999999999996,22-NOV-2011,31-JAN-2022,31-DEC-2012
20-SEP-2012,0.989466,1.00725,0.058499999999999996,22-NOV-2011,31-JAN-2022,31-DEC-2012
21-SEP-2012,0.989466,1.00818,0.058499999999999996,22-NOV-2011,31-JAN-2022,31-DEC-2012
24-SEP-2012,0.989466,1.01368,0.058499999999999996,22-NOV-2011,31-JAN-2022,31-DEC-2012
25-SEP-2012,0.989466,1.00908,0.058499999999999996,22-NOV-2011,31-JAN-2022,31-DEC-2012
26-SEP-2012,0.989466,0.98693,0.058499999999999996,22-NOV-2011,31-JAN-2022,31-DEC-2012
27-SEP-2012,0.989466,0.99543,0.058499999999999996,22-NOV-2011,31-JAN-2022,31-DEC-2012
28-SEP-2012,0.989466,0.99588,0.058499999999999996,22-NOV-2011,31-JAN-2022,31-DEC-2012
01-OCT-2012,0.989466,0.9992000000000001,0.058499999999999996,22-NOV-2011,31-JAN-2022,31-DEC-2012
02-OCT-2012,0.989466,1.0088,0.058499999999999996,22-NOV-2011,31-JAN-2022,31-DEC-2012
03-OCT-2012,0.989466,1.0043300000000002,0.058499999999999996,22-NOV-2011,31-JAN-2022,31-DEC-2012
04-OCT-2012,0.989466,0.9976300000000001,0.058499999999999996,22-NOV-2011,31-JAN-2022,31-DEC-2012
05-OCT-2012,0.989466,1.0127,0.058499999999999996,22-NOV-2011,31-JAN-2022,31-DEC-2012
08-OCT-2012,0.989466,1.01055,0.058499999999999996,22-NOV-2011,31-JAN-2022,31-DEC-2012
09-OCT-2012,0.989466,1.00292,0.058499999999999996,22-NOV-2011,31-JAN-2022,31-DEC-2012
10-OCT-2012,0.989466,1.0044,0.058499999999999996,22-NOV-2011,31-JAN-2022,31-DEC-2012
11-OCT-2012,0.989466,1.00702,0.058499999999999996,22-NOV-2011,31-JAN-2022,31-DEC-2012
12-OCT-2012,0.989466,1.01708,0.058499999999999996,22-NOV-2011,31-JAN-2022,31-DEC-2012
15-OCT-2012,0.989466,1.00348,0.058499999999999996,22-NOV-2011,31-JAN-2022,31-DEC-2012
16-OCT-2012,0.989466,1.00428,0.058499999999999996,22-NOV-2011,31-JAN-2022,31-DEC-2012
17-OCT-2012,0.989466,1.02858,0.058499999999999996,22-NOV-2011,31-JAN-2022,31-DEC-2012
18-OCT-2012,0.989466,1.0377,0.058499999999999996,22-NOV-2011,31-JAN-2022,31-DEC-2012
19-OCT-2012,0.989466,1.0356,0.058499999999999996,22-NOV-2011,31-JAN-2022,31-DEC-2012
22-OCT-2012,0.989466,1.0267300000000001,0.058499999999999996,22-NOV-2011,31-JAN-2022,31-DEC-2012
23-OCT-2012,0.989466,1.01743,0.058499999999999996,22-NOV-2011,31-JAN-2022,31-DEC-2012
24-OCT-2012,0.989466,1.02123,0.058499999999999996,22-NOV-2011,31-JAN-2022,31-DEC-2012
25-OCT-2012,0.989466,1.01793,0.058499999999999996,22-NOV-2011,31-JAN-2022,31-DEC-2012
26-OCT-2012,0.989466,1.0195,0.058499999999999996,22-NOV-2011,31-JAN-2022,31-DEC-2012
29-OCT-2012,0.989466,1.0146,0.058499999999999996,22-NOV-2011,31-JAN-2022,31-DEC-2012
30-OCT-2012,0.989466,1.01365,0.058499999999999996,22-NOV-2011,31-JAN-2022,31-DEC-2012
31-OCT-2012,0.989466,1.0175,0.058499999999999996,22-NOV-2011,31-JAN-2022,31-DEC-2012
01-NOV-2012,0.989466,1.01925,0.058499999999999996,22-NOV-2011,31-JAN-2022,31-DEC-2012
02-NOV-2012,0.989466,1.01438,0.058499999999999996,22-NOV-2011,31-JAN-2022,31-DEC-2012
05-NOV-2012,0.989466,1.0077800000000001,0.058499999999999996,22-NOV-2011,31-JAN-2022,31-DEC-2012
06-NOV-2012,0.989466,1.01447,0.058499999999999996,22-NOV-2011,31-JAN-2022,31-DEC-2012
07-NOV-2012,0.989466,1.0118,0.058499999999999996,22-NOV-2011,31-JAN-2022,31-DEC-2012
08-NOV-2012,0.989466,1.0007,0.058499999999999996,22-NOV-2011,31-JAN-2022,31-DEC-2012
09-NOV-2012,0.989466,1.00265,0.058499999999999996,22-NOV-2011,31-JAN-2022,31-DEC-2012
12-NOV-2012,0.989466,0.9979000000000001,0.058499999999999996,22-NOV-2011,31-JAN-2022,31-DEC-2012
13-NOV-2012,0.989466,1.00075,0.058499999999999996,22-NOV-2011,31-JAN-2022,31-DEC-2012
14-NOV-2012,0.989466,0.9949,0.058499999999999996,22-NOV-2011,31-JAN-2022,31-DEC-2012
15-NOV-2012,0.989466,0.99733,0.058499999999999996,22-NOV-2011,31-JAN-2022,31-DEC-2012
16-NOV-2012,0.989466,0.9992300000000001,0.058499999999999996,22-NOV-2011,31-JAN-2022,31-DEC-2012
19-NOV-2012,0.989466,0.99738,0.058499999999999996,22-NOV-2011,31-JAN-2022,31-DEC-2012
20-NOV-2012,0.989466,1.00503,0.058499999999999996,22-NOV-2011,31-JAN-2022,31-DEC-2012
21-NOV-2012,0.989466,1.01055,0.058499999999999996,22-NOV-2011,31-JAN-2022,31-DEC-2012
22-NOV-2012,0.989466,1.01443,0.058499999999999996,22-NOV-2011,31-JAN-2022,31-DEC-2012
23-NOV-2012,0.989466,1.0174800000000002,0.058499999999999996,22-NOV-2011,31-JAN-2022,31-DEC-2012
26-NOV-2012,0.989466,1.0172,0.058499999999999996,22-NOV-2011,31-JAN-2022,31-DEC-2012
27-NOV-2012,0.989466,1.02408,0.058499999999999996,22-NOV-2011,31-JAN-2022,31-DEC-2012
28-NOV-2012,0.989466,1.03788,0.058499999999999996,22-NOV-2011,31-JAN-2022,31-DEC-2012
29-NOV-2012,0.989466,1.0373999999999999,0.058499999999999996,22-NOV-2011,31-JAN-2022,31-DEC-2012
30-NOV-2012,0.989466,1.0389,0.058499999999999996,22-NOV-2011,31-JAN-2022,31-DEC-2012
03-DEC-2012,0.989466,1.0437,0.058499999999999996,22-NOV-2011,31-JAN-2022,31-DEC-2012
04-DEC-2012,0.989466,1.0437,0.058499999999999996,22-NOV-2011,31-JAN-2022,31-DEC-2012
07-DEC-2012,0.989728,1.02885,0.058499999999999996,22-NOV-2011,31-JAN-2022,31-MAR-2013
10-DEC-2012,0.989728,1.02148,0.058499999999999996,22-NOV-2011,31-JAN-2022,31-MAR-2013
11-DEC-2012,0.989728,1.0287000000000002,0.058499999999999996,22-NOV-2011,31-JAN-2022,31-MAR-2013
12-DEC-2012,0.989728,1.03545,0.058499999999999996,22-NOV-2011,31-JAN-2022,31-MAR-2013
13-DEC-2012,0.989728,1.03262,0.058499999999999996,22-NOV-2011,31-JAN-2022,31-MAR-2013
14-DEC-2012,0.989728,1.03355,0.058499999999999996,22-NOV-2011,31-JAN-2022,31-MAR-2013
17-DEC-2012,0.989728,1.03065,0.058499999999999996,22-NOV-2011,31-JAN-2022,31-MAR-2013
18-DEC-2012,0.989728,1.03958,0.058499999999999996,22-NOV-2011,31-JAN-2022,31-MAR-2013
19-DEC-2012,0.989728,1.04283,0.058499999999999996,22-NOV-2011,31-JAN-2022,31-MAR-2013
20-DEC-2012,0.989728,1.04498,0.058499999999999996,22-NOV-2011,31-JAN-2022,31-MAR-2013
21-DEC-2012,0.989728,1.04413,0.058499999999999996,22-NOV-2011,31-JAN-2022,31-MAR-2013
24-DEC-2012,0.989728,1.04528,0.058499999999999996,22-NOV-2011,31-JAN-2022,31-MAR-2013
27-DEC-2012,0.989728,1.0419,0.058499999999999996,22-NOV-2011,31-JAN-2022,31-MAR-2013
28-DEC-2012,0.989728,1.0441500000000001,0.058499999999999996,22-NOV-2011,31-JAN-2022,31-MAR-2013
31-DEC-2012,0.989728,1.04365,0.058499999999999996,22-NOV-2011,31-JAN-2022,31-MAR-2013
02-JAN-2013,0.989728,1.0595999999999999,0.058499999999999996,22-NOV-2011,31-JAN-2022,31-MAR-2013
03-JAN-2013,0.989728,1.06065,0.058499999999999996,22-NOV-2011,31-JAN-2022,31-MAR-2013
04-JAN-2013,0.989728,1.05795,0.058499999999999996,22-NOV-2011,31-JAN-2022,31-MAR-2013
07-JAN-2013,0.989728,1.0538800000000001,0.058499999999999996,22-NOV-2011,31-JAN-2022,31-MAR-2013
08-JAN-2013,0.989728,1.0566,0.058499999999999996,22-NOV-2011,31-JAN-2022,31-MAR-2013
09-JAN-2013,0.989728,1.05197,0.058499999999999996,22-NOV-2011,31-JAN-2022,31-MAR-2013
10-JAN-2013,0.989728,1.06898,0.058499999999999996,22-NOV-2011,31-JAN-2022,31-MAR-2013
11-JAN-2013,0.989728,1.0701,0.058499999999999996,22-NOV-2011,31-JAN-2022,31-MAR-2013
14-JAN-2013,0.989728,1.05955,0.058499999999999996,22-NOV-2011,31-JAN-2022,31-MAR-2013
15-JAN-2013,0.989728,1.06043,0.058499999999999996,22-NOV-2011,31-JAN-2022,31-MAR-2013
16-JAN-2013,0.989728,1.05965,0.058499999999999996,22-NOV-2011,31-JAN-2022,31-MAR-2013
17-JAN-2013,0.989728,1.05193,0.058499999999999996,22-NOV-2011,31-JAN-2022,31-MAR-2013
18-JAN-2013,0.989728,1.056,0.058499999999999996,22-NOV-2011,31-JAN-2022,31-MAR-2013
21-JAN-2013,0.989728,1.04955,0.058499999999999996,22-NOV-2011,31-JAN-2022,31-MAR-2013
22-JAN-2013,0.989728,1.0526,0.058499999999999996,22-NOV-2011,31-JAN-2022,31-MAR-2013
23-JAN-2013,0.989728,1.05655,0.058499999999999996,22-NOV-2011,31-JAN-2022,31-MAR-2013
13-MAR-2013,0.989718,1.0131999999999999,0.058499999999999996,22-NOV-2011,31-JAN-2022,30-JUN-2013
21-MAR-2013,0.989718,1.01855,0.058499999999999996,22-NOV-2011,31-JAN-2022,30-JUN-2013
22-MAR-2013,0.989718,1.01293,0.058499999999999996,22-NOV-2011,31-JAN-2022,30-JUN-2013
25-MAR-2013,0.989718,1.0196,0.058499999999999996,22-NOV-2011,31-JAN-2022,30-JUN-2013
26-MAR-2013,0.989718,1.0145,0.058499999999999996,22-NOV-2011,31-JAN-2022,30-JUN-2013
28-MAR-2013,0.989718,1.0177500000000002,0.058499999999999996,22-NOV-2011,31-JAN-2022,30-JUN-2013
02-APR-2013,0.989718,1.01588,0.058499999999999996,22-NOV-2011,31-JAN-2022,30-JUN-2013
03-APR-2013,0.989718,0.9983,0.058499999999999996,22-NOV-2011,31-JAN-2022,30-JUN-2013
05-APR-2013,0.989718,1.00285,0.058499999999999996,22-NOV-2011,31-JAN-2022,30-JUN-2013
08-APR-2013,0.989718,0.9974500000000001,0.058499999999999996,22-NOV-2011,31-JAN-2022,30-JUN-2013
09-APR-2013,0.989718,0.9997,0.058499999999999996,22-NOV-2011,31-JAN-2022,30-JUN-2013
29-APR-2013,0.989718,1.0037800000000001,0.058499999999999996,22-NOV-2011,31-JAN-2022,30-JUN-2013
30-APR-2013,0.989718,0.9990300000000001,0.058499999999999996,22-NOV-2011,31-JAN-2022,30-JUN-2013
02-MAY-2013,0.989718,1.00675,0.058499999999999996,22-NOV-2011,31-JAN-2022,30-JUN-2013
03-MAY-2013,0.989718,1.01585,0.058499999999999996,22-NOV-2011,31-JAN-2022,30-JUN-2013
06-MAY-2013,0.989718,1.01635,0.058499999999999996,22-NOV-2011,31-JAN-2022,30-JUN-2013
07-MAY-2013,0.989718,1.01688,0.058499999999999996,22-NOV-2011,31-JAN-2022,30-JUN-2013
08-MAY-2013,0.989718,1.01345,0.058499999999999996,22-NOV-2011,31-JAN-2022,30-JUN-2013
24-JAN-2013,0.956161,1.0161499999999999,0.054000000000000006,29-JAN-2013,31-JAN-2023,31-MAR-2013
25-JAN-2013,0.956161,1.0171299999999999,0.054000000000000006,29-JAN-2013,31-JAN-2023,31-MAR-2013
28-JAN-2013,0.956161,1.01595,0.054000000000000006,29-JAN-2013,31-JAN-2023,31-MAR-2013
29-JAN-2013,0.956161,1.02005,0.054000000000000006,29-JAN-2013,31-JAN-2023,31-MAR-2013
30-JAN-2013,0.956161,1.01833,0.054000000000000006,29-JAN-2013,31-JAN-2023,31-MAR-2013
31-JAN-2013,0.956161,1.00338,0.054000000000000006,29-JAN-2013,31-JAN-2023,31-MAR-2013
01-FEB-2013,0.956161,1.01345,0.054000000000000006,29-JAN-2013,31-JAN-2023,31-MAR-2013
04-FEB-2013,0.956161,1.02423,0.054000000000000006,29-JAN-2013,31-JAN-2023,31-MAR-2013
05-FEB-2013,0.956161,1.0238,0.054000000000000006,29-JAN-2013,31-JAN-2023,31-MAR-2013
06-FEB-2013,0.956161,1.024,0.054000000000000006,29-JAN-2013,31-JAN-2023,31-MAR-2013
07-FEB-2013,0.956161,1.02825,0.054000000000000006,29-JAN-2013,31-JAN-2023,31-MAR-2013
08-FEB-2013,0.956161,1.0501,0.054000000000000006,29-JAN-2013,31-JAN-2023,31-MAR-2013
11-FEB-2013,0.956161,1.05023,0.054000000000000006,29-JAN-2013,31-JAN-2023,31-MAR-2013
12-FEB-2013,0.956161,1.05288,0.054000000000000006,29-JAN-2013,31-JAN-2023,31-MAR-2013
13-FEB-2013,0.956161,1.0864,0.054000000000000006,29-JAN-2013,31-JAN-2023,31-MAR-2013
14-FEB-2013,0.956161,1.04223,0.054000000000000006,29-JAN-2013,31-JAN-2023,31-MAR-2013
15-FEB-2013,0.956161,1.03748,0.054000000000000006,29-JAN-2013,31-JAN-2023,31-MAR-2013
18-FEB-2013,0.956161,1.03435,0.054000000000000006,29-JAN-2013,31-JAN-2023,31-MAR-2013
19-FEB-2013,0.956161,1.02828,0.054000000000000006,29-JAN-2013,31-JAN-2023,31-MAR-2013
20-FEB-2013,0.956161,1.0333,0.054000000000000006,29-JAN-2013,31-JAN-2023,31-MAR-2013
21-FEB-2013,0.956161,1.07685,0.054000000000000006,29-JAN-2013,31-JAN-2023,31-MAR-2013
22-FEB-2013,0.956161,1.0786,0.054000000000000006,29-JAN-2013,31-JAN-2023,31-MAR-2013
25-FEB-2013,0.956161,1.07065,0.054000000000000006,29-JAN-2013,31-JAN-2023,31-MAR-2013
26-FEB-2013,0.956161,1.0724,0.054000000000000006,29-JAN-2013,31-JAN-2023,31-MAR-2013
27-FEB-2013,0.956161,1.0252,0.054000000000000006,29-JAN-2013,31-JAN-2023,31-MAR-2013
28-FEB-2013,0.956161,1.06193,0.054000000000000006,29-JAN-2013,31-JAN-2023,31-MAR-2013
01-MAR-2013,0.956161,1.0709300000000002,0.054000000000000006,29-JAN-2013,31-JAN-2023,31-MAR-2013
04-MAR-2013,0.956161,1.0732,0.054000000000000006,29-JAN-2013,31-JAN-2023,31-MAR-2013
05-MAR-2013,0.956161,1.0379,0.054000000000000006,29-JAN-2013,31-JAN-2023,31-MAR-2013
08-MAR-2013,0.95674,1.08615,0.054000000000000006,29-JAN-2013,31-JAN-2023,30-JUN-2013
11-MAR-2013,0.95674,1.0877800000000002,0.054000000000000006,29-JAN-2013,31-JAN-2023,30-JUN-2013
12-MAR-2013,0.95674,1.08958,0.054000000000000006,29-JAN-2013,31-JAN-2023,30-JUN-2013
14-MAR-2013,0.95674,1.05955,0.054000000000000006,29-JAN-2013,31-JAN-2023,30-JUN-2013
15-MAR-2013,0.95674,1.0572700000000002,0.054000000000000006,29-JAN-2013,31-JAN-2023,30-JUN-2013
18-MAR-2013,0.95674,1.05538,0.054000000000000006,29-JAN-2013,31-JAN-2023,30-JUN-2013
19-MAR-2013,0.95674,1.0521500000000001,0.054000000000000006,29-JAN-2013,31-JAN-2023,30-JUN-2013
20-MAR-2013,0.95674,1.05213,0.054000000000000006,29-JAN-2013,31-JAN-2023,30-JUN-2013
27-MAR-2013,0.95674,1.0560500000000002,0.054000000000000006,29-JAN-2013,31-JAN-2023,30-JUN-2013
04-APR-2013,0.95674,1.05705,0.054000000000000006,29-JAN-2013,31-JAN-2023,30-JUN-2013
10-APR-2013,0.95674,1.06078,0.054000000000000006,29-JAN-2013,31-JAN-2023,30-JUN-2013
11-APR-2013,0.95674,1.07115,0.054000000000000006,29-JAN-2013,31-JAN-2023,30-JUN-2013
12-APR-2013,0.95674,1.0885,0.054000000000000006,29-JAN-2013,31-JAN-2023,30-JUN-2013
15-APR-2013,0.95674,1.0879,0.054000000000000006,29-JAN-2013,31-JAN-2023,30-JUN-2013
16-APR-2013,0.95674,1.0878,0.054000000000000006,29-JAN-2013,31-JAN-2023,30-JUN-2013
17-APR-2013,0.95674,1.08845,0.054000000000000006,29-JAN-2013,31-JAN-2023,30-JUN-2013
18-APR-2013,0.95674,1.1361,0.054000000000000006,29-JAN-2013,31-JAN-2023,30-JUN-2013
19-APR-2013,0.95674,1.1378000000000001,0.054000000000000006,29-JAN-2013,31-JAN-2023,30-JUN-2013
22-APR-2013,0.95674,1.14545,0.054000000000000006,29-JAN-2013,31-JAN-2023,30-JUN-2013
23-APR-2013,0.95674,1.14503,0.054000000000000006,29-JAN-2013,31-JAN-2023,30-JUN-2013
24-APR-2013,0.95674,1.1400000000000001,0.054000000000000006,29-JAN-2013,31-JAN-2023,30-JUN-2013
25-APR-2013,0.95674,1.1400000000000001,0.054000000000000006,29-JAN-2013,31-JAN-2023,30-JUN-2013
26-APR-2013,0.95674,1.14167,0.054000000000000006,29-JAN-2013,31-JAN-2023,30-JUN-2013
09-MAY-2013,0.95674,1.09595,0.054000000000000006,29-JAN-2013,31-JAN-2023,30-JUN-2013
10-MAY-2013,0.95674,1.0946,0.054000000000000006,29-JAN-2013,31-JAN-2023,30-JUN-2013
13-MAY-2013,0.95674,1.08745,0.054000000000000006,29-JAN-2013,31-JAN-2023,30-JUN-2013
14-MAY-2013,0.95674,1.08288,0.054000000000000006,29-JAN-2013,31-JAN-2023,30-JUN-2013
15-MAY-2013,0.95674,1.0831300000000001,0.054000000000000006,29-JAN-2013,31-JAN-2023,30-JUN-2013
16-MAY-2013,0.95674,1.0858,0.054000000000000006,29-JAN-2013,31-JAN-2023,30-JUN-2013
17-MAY-2013,0.95674,1.09423,0.054000000000000006,29-JAN-2013,31-JAN-2023,30-JUN-2013
20-MAY-2013,0.95674,1.09443,0.054000000000000006,29-JAN-2013,31-JAN-2023,30-JUN-2013
21-MAY-2013,0.95674,1.09568,0.054000000000000006,29-JAN-2013,31-JAN-2023,30-JUN-2013
22-MAY-2013,0.95674,1.09618,0.054000000000000006,29-JAN-2013,31-JAN-2023,30-JUN-2013
23-MAY-2013,0.95674,1.08688,0.054000000000000006,29-JAN-2013,31-JAN-2023,30-JUN-2013
24-MAY-2013,0.95674,1.0766,0.054000000000000006,29-JAN-2013,31-JAN-2023,30-JUN-2013
27-MAY-2013,0.95674,1.08363,0.054000000000000006,29-JAN-2013,31-JAN-2023,30-JUN-2013
28-MAY-2013,0.95674,1.08678,0.054000000000000006,29-JAN-2013,31-JAN-2023,30-JUN-2013
29-MAY-2013,0.95674,1.07673,0.054000000000000006,29-JAN-2013,31-JAN-2023,30-JUN-2013
30-MAY-2013,0.95674,1.08073,0.054000000000000006,29-JAN-2013,31-JAN-2023,30-JUN-2013
31-MAY-2013,0.95674,1.07473,0.054000000000000006,29-JAN-2013,31-JAN-2023,30-JUN-2013
03-JUN-2013,0.95674,1.07203,0.054000000000000006,29-JAN-2013,31-JAN-2023,30-JUN-2013
04-JUN-2013,0.95674,1.0760500000000002,0.054000000000000006,29-JAN-2013,31-JAN-2023,30-JUN-2013
07-JUN-2013,0.957533,1.06598,0.054000000000000006,29-JAN-2013,31-JAN-2023,30-SEP-2013
10-JUN-2013,0.957533,1.06208,0.054000000000000006,29-JAN-2013,31-JAN-2023,30-SEP-2013
17-JUN-2013,0.957533,1.00208,0.054000000000000006,29-JAN-2013,31-JAN-2023,30-SEP-2013
18-JUN-2013,0.957533,1.00352,0.054000000000000006,29-JAN-2013,31-JAN-2023,30-SEP-2013
19-JUN-2013,0.957533,1.00488,0.054000000000000006,29-JAN-2013,31-JAN-2023,30-SEP-2013
21-JUN-2013,0.957533,1.0074,0.054000000000000006,29-JAN-2013,31-JAN-2023,30-SEP-2013
26-JUN-2013,0.957533,1.0629000000000002,0.054000000000000006,29-JAN-2013,31-JAN-2023,30-SEP-2013
27-JUN-2013,0.957533,1.06528,0.054000000000000006,29-JAN-2013,31-JAN-2023,30-SEP-2013
28-JUN-2013,0.957533,1.0668000000000002,0.054000000000000006,29-JAN-2013,31-JAN-2023,30-SEP-2013
01-JUL-2013,0.957533,0.98785,0.054000000000000006,29-JAN-2013,31-JAN-2023,30-SEP-2013
02-JUL-2013,0.957533,1.03732,0.054000000000000006,29-JAN-2013,31-JAN-2023,30-SEP-2013
03-JUL-2013,0.957533,0.97115,0.054000000000000006,29-JAN-2013,31-JAN-2023,30-SEP-2013
04-JUL-2013,0.957533,0.97363,0.054000000000000006,29-JAN-2013,31-JAN-2023,30-SEP-2013
05-JUL-2013,0.957533,1.04545,0.054000000000000006,29-JAN-2013,31-JAN-2023,30-SEP-2013
08-JUL-2013,0.957533,1.04993,0.054000000000000006,29-JAN-2013,31-JAN-2023,30-SEP-2013
09-JUL-2013,0.957533,1.05148,0.054000000000000006,29-JAN-2013,31-JAN-2023,30-SEP-2013
10-JUL-2013,0.957533,1.06343,0.054000000000000006,29-JAN-2013,31-JAN-2023,30-SEP-2013
11-JUL-2013,0.957533,1.06223,0.054000000000000006,29-JAN-2013,31-JAN-2023,30-SEP-2013
12-JUL-2013,0.957533,1.05105,0.054000000000000006,29-JAN-2013,31-JAN-2023,30-SEP-2013
15-JUL-2013,0.957533,1.0599500000000002,0.054000000000000006,29-JAN-2013,31-JAN-2023,30-SEP-2013
16-JUL-2013,0.957533,1.05965,0.054000000000000006,29-JAN-2013,31-JAN-2023,30-SEP-2013
17-JUL-2013,0.957533,1.0580800000000001,0.054000000000000006,29-JAN-2013,31-JAN-2023,30-SEP-2013
18-JUL-2013,0.957533,1.0531300000000001,0.054000000000000006,29-JAN-2013,31-JAN-2023,30-SEP-2013
19-JUL-2013,0.957533,1.0477800000000002,0.054000000000000006,29-JAN-2013,31-JAN-2023,30-SEP-2013
22-JUL-2013,0.957533,1.04655,0.054000000000000006,29-JAN-2013,31-JAN-2023,30-SEP-2013
23-JUL-2013,0.957533,1.0495999999999999,0.054000000000000006,29-JAN-2013,31-JAN-2023,30-SEP-2013
24-JUL-2013,0.957533,1.05363,0.054000000000000006,29-JAN-2013,31-JAN-2023,30-SEP-2013
25-JUL-2013,0.957533,1.05675,0.054000000000000006,29-JAN-2013,31-JAN-2023,30-SEP-2013
26-JUL-2013,0.957533,1.05328,0.054000000000000006,29-JAN-2013,31-JAN-2023,30-SEP-2013
29-JUL-2013,0.957533,1.0593000000000001,0.054000000000000006,29-JAN-2013,31-JAN-2023,30-SEP-2013
30-JUL-2013,0.957533,1.0577,0.054000000000000006,29-JAN-2013,31-JAN-2023,30-SEP-2013
31-JUL-2013,0.957533,1.06322,0.054000000000000006,29-JAN-2013,31-JAN-2023,30-SEP-2013
01-AUG-2013,0.957533,1.05745,0.054000000000000006,29-JAN-2013,31-JAN-2023,30-SEP-2013
02-AUG-2013,0.957533,1.0578,0.054000000000000006,29-JAN-2013,31-JAN-2023,30-SEP-2013
05-AUG-2013,0.957533,1.06183,0.054000000000000006,29-JAN-2013,31-JAN-2023,30-SEP-2013
06-AUG-2013,0.957533,1.06265,0.054000000000000006,29-JAN-2013,31-JAN-2023,30-SEP-2013
07-AUG-2013,0.957533,1.05783,0.054000000000000006,29-JAN-2013,31-JAN-2023,30-SEP-2013
08-AUG-2013,0.957533,1.0596299999999998,0.054000000000000006,29-JAN-2013,31-JAN-2023,30-SEP-2013
09-AUG-2013,0.957533,1.05968,0.054000000000000006,29-JAN-2013,31-JAN-2023,30-SEP-2013
12-AUG-2013,0.957533,1.062,0.054000000000000006,29-JAN-2013,31-JAN-2023,30-SEP-2013
13-AUG-2013,0.957533,1.0660800000000001,0.054000000000000006,29-JAN-2013,31-JAN-2023,30-SEP-2013
14-AUG-2013,0.957533,1.06393,0.054000000000000006,29-JAN-2013,31-JAN-2023,30-SEP-2013
15-AUG-2013,0.957533,1.06465,0.054000000000000006,29-JAN-2013,31-JAN-2023,30-SEP-2013
16-AUG-2013,0.957533,1.06493,0.054000000000000006,29-JAN-2013,31-JAN-2023,30-SEP-2013
19-AUG-2013,0.957533,1.06943,0.054000000000000006,29-JAN-2013,31-JAN-2023,30-SEP-2013
20-AUG-2013,0.957533,1.07115,0.054000000000000006,29-JAN-2013,31-JAN-2023,30-SEP-2013
21-AUG-2013,0.957533,1.07235,0.054000000000000006,29-JAN-2013,31-JAN-2023,30-SEP-2013
22-AUG-2013,0.957533,1.07148,0.054000000000000006,29-JAN-2013,31-JAN-2023,30-SEP-2013
23-AUG-2013,0.957533,1.0778,0.054000000000000006,29-JAN-2013,31-JAN-2023,30-SEP-2013
26-AUG-2013,0.957533,1.0748,0.054000000000000006,29-JAN-2013,31-JAN-2023,30-SEP-2013
27-AUG-2013,0.957533,1.0823,0.054000000000000006,29-JAN-2013,31-JAN-2023,30-SEP-2013
28-AUG-2013,0.957533,1.0777800000000002,0.054000000000000006,29-JAN-2013,31-JAN-2023,30-SEP-2013
29-AUG-2013,0.957533,1.07348,0.054000000000000006,29-JAN-2013,31-JAN-2023,30-SEP-2013
30-AUG-2013,0.957533,1.06822,0.054000000000000006,29-JAN-2013,31-JAN-2023,30-SEP-2013
02-SEP-2013,0.957533,1.07275,0.054000000000000006,29-JAN-2013,31-JAN-2023,30-SEP-2013
03-SEP-2013,0.957533,1.07468,0.054000000000000006,29-JAN-2013,31-JAN-2023,30-SEP-2013
04-SEP-2013,0.957533,1.0741500000000002,0.054000000000000006,29-JAN-2013,31-JAN-2023,30-SEP-2013
09-SEP-2013,0.95855,1.071,0.054000000000000006,29-JAN-2013,31-JAN-2023,31-DEC-2013
10-SEP-2013,0.95855,1.0686,0.054000000000000006,29-JAN-2013,31-JAN-2023,31-DEC-2013
11-SEP-2013,0.95855,1.0685,0.054000000000000006,29-JAN-2013,31-JAN-2023,31-DEC-2013
12-SEP-2013,0.95855,1.06843,0.054000000000000006,29-JAN-2013,31-JAN-2023,31-DEC-2013
13-SEP-2013,0.95855,1.07678,0.054000000000000006,29-JAN-2013,31-JAN-2023,31-DEC-2013
16-SEP-2013,0.95855,1.07417,0.054000000000000006,29-JAN-2013,31-JAN-2023,31-DEC-2013
17-SEP-2013,0.95855,1.07075,0.054000000000000006,29-JAN-2013,31-JAN-2023,31-DEC-2013
18-SEP-2013,0.95855,1.0681,0.054000000000000006,29-JAN-2013,31-JAN-2023,31-DEC-2013
19-SEP-2013,0.95855,1.0702800000000001,0.054000000000000006,29-JAN-2013,31-JAN-2023,31-DEC-2013
20-SEP-2013,0.95855,1.07185,0.054000000000000006,29-JAN-2013,31-JAN-2023,31-DEC-2013
23-SEP-2013,0.95855,1.07385,0.054000000000000006,29-JAN-2013,31-JAN-2023,31-DEC-2013
24-SEP-2013,0.95855,1.07113,0.054000000000000006,29-JAN-2013,31-JAN-2023,31-DEC-2013
25-SEP-2013,0.95855,1.07765,0.054000000000000006,29-JAN-2013,31-JAN-2023,31-DEC-2013
26-SEP-2013,0.95855,1.07953,0.054000000000000006,29-JAN-2013,31-JAN-2023,31-DEC-2013
27-SEP-2013,0.95855,1.0794,0.054000000000000006,29-JAN-2013,31-JAN-2023,31-DEC-2013
30-SEP-2013,0.95855,1.08583,0.054000000000000006,29-JAN-2013,31-JAN-2023,31-DEC-2013
01-OCT-2013,0.95855,1.0878,0.054000000000000006,29-JAN-2013,31-JAN-2023,31-DEC-2013
02-OCT-2013,0.95855,1.0902800000000001,0.054000000000000006,29-JAN-2013,31-JAN-2023,31-DEC-2013
03-OCT-2013,0.95855,1.08955,0.054000000000000006,29-JAN-2013,31-JAN-2023,31-DEC-2013
04-OCT-2013,0.95855,1.0891,0.054000000000000006,29-JAN-2013,31-JAN-2023,31-DEC-2013
07-OCT-2013,0.95855,1.08463,0.054000000000000006,29-JAN-2013,31-JAN-2023,31-DEC-2013
08-OCT-2013,0.95855,1.08322,0.054000000000000006,29-JAN-2013,31-JAN-2023,31-DEC-2013
09-OCT-2013,0.95855,1.08833,0.054000000000000006,29-JAN-2013,31-JAN-2023,31-DEC-2013
10-OCT-2013,0.95855,1.0985,0.054000000000000006,29-JAN-2013,31-JAN-2023,31-DEC-2013
11-OCT-2013,0.95855,1.09233,0.054000000000000006,29-JAN-2013,31-JAN-2023,31-DEC-2013
14-OCT-2013,0.95855,1.09338,0.054000000000000006,29-JAN-2013,31-JAN-2023,31-DEC-2013
15-OCT-2013,0.95855,1.09658,0.054000000000000006,29-JAN-2013,31-JAN-2023,31-DEC-2013
16-OCT-2013,0.95855,1.09628,0.054000000000000006,29-JAN-2013,31-JAN-2023,31-DEC-2013
17-OCT-2013,0.95855,1.08925,0.054000000000000006,29-JAN-2013,31-JAN-2023,31-DEC-2013
18-OCT-2013,0.95855,1.0862800000000001,0.054000000000000006,29-JAN-2013,31-JAN-2023,31-DEC-2013
21-OCT-2013,0.95855,1.0856999999999999,0.054000000000000006,29-JAN-2013,31-JAN-2023,31-DEC-2013
22-OCT-2013,0.95855,1.0896,0.054000000000000006,29-JAN-2013,31-JAN-2023,31-DEC-2013
23-OCT-2013,0.95855,1.0916,0.054000000000000006,29-JAN-2013,31-JAN-2023,31-DEC-2013
24-OCT-2013,0.95855,1.08813,0.054000000000000006,29-JAN-2013,31-JAN-2023,31-DEC-2013
25-OCT-2013,0.95855,1.0885,0.054000000000000006,29-JAN-2013,31-JAN-2023,31-DEC-2013
28-OCT-2013,0.95855,1.08938,0.054000000000000006,29-JAN-2013,31-JAN-2023,31-DEC-2013
29-OCT-2013,0.95855,1.0923,0.054000000000000006,29-JAN-2013,31-JAN-2023,31-DEC-2013
30-OCT-2013,0.95855,1.09095,0.054000000000000006,29-JAN-2013,31-JAN-2023,31-DEC-2013
31-OCT-2013,0.95855,1.0973300000000001,0.054000000000000006,29-JAN-2013,31-JAN-2023,31-DEC-2013
01-NOV-2013,0.95855,1.10233,0.054000000000000006,29-JAN-2013,31-JAN-2023,31-DEC-2013
04-NOV-2013,0.95855,1.10137,0.054000000000000006,29-JAN-2013,31-JAN-2023,31-DEC-2013
05-NOV-2013,0.95855,1.09975,0.054000000000000006,29-JAN-2013,31-JAN-2023,31-DEC-2013
06-NOV-2013,0.95855,1.10568,0.054000000000000006,29-JAN-2013,31-JAN-2023,31-DEC-2013
07-NOV-2013,0.95855,1.1093000000000002,0.054000000000000006,29-JAN-2013,31-JAN-2023,31-DEC-2013
08-NOV-2013,0.95855,1.1081999999999999,0.054000000000000006,29-JAN-2013,31-JAN-2023,31-DEC-2013
11-NOV-2013,0.95855,1.1102800000000002,0.054000000000000006,29-JAN-2013,31-JAN-2023,31-DEC-2013
12-NOV-2013,0.95855,1.11542,0.054000000000000006,29-JAN-2013,31-JAN-2023,31-DEC-2013
13-NOV-2013,0.95855,1.1118000000000001,0.054000000000000006,29-JAN-2013,31-JAN-2023,31-DEC-2013
14-NOV-2013,0.95855,1.1046,0.054000000000000006,29-JAN-2013,31-JAN-2023,31-DEC-2013
15-NOV-2013,0.95855,1.1004800000000001,0.054000000000000006,29-JAN-2013,31-JAN-2023,31-DEC-2013
18-NOV-2013,0.95855,1.10833,0.054000000000000006,29-JAN-2013,31-JAN-2023,31-DEC-2013
19-NOV-2013,0.95855,1.10388,0.054000000000000006,29-JAN-2013,31-JAN-2023,31-DEC-2013
20-NOV-2013,0.95855,1.1047,0.054000000000000006,29-JAN-2013,31-JAN-2023,31-DEC-2013
21-NOV-2013,0.95855,1.10352,0.054000000000000006,29-JAN-2013,31-JAN-2023,31-DEC-2013
22-NOV-2013,0.95855,1.1053,0.054000000000000006,29-JAN-2013,31-JAN-2023,31-DEC-2013
25-NOV-2013,0.95855,1.10823,0.054000000000000006,29-JAN-2013,31-JAN-2023,31-DEC-2013
26-NOV-2013,0.95855,1.10708,0.054000000000000006,29-JAN-2013,31-JAN-2023,31-DEC-2013
27-NOV-2013,0.95855,1.107,0.054000000000000006,29-JAN-2013,31-JAN-2023,31-DEC-2013
28-NOV-2013,0.95855,1.10663,0.054000000000000006,29-JAN-2013,31-JAN-2023,31-DEC-2013
29-NOV-2013,0.95855,1.1057299999999999,0.054000000000000006,29-JAN-2013,31-JAN-2023,31-DEC-2013
02-DEC-2013,0.95855,1.10475,0.054000000000000006,29-JAN-2013,31-JAN-2023,31-DEC-2013
03-DEC-2013,0.95855,1.10538,0.054000000000000006,29-JAN-2013,31-JAN-2023,31-DEC-2013
04-DEC-2013,0.95855,1.1013,0.054000000000000006,29-JAN-2013,31-JAN-2023,31-DEC-2013
09-DEC-2013,0.959404,1.10145,0.054000000000000006,29-JAN-2013,31-JAN-2023,31-MAR-2014
10-DEC-2013,0.959404,1.1022,0.054000000000000006,29-JAN-2013,31-JAN-2023,31-MAR-2014
11-DEC-2013,0.959404,1.1016,0.054000000000000006,29-JAN-2013,31-JAN-2023,31-MAR-2014
12-DEC-2013,0.959404,1.10365,0.054000000000000006,29-JAN-2013,31-JAN-2023,31-MAR-2014
13-DEC-2013,0.959404,1.10065,0.054000000000000006,29-JAN-2013,31-JAN-2023,31-MAR-2014
16-DEC-2013,0.959404,1.10178,0.054000000000000006,29-JAN-2013,31-JAN-2023,31-MAR-2014
17-DEC-2013,0.959404,1.09778,0.054000000000000006,29-JAN-2013,31-JAN-2023,31-MAR-2014
18-DEC-2013,0.959404,1.104,0.054000000000000006,29-JAN-2013,31-JAN-2023,31-MAR-2014
19-DEC-2013,0.959404,1.10982,0.054000000000000006,29-JAN-2013,31-JAN-2023,31-MAR-2014
20-DEC-2013,0.959404,1.1094,0.054000000000000006,29-JAN-2013,31-JAN-2023,31-MAR-2014
23-DEC-2013,0.959404,1.1044,0.054000000000000006,29-JAN-2013,31-JAN-2023,31-MAR-2014
24-DEC-2013,0.959404,1.10405,0.054000000000000006,29-JAN-2013,31-JAN-2023,31-MAR-2014
27-DEC-2013,0.959404,1.10645,0.054000000000000006,29-JAN-2013,31-JAN-2023,31-MAR-2014
30-DEC-2013,0.959404,1.1045800000000001,0.054000000000000006,29-JAN-2013,31-JAN-2023,31-MAR-2014
31-DEC-2013,0.959404,1.09985,0.054000000000000006,29-JAN-2013,31-JAN-2023,31-MAR-2014
02-JAN-2014,0.959404,1.1017000000000001,0.054000000000000006,29-JAN-2013,31-JAN-2023,31-MAR-2014
03-JAN-2014,0.959404,1.1002800000000001,0.054000000000000006,29-JAN-2013,31-JAN-2023,31-MAR-2014
06-JAN-2014,0.959404,1.09565,0.054000000000000006,29-JAN-2013,31-JAN-2023,31-MAR-2014
07-JAN-2014,0.959404,1.0951300000000002,0.054000000000000006,29-JAN-2013,31-JAN-2023,31-MAR-2014
08-JAN-2014,0.959404,1.0941500000000002,0.054000000000000006,29-JAN-2013,31-JAN-2023,31-MAR-2014
09-JAN-2014,0.959404,1.1002500000000002,0.054000000000000006,29-JAN-2013,31-JAN-2023,31-MAR-2014
10-JAN-2014,0.959404,1.1012000000000002,0.054000000000000006,29-JAN-2013,31-JAN-2023,31-MAR-2014
13-JAN-2014,0.959404,1.11458,0.054000000000000006,29-JAN-2013,31-JAN-2023,31-MAR-2014
14-JAN-2014,0.959404,1.1227800000000001,0.054000000000000006,29-JAN-2013,31-JAN-2023,31-MAR-2014
15-JAN-2014,0.959404,1.1202,0.054000000000000006,29-JAN-2013,31-JAN-2023,31-MAR-2014
16-JAN-2014,0.959404,1.1283,0.054000000000000006,29-JAN-2013,31-JAN-2023,31-MAR-2014
17-JAN-2014,0.959404,1.12963,0.054000000000000006,29-JAN-2013,31-JAN-2023,31-MAR-2014
20-JAN-2014,0.959404,1.12865,0.054000000000000006,29-JAN-2013,31-JAN-2023,31-MAR-2014
21-JAN-2014,0.959404,1.12765,0.054000000000000006,29-JAN-2013,31-JAN-2023,31-MAR-2014
22-JAN-2014,0.959404,1.12718,0.054000000000000006,29-JAN-2013,31-JAN-2023,31-MAR-2014
23-JAN-2014,0.959404,1.12745,0.054000000000000006,29-JAN-2013,31-JAN-2023,31-MAR-2014
24-JAN-2014,0.959404,1.1319,0.054000000000000006,29-JAN-2013,31-JAN-2023,31-MAR-2014
27-JAN-2014,0.959404,1.1341800000000002,0.054000000000000006,29-JAN-2013,31-JAN-2023,31-MAR-2014
28-JAN-2014,0.959404,1.13572,0.054000000000000006,29-JAN-2013,31-JAN-2023,31-MAR-2014
29-JAN-2014,0.959404,1.13828,0.054000000000000006,29-JAN-2013,31-JAN-2023,31-MAR-2014
30-JAN-2014,0.959404,1.13455,0.054000000000000006,29-JAN-2013,31-JAN-2023,31-MAR-2014
31-JAN-2014,0.959404,1.13425,0.054000000000000006,29-JAN-2013,31-JAN-2023,31-MAR-2014
03-FEB-2014,0.959404,1.1327,0.054000000000000006,29-JAN-2013,31-JAN-2023,31-MAR-2014
04-FEB-2014,0.959404,1.1292,0.054000000000000006,29-JAN-2013,31-JAN-2023,31-MAR-2014
05-FEB-2014,0.959404,1.1327500000000001,0.054000000000000006,29-JAN-2013,31-JAN-2023,31-MAR-2014
06-FEB-2014,0.959404,1.13713,0.054000000000000006,29-JAN-2013,31-JAN-2023,31-MAR-2014
07-FEB-2014,0.959404,1.13648,0.054000000000000006,29-JAN-2013,31-JAN-2023,31-MAR-2014
10-FEB-2014,0.959404,1.13738,0.054000000000000006,29-JAN-2013,31-JAN-2023,31-MAR-2014
11-FEB-2014,0.959404,1.14053,0.054000000000000006,29-JAN-2013,31-JAN-2023,31-MAR-2014
12-FEB-2014,0.959404,1.13968,0.054000000000000006,29-JAN-2013,31-JAN-2023,31-MAR-2014
13-FEB-2014,0.959404,1.1388,0.054000000000000006,29-JAN-2013,31-JAN-2023,31-MAR-2014
14-FEB-2014,0.959404,1.1411499999999999,0.054000000000000006,29-JAN-2013,31-JAN-2023,31-MAR-2014
17-FEB-2014,0.959404,1.1451500000000001,0.054000000000000006,29-JAN-2013,31-JAN-2023,31-MAR-2014
18-FEB-2014,0.959404,1.1505,0.054000000000000006,29-JAN-2013,31-JAN-2023,31-MAR-2014
19-FEB-2014,0.959404,1.15143,0.054000000000000006,29-JAN-2013,31-JAN-2023,31-MAR-2014
20-FEB-2014,0.959404,1.14985,0.054000000000000006,29-JAN-2013,31-JAN-2023,31-MAR-2014
21-FEB-2014,0.959404,1.14605,0.054000000000000006,29-JAN-2013,31-JAN-2023,31-MAR-2014
24-FEB-2014,0.959404,1.14855,0.054000000000000006,29-JAN-2013,31-JAN-2023,31-MAR-2014
25-FEB-2014,0.959404,1.15208,0.054000000000000006,29-JAN-2013,31-JAN-2023,31-MAR-2014
26-FEB-2014,0.959404,1.15625,0.054000000000000006,29-JAN-2013,31-JAN-2023,31-MAR-2014
27-FEB-2014,0.959404,1.1582,0.054000000000000006,29-JAN-2013,31-JAN-2023,31-MAR-2014
28-FEB-2014,0.959404,1.1548800000000001,0.054000000000000006,29-JAN-2013,31-JAN-2023,31-MAR-2014
03-MAR-2014,0.959404,1.15148,0.054000000000000006,29-JAN-2013,31-JAN-2023,31-MAR-2014
04-MAR-2014,0.959404,1.1559000000000001,0.054000000000000006,29-JAN-2013,31-JAN-2023,31-MAR-2014
07-MAR-2014,0.960071,1.15548,0.054000000000000006,29-JAN-2013,31-JAN-2023,30-JUN-2014
10-MAR-2014,0.960071,1.15598,0.054000000000000006,29-JAN-2013,31-JAN-2023,30-JUN-2014
11-MAR-2014,0.960071,1.1572,0.054000000000000006,29-JAN-2013,31-JAN-2023,30-JUN-2014
12-MAR-2014,0.960071,1.16088,0.054000000000000006,29-JAN-2013,31-JAN-2023,30-JUN-2014
13-MAR-2014,0.960071,1.15953,0.054000000000000006,29-JAN-2013,31-JAN-2023,30-JUN-2014
14-MAR-2014,0.960071,1.15977,0.054000000000000006,29-JAN-2013,31-JAN-2023,30-JUN-2014
17-MAR-2014,0.960071,1.1649,0.054000000000000006,29-JAN-2013,31-JAN-2023,30-JUN-2014
18-MAR-2014,0.960071,1.1695,0.054000000000000006,29-JAN-2013,31-JAN-2023,30-JUN-2014
19-MAR-2014,0.960071,1.1735200000000001,0.054000000000000006,29-JAN-2013,31-JAN-2023,30-JUN-2014
20-MAR-2014,0.960071,1.1718300000000001,0.054000000000000006,29-JAN-2013,31-JAN-2023,30-JUN-2014
21-MAR-2014,0.960071,1.16925,0.054000000000000006,29-JAN-2013,31-JAN-2023,30-JUN-2014
24-MAR-2014,0.960071,1.16678,0.054000000000000006,29-JAN-2013,31-JAN-2023,30-JUN-2014
25-MAR-2014,0.960071,1.17075,0.054000000000000006,29-JAN-2013,31-JAN-2023,30-JUN-2014
26-MAR-2014,0.960071,1.17235,0.054000000000000006,29-JAN-2013,31-JAN-2023,30-JUN-2014
27-MAR-2014,0.960071,1.1732,0.054000000000000006,29-JAN-2013,31-JAN-2023,30-JUN-2014
28-MAR-2014,0.960071,1.17033,0.054000000000000006,29-JAN-2013,31-JAN-2023,30-JUN-2014
31-MAR-2014,0.960071,1.1684,0.054000000000000006,29-JAN-2013,31-JAN-2023,30-JUN-2014
01-APR-2014,0.960071,1.16958,0.054000000000000006,29-JAN-2013,31-JAN-2023,30-JUN-2014
02-APR-2014,0.960071,1.17012,0.054000000000000006,29-JAN-2013,31-JAN-2023,30-JUN-2014
03-APR-2014,0.960071,1.1719,0.054000000000000006,29-JAN-2013,31-JAN-2023,30-JUN-2014
04-APR-2014,0.960071,1.1763299999999999,0.054000000000000006,29-JAN-2013,31-JAN-2023,30-JUN-2014
07-APR-2014,0.960071,1.17913,0.054000000000000006,29-JAN-2013,31-JAN-2023,30-JUN-2014
08-APR-2014,0.960071,1.1808,0.054000000000000006,29-JAN-2013,31-JAN-2023,30-JUN-2014
09-APR-2014,0.960071,1.18143,0.054000000000000006,29-JAN-2013,31-JAN-2023,30-JUN-2014
10-APR-2014,0.960071,1.17947,0.054000000000000006,29-JAN-2013,31-JAN-2023,30-JUN-2014
11-APR-2014,0.960071,1.17815,0.054000000000000006,29-JAN-2013,31-JAN-2023,30-JUN-2014
14-APR-2014,0.960071,1.1815,0.054000000000000006,29-JAN-2013,31-JAN-2023,30-JUN-2014
15-APR-2014,0.960071,1.18848,0.054000000000000006,29-JAN-2013,31-JAN-2023,30-JUN-2014
16-APR-2014,0.960071,1.1864000000000001,0.054000000000000006,29-JAN-2013,31-JAN-2023,30-JUN-2014
17-APR-2014,0.960071,1.1841,0.054000000000000006,29-JAN-2013,31-JAN-2023,30-JUN-2014
22-APR-2014,0.960071,1.1845,0.054000000000000006,29-JAN-2013,31-JAN-2023,30-JUN-2014
23-APR-2014,0.960071,1.18788,0.054000000000000006,29-JAN-2013,31-JAN-2023,30-JUN-2014
24-APR-2014,0.960071,1.186,0.054000000000000006,29-JAN-2013,31-JAN-2023,30-JUN-2014
25-APR-2014,0.960071,1.1898300000000002,0.054000000000000006,29-JAN-2013,31-JAN-2023,30-JUN-2014
28-APR-2014,0.960071,1.19435,0.054000000000000006,29-JAN-2013,31-JAN-2023,30-JUN-2014
29-APR-2014,0.960071,1.1969,0.054000000000000006,29-JAN-2013,31-JAN-2023,30-JUN-2014
30-APR-2014,0.960071,1.19508,0.054000000000000006,29-JAN-2013,31-JAN-2023,30-JUN-2014
02-MAY-2014,0.960071,1.19693,0.054000000000000006,29-JAN-2013,31-JAN-2023,30-JUN-2014
05-MAY-2014,0.960071,1.1982,0.054000000000000006,29-JAN-2013,31-JAN-2023,30-JUN-2014
06-MAY-2014,0.960071,1.19483,0.054000000000000006,29-JAN-2013,31-JAN-2023,30-JUN-2014
07-MAY-2014,0.960071,1.1962000000000002,0.054000000000000006,29-JAN-2013,31-JAN-2023,30-JUN-2014
08-MAY-2014,0.960071,1.19618,0.054000000000000006,29-JAN-2013,31-JAN-2023,30-JUN-2014
09-MAY-2014,0.960071,1.19598,0.054000000000000006,29-JAN-2013,31-JAN-2023,30-JUN-2014
12-MAY-2014,0.960071,1.20035,0.054000000000000006,29-JAN-2013,31-JAN-2023,30-JUN-2014
13-MAY-2014,0.960071,1.2035200000000001,0.054000000000000006,29-JAN-2013,31-JAN-2023,30-JUN-2014
14-MAY-2014,0.960071,1.2033,0.054000000000000006,29-JAN-2013,31-JAN-2023,30-JUN-2014
15-MAY-2014,0.960071,1.20628,0.054000000000000006,29-JAN-2013,31-JAN-2023,30-JUN-2014
16-MAY-2014,0.960071,1.20405,0.054000000000000006,29-JAN-2013,31-JAN-2023,30-JUN-2014
19-MAY-2014,0.960071,1.21148,0.054000000000000006,29-JAN-2013,31-JAN-2023,30-JUN-2014
20-MAY-2014,0.960071,1.20833,0.054000000000000006,29-JAN-2013,31-JAN-2023,30-JUN-2014
21-MAY-2014,0.960071,1.20673,0.054000000000000006,29-JAN-2013,31-JAN-2023,30-JUN-2014
22-MAY-2014,0.960071,1.2092,0.054000000000000006,29-JAN-2013,31-JAN-2023,30-JUN-2014
23-MAY-2014,0.960071,1.21295,0.054000000000000006,29-JAN-2013,31-JAN-2023,30-JUN-2014
26-MAY-2014,0.960071,1.19895,0.054000000000000006,29-JAN-2013,31-JAN-2023,30-JUN-2014
27-MAY-2014,0.960071,1.20488,0.054000000000000006,29-JAN-2013,31-JAN-2023,30-JUN-2014
28-MAY-2014,0.960071,1.19968,0.054000000000000006,29-JAN-2013,31-JAN-2023,30-JUN-2014
29-MAY-2014,0.960071,1.19185,0.054000000000000006,29-JAN-2013,31-JAN-2023,30-JUN-2014
30-MAY-2014,0.960071,1.19848,0.054000000000000006,29-JAN-2013,31-JAN-2023,30-JUN-2014
02-JUN-2014,0.960071,1.19503,0.054000000000000006,29-JAN-2013,31-JAN-2023,30-JUN-2014
03-JUN-2014,0.960071,1.20065,0.054000000000000006,29-JAN-2013,31-JAN-2023,30-JUN-2014
04-JUN-2014,0.960071,1.20863,0.054000000000000006,29-JAN-2013,31-JAN-2023,30-JUN-2014
11-JUN-2013,0.908824,1.2092,0.048,16-SEP-2008,31-JAN-2024,30-SEP-2013
12-JUN-2013,0.908824,1.21473,0.048,16-SEP-2008,31-JAN-2024,30-SEP-2013
13-JUN-2013,0.908824,1.2112,0.048,16-SEP-2008,31-JAN-2024,30-SEP-2013
14-JUN-2013,0.908824,1.21123,0.048,16-SEP-2008,31-JAN-2024,30-SEP-2013
20-JUN-2013,0.908824,1.212,0.048,16-SEP-2008,31-JAN-2024,30-SEP-2013
24-JUN-2013,0.908824,1.21255,0.048,16-SEP-2008,31-JAN-2024,30-SEP-2013
25-JUN-2013,0.908824,1.21018,0.048,16-SEP-2008,31-JAN-2024,30-SEP-2013
09-JUN-2014,0.889738,1.1599,0.044000000000000004,21-MAY-2013,31-OCT-2023,30-SEP-2014
10-JUN-2014,0.889738,1.1535,0.044000000000000004,21-MAY-2013,31-OCT-2023,30-SEP-2014
11-JUN-2014,0.889738,1.15375,0.044000000000000004,21-MAY-2013,31-OCT-2023,30-SEP-2014
12-JUN-2014,0.889738,1.1473,0.044000000000000004,21-MAY-2013,31-OCT-2023,30-SEP-2014
13-JUN-2014,0.889738,1.1513,0.044000000000000004,21-MAY-2013,31-OCT-2023,30-SEP-2014
16-JUN-2014,0.889738,1.14998,0.044000000000000004,21-MAY-2013,31-OCT-2023,30-SEP-2014
17-JUN-2014,0.889738,1.1466800000000001,0.044000000000000004,21-MAY-2013,31-OCT-2023,30-SEP-2014
18-JUN-2014,0.889738,1.1417300000000001,0.044000000000000004,21-MAY-2013,31-OCT-2023,30-SEP-2014
19-JUN-2014,0.889738,1.14568,0.044000000000000004,21-MAY-2013,31-OCT-2023,30-SEP-2014
20-JUN-2014,0.889738,1.14463,0.044000000000000004,21-MAY-2013,31-OCT-2023,30-SEP-2014
23-JUN-2014,0.889738,1.14825,0.044000000000000004,21-MAY-2013,31-OCT-2023,30-SEP-2014
24-JUN-2014,0.889738,1.1508,0.044000000000000004,21-MAY-2013,31-OCT-2023,30-SEP-2014
25-JUN-2014,0.889738,1.1529800000000001,0.044000000000000004,21-MAY-2013,31-OCT-2023,30-SEP-2014
26-JUN-2014,0.889738,1.15268,0.044000000000000004,21-MAY-2013,31-OCT-2023,30-SEP-2014
27-JUN-2014,0.889738,1.1522700000000001,0.044000000000000004,21-MAY-2013,31-OCT-2023,30-SEP-2014
30-JUN-2014,0.889738,1.15038,0.044000000000000004,21-MAY-2013,31-OCT-2023,30-SEP-2014
01-JUL-2014,0.889738,1.1523999999999999,0.044000000000000004,21-MAY-2013,31-OCT-2023,30-SEP-2014
02-JUL-2014,0.889738,1.14435,0.044000000000000004,21-MAY-2013,31-OCT-2023,30-SEP-2014
03-JUL-2014,0.889738,1.14958,0.044000000000000004,21-MAY-2013,31-OCT-2023,30-SEP-2014
04-JUL-2014,0.889738,1.15008,0.044000000000000004,21-MAY-2013,31-OCT-2023,30-SEP-2014
07-JUL-2014,0.889738,1.14985,0.044000000000000004,21-MAY-2013,31-OCT-2023,30-SEP-2014
08-JUL-2014,0.889738,1.14633,0.044000000000000004,21-MAY-2013,31-OCT-2023,30-SEP-2014
09-JUL-2014,0.889738,1.1429,0.044000000000000004,21-MAY-2013,31-OCT-2023,30-SEP-2014
10-JUL-2014,0.889738,1.1372499999999999,0.044000000000000004,21-MAY-2013,31-OCT-2023,30-SEP-2014
11-JUL-2014,0.889738,1.1418000000000001,0.044000000000000004,21-MAY-2013,31-OCT-2023,30-SEP-2014
14-JUL-2014,0.889738,1.1419700000000002,0.044000000000000004,21-MAY-2013,31-OCT-2023,30-SEP-2014
15-JUL-2014,0.889738,1.1468500000000001,0.044000000000000004,21-MAY-2013,31-OCT-2023,30-SEP-2014
16-JUL-2014,0.889738,1.15095,0.044000000000000004,21-MAY-2013,31-OCT-2023,30-SEP-2014
17-JUL-2014,0.889738,1.15368,0.044000000000000004,21-MAY-2013,31-OCT-2023,30-SEP-2014
18-JUL-2014,0.889738,1.1566500000000002,0.044000000000000004,21-MAY-2013,31-OCT-2023,30-SEP-2014
21-JUL-2014,0.889738,1.15903,0.044000000000000004,21-MAY-2013,31-OCT-2023,30-SEP-2014
22-JUL-2014,0.889738,1.15805,0.044000000000000004,21-MAY-2013,31-OCT-2023,30-SEP-2014
23-JUL-2014,0.889738,1.16,0.044000000000000004,21-MAY-2013,31-OCT-2023,30-SEP-2014
24-JUL-2014,0.889738,1.15993,0.044000000000000004,21-MAY-2013,31-OCT-2023,30-SEP-2014
25-JUL-2014,0.889738,1.1615300000000002,0.044000000000000004,21-MAY-2013,31-OCT-2023,30-SEP-2014
28-JUL-2014,0.889738,1.16565,0.044000000000000004,21-MAY-2013,31-OCT-2023,30-SEP-2014
29-JUL-2014,0.889738,1.16768,0.044000000000000004,21-MAY-2013,31-OCT-2023,30-SEP-2014
30-JUL-2014,0.889738,1.1628,0.044000000000000004,21-MAY-2013,31-OCT-2023,30-SEP-2014
31-JUL-2014,0.889738,1.1641,0.044000000000000004,21-MAY-2013,31-OCT-2023,30-SEP-2014
01-AUG-2014,0.889738,1.159,0.044000000000000004,21-MAY-2013,31-OCT-2023,30-SEP-2014
04-AUG-2014,0.889738,1.16505,0.044000000000000004,21-MAY-2013,31-OCT-2023,30-SEP-2014
05-AUG-2014,0.889738,1.16025,0.044000000000000004,21-MAY-2013,31-OCT-2023,30-SEP-2014
06-AUG-2014,0.889738,1.15683,0.044000000000000004,21-MAY-2013,31-OCT-2023,30-SEP-2014
07-AUG-2014,0.889738,1.15315,0.044000000000000004,21-MAY-2013,31-OCT-2023,30-SEP-2014
08-AUG-2014,0.889738,1.15925,0.044000000000000004,21-MAY-2013,31-OCT-2023,30-SEP-2014
11-AUG-2014,0.889738,1.16093,0.044000000000000004,21-MAY-2013,31-OCT-2023,30-SEP-2014
12-AUG-2014,0.889738,1.16583,0.044000000000000004,21-MAY-2013,31-OCT-2023,30-SEP-2014
13-AUG-2014,0.889738,1.1692,0.044000000000000004,21-MAY-2013,31-OCT-2023,30-SEP-2014
14-AUG-2014,0.889738,1.17673,0.044000000000000004,21-MAY-2013,31-OCT-2023,30-SEP-2014
15-AUG-2014,0.889738,1.18453,0.044000000000000004,21-MAY-2013,31-OCT-2023,30-SEP-2014
18-AUG-2014,0.889738,1.17943,0.044000000000000004,21-MAY-2013,31-OCT-2023,30-SEP-2014
19-AUG-2014,0.889738,1.1823000000000001,0.044000000000000004,21-MAY-2013,31-OCT-2023,30-SEP-2014
20-AUG-2014,0.889738,1.18435,0.044000000000000004,21-MAY-2013,31-OCT-2023,30-SEP-2014
21-AUG-2014,0.889738,1.18477,0.044000000000000004,21-MAY-2013,31-OCT-2023,30-SEP-2014
22-AUG-2014,0.889738,1.1862300000000001,0.044000000000000004,21-MAY-2013,31-OCT-2023,30-SEP-2014
25-AUG-2014,0.889738,1.19768,0.044000000000000004,21-MAY-2013,31-OCT-2023,30-SEP-2014
26-AUG-2014,0.889738,1.20583,0.044000000000000004,21-MAY-2013,31-OCT-2023,30-SEP-2014
27-AUG-2014,0.889738,1.20703,0.044000000000000004,21-MAY-2013,31-OCT-2023,30-SEP-2014
28-AUG-2014,0.889738,1.199,0.044000000000000004,21-MAY-2013,31-OCT-2023,30-SEP-2014
29-AUG-2014,0.889738,1.1991500000000002,0.044000000000000004,21-MAY-2013,31-OCT-2023,30-SEP-2014
01-SEP-2014,0.889738,1.19695,0.044000000000000004,21-MAY-2013,31-OCT-2023,30-SEP-2014
02-SEP-2014,0.889738,1.1954500000000001,0.044000000000000004,21-MAY-2013,31-OCT-2023,30-SEP-2014
03-SEP-2014,0.889738,1.1958,0.044000000000000004,21-MAY-2013,31-OCT-2023,30-SEP-2014
04-SEP-2014,0.889738,1.20575,0.044000000000000004,21-MAY-2013,31-OCT-2023,30-SEP-2014
09-SEP-2014,0.89206,1.20235,0.044000000000000004,21-MAY-2013,31-OCT-2023,31-DEC-2014
10-SEP-2014,0.89206,1.1968,0.044000000000000004,21-MAY-2013,31-OCT-2023,31-DEC-2014
11-SEP-2014,0.89206,1.19095,0.044000000000000004,21-MAY-2013,31-OCT-2023,31-DEC-2014
12-SEP-2014,0.89206,1.18835,0.044000000000000004,21-MAY-2013,31-OCT-2023,31-DEC-2014
15-SEP-2014,0.89206,1.18822,0.044000000000000004,21-MAY-2013,31-OCT-2023,31-DEC-2014
16-SEP-2014,0.89206,1.18848,0.044000000000000004,21-MAY-2013,31-OCT-2023,31-DEC-2014
17-SEP-2014,0.89206,1.1940300000000001,0.044000000000000004,21-MAY-2013,31-OCT-2023,31-DEC-2014
18-SEP-2014,0.89206,1.1936499999999999,0.044000000000000004,21-MAY-2013,31-OCT-2023,31-DEC-2014
19-SEP-2014,0.89206,1.20095,0.044000000000000004,21-MAY-2013,31-OCT-2023,31-DEC-2014
22-SEP-2014,0.89206,1.19993,0.044000000000000004,21-MAY-2013,31-OCT-2023,31-DEC-2014
23-SEP-2014,0.89206,1.19995,0.044000000000000004,21-MAY-2013,31-OCT-2023,31-DEC-2014
24-SEP-2014,0.89206,1.20408,0.044000000000000004,21-MAY-2013,31-OCT-2023,31-DEC-2014
25-SEP-2014,0.89206,1.20483,0.044000000000000004,21-MAY-2013,31-OCT-2023,31-DEC-2014
26-SEP-2014,0.89206,1.2015500000000001,0.044000000000000004,21-MAY-2013,31-OCT-2023,31-DEC-2014
29-SEP-2014,0.89206,1.19843,0.044000000000000004,21-MAY-2013,31-OCT-2023,31-DEC-2014
30-SEP-2014,0.89206,1.20613,0.044000000000000004,21-MAY-2013,31-OCT-2023,31-DEC-2014
01-OCT-2014,0.89206,1.21213,0.044000000000000004,21-MAY-2013,31-OCT-2023,31-DEC-2014
02-OCT-2014,0.89206,1.2089,0.044000000000000004,21-MAY-2013,31-OCT-2023,31-DEC-2014
03-OCT-2014,0.89206,1.2097499999999999,0.044000000000000004,21-MAY-2013,31-OCT-2023,31-DEC-2014
06-OCT-2014,0.89206,1.2056,0.044000000000000004,21-MAY-2013,31-OCT-2023,31-DEC-2014
07-OCT-2014,0.89206,1.20543,0.044000000000000004,21-MAY-2013,31-OCT-2023,31-DEC-2014
08-OCT-2014,0.89206,1.20943,0.044000000000000004,21-MAY-2013,31-OCT-2023,31-DEC-2014
09-OCT-2014,0.89206,1.2111,0.044000000000000004,21-MAY-2013,31-OCT-2023,31-DEC-2014
10-OCT-2014,0.89206,1.21143,0.044000000000000004,21-MAY-2013,31-OCT-2023,31-DEC-2014
13-OCT-2014,0.89206,1.20998,0.044000000000000004,21-MAY-2013,31-OCT-2023,31-DEC-2014
14-OCT-2014,0.89206,1.21318,0.044000000000000004,21-MAY-2013,31-OCT-2023,31-DEC-2014
15-OCT-2014,0.89206,1.20775,0.044000000000000004,21-MAY-2013,31-OCT-2023,31-DEC-2014
16-OCT-2014,0.89206,1.19903,0.044000000000000004,21-MAY-2013,31-OCT-2023,31-DEC-2014
17-OCT-2014,0.89206,1.20262,0.044000000000000004,21-MAY-2013,31-OCT-2023,31-DEC-2014
20-OCT-2014,0.89206,1.19493,0.044000000000000004,21-MAY-2013,31-OCT-2023,31-DEC-2014
21-OCT-2014,0.89206,1.19945,0.044000000000000004,21-MAY-2013,31-OCT-2023,31-DEC-2014
22-OCT-2014,0.89206,1.1993800000000001,0.044000000000000004,21-MAY-2013,31-OCT-2023,31-DEC-2014
23-OCT-2014,0.89206,1.2005,0.044000000000000004,21-MAY-2013,31-OCT-2023,31-DEC-2014
24-OCT-2014,0.89206,1.20165,0.044000000000000004,21-MAY-2013,31-OCT-2023,31-DEC-2014
27-OCT-2014,0.89206,1.2042,0.044000000000000004,21-MAY-2013,31-OCT-2023,31-DEC-2014
28-OCT-2014,0.89206,1.20445,0.044000000000000004,21-MAY-2013,31-OCT-2023,31-DEC-2014
29-OCT-2014,0.89206,1.2040300000000002,0.044000000000000004,21-MAY-2013,31-OCT-2023,31-DEC-2014
30-OCT-2014,0.89206,1.20208,0.044000000000000004,21-MAY-2013,31-OCT-2023,31-DEC-2014
31-OCT-2014,0.89206,1.209,0.044000000000000004,21-MAY-2013,31-OCT-2023,31-DEC-2014
03-NOV-2014,0.89206,1.20288,0.044000000000000004,21-MAY-2013,31-OCT-2023,31-DEC-2014
04-NOV-2014,0.89206,1.19903,0.044000000000000004,21-MAY-2013,31-OCT-2023,31-DEC-2014
05-NOV-2014,0.89206,1.19765,0.044000000000000004,21-MAY-2013,31-OCT-2023,31-DEC-2014
06-NOV-2014,0.89206,1.20072,0.044000000000000004,21-MAY-2013,31-OCT-2023,31-DEC-2014
07-NOV-2014,0.89206,1.20053,0.044000000000000004,21-MAY-2013,31-OCT-2023,31-DEC-2014
10-NOV-2014,0.89206,1.20338,0.044000000000000004,21-MAY-2013,31-OCT-2023,31-DEC-2014
11-NOV-2014,0.89206,1.2056,0.044000000000000004,21-MAY-2013,31-OCT-2023,31-DEC-2014
12-NOV-2014,0.89206,1.20415,0.044000000000000004,21-MAY-2013,31-OCT-2023,31-DEC-2014
13-NOV-2014,0.89206,1.20208,0.044000000000000004,21-MAY-2013,31-OCT-2023,31-DEC-2014
14-NOV-2014,0.89206,1.20333,0.044000000000000004,21-MAY-2013,31-OCT-2023,31-DEC-2014
17-NOV-2014,0.89206,1.20417,0.044000000000000004,21-MAY-2013,31-OCT-2023,31-DEC-2014
18-NOV-2014,0.89206,1.20348,0.044000000000000004,21-MAY-2013,31-OCT-2023,31-DEC-2014
19-NOV-2014,0.89206,1.2027800000000002,0.044000000000000004,21-MAY-2013,31-OCT-2023,31-DEC-2014
20-NOV-2014,0.89206,1.2052500000000002,0.044000000000000004,21-MAY-2013,31-OCT-2023,31-DEC-2014
21-NOV-2014,0.89206,1.21303,0.044000000000000004,21-MAY-2013,31-OCT-2023,31-DEC-2014
24-NOV-2014,0.89206,1.21675,0.044000000000000004,21-MAY-2013,31-OCT-2023,31-DEC-2014
25-NOV-2014,0.89206,1.2210800000000002,0.044000000000000004,21-MAY-2013,31-OCT-2023,31-DEC-2014
26-NOV-2014,0.89206,1.21615,0.044000000000000004,21-MAY-2013,31-OCT-2023,31-DEC-2014
27-NOV-2014,0.89206,1.2239,0.044000000000000004,21-MAY-2013,31-OCT-2023,31-DEC-2014
28-NOV-2014,0.89206,1.22258,0.044000000000000004,21-MAY-2013,31-OCT-2023,31-DEC-2014
01-DEC-2014,0.89206,1.22705,0.044000000000000004,21-MAY-2013,31-OCT-2023,31-DEC-2014
02-DEC-2014,0.89206,1.22688,0.044000000000000004,21-MAY-2013,31-OCT-2023,31-DEC-2014
03-DEC-2014,0.89206,1.22828,0.044000000000000004,21-MAY-2013,31-OCT-2023,31-DEC-2014
04-DEC-2014,0.89206,1.22295,0.044000000000000004,21-MAY-2013,31-OCT-2023,31-DEC-2014
05-DEC-2014,0.89206,1.2275,0.044000000000000004,21-MAY-2013,31-OCT-2023,31-DEC-2014
09-DEC-2014,0.89419,1.2268000000000001,0.044000000000000004,21-MAY-2013,31-OCT-2023,31-MAR-2015
10-DEC-2014,0.89419,1.2223300000000001,0.044000000000000004,21-MAY-2013,31-OCT-2023,31-MAR-2015
11-DEC-2014,0.89419,1.2215500000000001,0.044000000000000004,21-MAY-2013,31-OCT-2023,31-MAR-2015
12-DEC-2014,0.89419,1.2203300000000001,0.044000000000000004,21-MAY-2013,31-OCT-2023,31-MAR-2015
15-DEC-2014,0.89419,1.2275,0.044000000000000004,21-MAY-2013,31-OCT-2023,31-MAR-2015
16-DEC-2014,0.89419,1.2268000000000001,0.044000000000000004,21-MAY-2013,31-OCT-2023,31-MAR-2015
17-DEC-2014,0.89419,1.22943,0.044000000000000004,21-MAY-2013,31-OCT-2023,31-MAR-2015
18-DEC-2014,0.89419,1.2314,0.044000000000000004,21-MAY-2013,31-OCT-2023,31-MAR-2015
19-DEC-2014,0.89419,1.23535,0.044000000000000004,21-MAY-2013,31-OCT-2023,31-MAR-2015
22-DEC-2014,0.89419,1.2384000000000002,0.044000000000000004,21-MAY-2013,31-OCT-2023,31-MAR-2015
23-DEC-2014,0.89419,1.23828,0.044000000000000004,21-MAY-2013,31-OCT-2023,31-MAR-2015
24-DEC-2014,0.89419,1.2396800000000001,0.044000000000000004,21-MAY-2013,31-OCT-2023,31-MAR-2015
29-DEC-2014,0.89419,1.2378,0.044000000000000004,21-MAY-2013,31-OCT-2023,31-MAR-2015
30-DEC-2014,0.89419,1.2443300000000002,0.044000000000000004,21-MAY-2013,31-OCT-2023,31-MAR-2015
31-DEC-2014,0.89419,1.24475,0.044000000000000004,21-MAY-2013,31-OCT-2023,31-MAR-2015
02-JAN-2015,0.89419,1.25485,0.044000000000000004,21-MAY-2013,31-OCT-2023,31-MAR-2015
05-JAN-2015,0.89419,1.2445000000000002,0.044000000000000004,21-MAY-2013,31-OCT-2023,31-MAR-2015
06-JAN-2015,0.89419,1.2409999999999999,0.044000000000000004,21-MAY-2013,31-OCT-2023,31-MAR-2015
07-JAN-2015,0.89419,1.23633,0.044000000000000004,21-MAY-2013,31-OCT-2023,31-MAR-2015
08-JAN-2015,0.89419,1.2376500000000001,0.044000000000000004,21-MAY-2013,31-OCT-2023,31-MAR-2015
09-JAN-2015,0.89419,1.23225,0.044000000000000004,21-MAY-2013,31-OCT-2023,31-MAR-2015
12-JAN-2015,0.89419,1.2397,0.044000000000000004,21-MAY-2013,31-OCT-2023,31-MAR-2015
13-JAN-2015,0.89419,1.23925,0.044000000000000004,21-MAY-2013,31-OCT-2023,31-MAR-2015
14-JAN-2015,0.89419,1.2475,0.044000000000000004,21-MAY-2013,31-OCT-2023,31-MAR-2015
15-JAN-2015,0.89419,1.24363,0.044000000000000004,21-MAY-2013,31-OCT-2023,31-MAR-2015
16-JAN-2015,0.89419,1.25125,0.044000000000000004,21-MAY-2013,31-OCT-2023,31-MAR-2015
19-JAN-2015,0.89419,1.25058,0.044000000000000004,21-MAY-2013,31-OCT-2023,31-MAR-2015
20-JAN-2015,0.89419,1.24933,0.044000000000000004,21-MAY-2013,31-OCT-2023,31-MAR-2015
21-JAN-2015,0.89419,1.2481,0.044000000000000004,21-MAY-2013,31-OCT-2023,31-MAR-2015
22-JAN-2015,0.89419,1.25943,0.044000000000000004,21-MAY-2013,31-OCT-2023,31-MAR-2015
23-JAN-2015,0.89419,1.26125,0.044000000000000004,21-MAY-2013,31-OCT-2023,31-MAR-2015
26-JAN-2015,0.89419,1.26003,0.044000000000000004,21-MAY-2013,31-OCT-2023,31-MAR-2015
27-JAN-2015,0.89419,1.25818,0.044000000000000004,21-MAY-2013,31-OCT-2023,31-MAR-2015
28-JAN-2015,0.89419,1.25278,0.044000000000000004,21-MAY-2013,31-OCT-2023,31-MAR-2015
29-JAN-2015,0.89419,1.25073,0.044000000000000004,21-MAY-2013,31-OCT-2023,31-MAR-2015
30-JAN-2015,0.89419,1.25278,0.044000000000000004,21-MAY-2013,31-OCT-2023,31-MAR-2015
02-FEB-2015,0.89419,1.24663,0.044000000000000004,21-MAY-2013,31-OCT-2023,31-MAR-2015
03-FEB-2015,0.89419,1.24688,0.044000000000000004,21-MAY-2013,31-OCT-2023,31-MAR-2015
04-FEB-2015,0.89419,1.2506300000000001,0.044000000000000004,21-MAY-2013,31-OCT-2023,31-MAR-2015
05-FEB-2015,0.89419,1.24848,0.044000000000000004,21-MAY-2013,31-OCT-2023,31-MAR-2015
06-FEB-2015,0.89419,1.24715,0.044000000000000004,21-MAY-2013,31-OCT-2023,31-MAR-2015
09-FEB-2015,0.89419,1.2384300000000001,0.044000000000000004,21-MAY-2013,31-OCT-2023,31-MAR-2015
10-FEB-2015,0.89419,1.23465,0.044000000000000004,21-MAY-2013,31-OCT-2023,31-MAR-2015
11-FEB-2015,0.89419,1.23203,0.044000000000000004,21-MAY-2013,31-OCT-2023,31-MAR-2015
12-FEB-2015,0.89419,1.23438,0.044000000000000004,21-MAY-2013,31-OCT-2023,31-MAR-2015
13-FEB-2015,0.89419,1.23935,0.044000000000000004,21-MAY-2013,31-OCT-2023,31-MAR-2015
16-FEB-2015,0.89419,1.2374800000000001,0.044000000000000004,21-MAY-2013,31-OCT-2023,31-MAR-2015
17-FEB-2015,0.89419,1.23585,0.044000000000000004,21-MAY-2013,31-OCT-2023,31-MAR-2015
18-FEB-2015,0.89419,1.2374,0.044000000000000004,21-MAY-2013,31-OCT-2023,31-MAR-2015
19-FEB-2015,0.89419,1.2403,0.044000000000000004,21-MAY-2013,31-OCT-2023,31-MAR-2015
20-FEB-2015,0.89419,1.2446,0.044000000000000004,21-MAY-2013,31-OCT-2023,31-MAR-2015
23-FEB-2015,0.89419,1.2521,0.044000000000000004,21-MAY-2013,31-OCT-2023,31-MAR-2015
24-FEB-2015,0.89419,1.2554800000000002,0.044000000000000004,21-MAY-2013,31-OCT-2023,31-MAR-2015
25-FEB-2015,0.89419,1.25498,0.044000000000000004,21-MAY-2013,31-OCT-2023,31-MAR-2015
26-FEB-2015,0.89419,1.2654,0.044000000000000004,21-MAY-2013,31-OCT-2023,31-MAR-2015
27-FEB-2015,0.89419,1.26688,0.044000000000000004,21-MAY-2013,31-OCT-2023,31-MAR-2015
02-MAR-2015,0.89419,1.26513,0.044000000000000004,21-MAY-2013,31-OCT-2023,31-MAR-2015
03-MAR-2015,0.89419,1.2608300000000001,0.044000000000000004,21-MAY-2013,31-OCT-2023,31-MAR-2015
04-MAR-2015,0.89419,1.2631999999999999,0.044000000000000004,21-MAY-2013,31-OCT-2023,31-MAR-2015
05-MAR-2015,0.89419,1.27075,0.044000000000000004,21-MAY-2013,31-OCT-2023,31-MAR-2015
09-MAR-2015,0.851675,1.2268000000000001,0.038,29-JAN-2014,30-APR-2024,30-JUN-2015
10-MAR-2015,0.851675,1.2303300000000001,0.038,29-JAN-2014,30-APR-2024,30-JUN-2015
11-MAR-2015,0.851675,1.2394,0.038,29-JAN-2014,30-APR-2024,30-JUN-2015
12-MAR-2015,0.851675,1.23945,0.038,29-JAN-2014,30-APR-2024,30-JUN-2015
13-MAR-2015,0.851675,1.239,0.038,29-JAN-2014,30-APR-2024,30-JUN-2015
16-MAR-2015,0.851675,1.23667,0.038,29-JAN-2014,30-APR-2024,30-JUN-2015
17-MAR-2015,0.851675,1.22953,0.038,29-JAN-2014,30-APR-2024,30-JUN-2015
18-MAR-2015,0.851675,1.22783,0.038,29-JAN-2014,30-APR-2024,30-JUN-2015
19-MAR-2015,0.851675,1.22923,0.038,29-JAN-2014,30-APR-2024,30-JUN-2015
20-MAR-2015,0.851675,1.2358799999999999,0.038,29-JAN-2014,30-APR-2024,30-JUN-2015
23-MAR-2015,0.851675,1.22798,0.038,29-JAN-2014,30-APR-2024,30-JUN-2015
24-MAR-2015,0.851675,1.22428,0.038,29-JAN-2014,30-APR-2024,30-JUN-2015
25-MAR-2015,0.851675,1.22425,0.038,29-JAN-2014,30-APR-2024,30-JUN-2015
26-MAR-2015,0.851675,1.22553,0.038,29-JAN-2014,30-APR-2024,30-JUN-2015
27-MAR-2015,0.851675,1.21883,0.038,29-JAN-2014,30-APR-2024,30-JUN-2015
30-MAR-2015,0.851675,1.22278,0.038,29-JAN-2014,30-APR-2024,30-JUN-2015
31-MAR-2015,0.851675,1.2284000000000002,0.038,29-JAN-2014,30-APR-2024,30-JUN-2015
01-APR-2015,0.851675,1.22888,0.038,29-JAN-2014,30-APR-2024,30-JUN-2015
02-APR-2015,0.851675,1.22735,0.038,29-JAN-2014,30-APR-2024,30-JUN-2015
07-APR-2015,0.851675,1.2318,0.038,29-JAN-2014,30-APR-2024,30-JUN-2015
08-APR-2015,0.851675,1.23012,0.038,29-JAN-2014,30-APR-2024,30-JUN-2015
09-APR-2015,0.851675,1.22538,0.038,29-JAN-2014,30-APR-2024,30-JUN-2015
10-APR-2015,0.851675,1.2266,0.038,29-JAN-2014,30-APR-2024,30-JUN-2015
13-APR-2015,0.851675,1.22415,0.038,29-JAN-2014,30-APR-2024,30-JUN-2015
14-APR-2015,0.851675,1.22045,0.038,29-JAN-2014,30-APR-2024,30-JUN-2015
15-APR-2015,0.851675,1.22322,0.038,29-JAN-2014,30-APR-2024,30-JUN-2015
16-APR-2015,0.851675,1.21453,0.038,29-JAN-2014,30-APR-2024,30-JUN-2015
17-APR-2015,0.851675,1.20505,0.038,29-JAN-2014,30-APR-2024,30-JUN-2015
20-APR-2015,0.851675,1.20395,0.038,29-JAN-2014,30-APR-2024,30-JUN-2015
21-APR-2015,0.851675,1.2052800000000001,0.038,29-JAN-2014,30-APR-2024,30-JUN-2015
22-APR-2015,0.851675,1.21288,0.038,29-JAN-2014,30-APR-2024,30-JUN-2015
23-APR-2015,0.851675,1.2130500000000002,0.038,29-JAN-2014,30-APR-2024,30-JUN-2015
24-APR-2015,0.851675,1.21137,0.038,29-JAN-2014,30-APR-2024,30-JUN-2015
27-APR-2015,0.851675,1.2192,0.038,29-JAN-2014,30-APR-2024,30-JUN-2015
28-APR-2015,0.851675,1.21615,0.038,29-JAN-2014,30-APR-2024,30-JUN-2015
29-APR-2015,0.851675,1.2033,0.038,29-JAN-2014,30-APR-2024,30-JUN-2015
30-APR-2015,0.851675,1.20313,0.038,29-JAN-2014,30-APR-2024,30-JUN-2015
04-MAY-2015,0.851675,1.19998,0.038,29-JAN-2014,30-APR-2024,30-JUN-2015
05-MAY-2015,0.851675,1.1751,0.038,29-JAN-2014,30-APR-2024,30-JUN-2015
06-MAY-2015,0.851675,1.16425,0.038,29-JAN-2014,30-APR-2024,30-JUN-2015
07-MAY-2015,0.851675,1.177,0.038,29-JAN-2014,30-APR-2024,30-JUN-2015
08-MAY-2015,0.851675,1.1835,0.038,29-JAN-2014,30-APR-2024,30-JUN-2015
11-MAY-2015,0.851675,1.1768,0.038,29-JAN-2014,30-APR-2024,30-JUN-2015
12-MAY-2015,0.851675,1.16968,0.038,29-JAN-2014,30-APR-2024,30-JUN-2015
13-MAY-2015,0.851675,1.1649,0.038,29-JAN-2014,30-APR-2024,30-JUN-2015
14-MAY-2015,0.851675,1.16863,0.038,29-JAN-2014,30-APR-2024,30-JUN-2015
15-MAY-2015,0.851675,1.17805,0.038,29-JAN-2014,30-APR-2024,30-JUN-2015
18-MAY-2015,0.851675,1.1684,0.038,29-JAN-2014,30-APR-2024,30-JUN-2015
19-MAY-2015,0.851675,1.17488,0.038,29-JAN-2014,30-APR-2024,30-JUN-2015
20-MAY-2015,0.851675,1.1699,0.038,29-JAN-2014,30-APR-2024,30-JUN-2015
21-MAY-2015,0.851675,1.17292,0.038,29-JAN-2014,30-APR-2024,30-JUN-2015
22-MAY-2015,0.851675,1.1716,0.038,29-JAN-2014,30-APR-2024,30-JUN-2015
25-MAY-2015,0.851675,1.1711,0.038,29-JAN-2014,30-APR-2024,30-JUN-2015
26-MAY-2015,0.851675,1.16352,0.038,29-JAN-2014,30-APR-2024,30-JUN-2015
27-MAY-2015,0.851675,1.1691500000000001,0.038,29-JAN-2014,30-APR-2024,30-JUN-2015
28-MAY-2015,0.851675,1.16667,0.038,29-JAN-2014,30-APR-2024,30-JUN-2015
29-MAY-2015,0.851675,1.16743,0.038,29-JAN-2014,30-APR-2024,30-JUN-2015
01-JUN-2015,0.851675,1.15613,0.038,29-JAN-2014,30-APR-2024,30-JUN-2015
02-JUN-2015,0.851675,1.1453,0.038,29-JAN-2014,30-APR-2024,30-JUN-2015
03-JUN-2015,0.851675,1.14135,0.038,29-JAN-2014,30-APR-2024,30-JUN-2015
04-JUN-2015,0.851675,1.14298,0.038,29-JAN-2014,30-APR-2024,30-JUN-2015
05-JUN-2015,0.851675,1.13352,0.038,29-JAN-2014,30-APR-2024,30-JUN-2015
09-JUN-2015,0.854752,1.1295300000000001,0.038,29-JAN-2014,30-APR-2024,30-SEP-2015
10-JUN-2015,0.854752,1.13218,0.038,29-JAN-2014,30-APR-2024,30-SEP-2015
11-JUN-2015,0.854752,1.14098,0.038,29-JAN-2014,30-APR-2024,30-SEP-2015
12-JUN-2015,0.854752,1.13133,0.038,29-JAN-2014,30-APR-2024,30-SEP-2015
15-JUN-2015,0.854752,1.1171,0.038,29-JAN-2014,30-APR-2024,30-SEP-2015
16-JUN-2015,0.854752,1.1195000000000002,0.038,29-JAN-2014,30-APR-2024,30-SEP-2015
17-JUN-2015,0.854752,1.12285,0.038,29-JAN-2014,30-APR-2024,30-SEP-2015
18-JUN-2015,0.854752,1.12598,0.038,29-JAN-2014,30-APR-2024,30-SEP-2015
19-JUN-2015,0.854752,1.12678,0.038,29-JAN-2014,30-APR-2024,30-SEP-2015
22-JUN-2015,0.854752,1.1405800000000001,0.038,29-JAN-2014,30-APR-2024,30-SEP-2015
23-JUN-2015,0.854752,1.14135,0.038,29-JAN-2014,30-APR-2024,30-SEP-2015
24-JUN-2015,0.854752,1.14158,0.038,29-JAN-2014,30-APR-2024,30-SEP-2015
25-JUN-2015,0.854752,1.14575,0.038,29-JAN-2014,30-APR-2024,30-SEP-2015
26-JUN-2015,0.854752,1.14235,0.038,29-JAN-2014,30-APR-2024,30-SEP-2015
29-JUN-2015,0.854752,1.12235,0.038,29-JAN-2014,30-APR-2024,30-SEP-2015
30-JUN-2015,0.854752,1.1265,0.038,29-JAN-2014,30-APR-2024,30-SEP-2015
01-JUL-2015,0.854752,1.12848,0.038,29-JAN-2014,30-APR-2024,30-SEP-2015
02-JUL-2015,0.854752,1.12475,0.038,29-JAN-2014,30-APR-2024,30-SEP-2015
03-JUL-2015,0.854752,1.1324500000000002,0.038,29-JAN-2014,30-APR-2024,30-SEP-2015
06-JUL-2015,0.854752,1.1186,0.038,29-JAN-2014,30-APR-2024,30-SEP-2015
07-JUL-2015,0.854752,1.12778,0.038,29-JAN-2014,30-APR-2024,30-SEP-2015
08-JUL-2015,0.854752,1.1300000000000001,0.038,29-JAN-2014,30-APR-2024,30-SEP-2015
09-JUL-2015,0.854752,1.1347,0.038,29-JAN-2014,30-APR-2024,30-SEP-2015
10-JUL-2015,0.854752,1.1405500000000002,0.038,29-JAN-2014,30-APR-2024,30-SEP-2015
13-JUL-2015,0.854752,1.14255,0.038,29-JAN-2014,30-APR-2024,30-SEP-2015
14-JUL-2015,0.854752,1.14398,0.038,29-JAN-2014,30-APR-2024,30-SEP-2015
15-JUL-2015,0.854752,1.14985,0.038,29-JAN-2014,30-APR-2024,30-SEP-2015
16-JUL-2015,0.854752,1.15313,0.038,29-JAN-2014,30-APR-2024,30-SEP-2015
17-JUL-2015,0.854752,1.15727,0.038,29-JAN-2014,30-APR-2024,30-SEP-2015
20-JUL-2015,0.854752,1.1567,0.038,29-JAN-2014,30-APR-2024,30-SEP-2015
21-JUL-2015,0.854752,1.15107,0.038,29-JAN-2014,30-APR-2024,30-SEP-2015
22-JUL-2015,0.854752,1.1520000000000001,0.038,29-JAN-2014,30-APR-2024,30-SEP-2015
23-JUL-2015,0.854752,1.15512,0.038,29-JAN-2014,30-APR-2024,30-SEP-2015
24-JUL-2015,0.854752,1.1593,0.038,29-JAN-2014,30-APR-2024,30-SEP-2015
27-JUL-2015,0.854752,1.1566,0.038,29-JAN-2014,30-APR-2024,30-SEP-2015
28-JUL-2015,0.854752,1.1584,0.038,29-JAN-2014,30-APR-2024,30-SEP-2015
29-JUL-2015,0.854752,1.15458,0.038,29-JAN-2014,30-APR-2024,30-SEP-2015
30-JUL-2015,0.854752,1.1594499999999999,0.038,29-JAN-2014,30-APR-2024,30-SEP-2015
31-JUL-2015,0.854752,1.16433,0.038,29-JAN-2014,30-APR-2024,30-SEP-2015
03-AUG-2015,0.854752,1.163,0.038,29-JAN-2014,30-APR-2024,30-SEP-2015
04-AUG-2015,0.854752,1.16348,0.038,29-JAN-2014,30-APR-2024,30-SEP-2015
05-AUG-2015,0.854752,1.15205,0.038,29-JAN-2014,30-APR-2024,30-SEP-2015
06-AUG-2015,0.854752,1.15713,0.038,29-JAN-2014,30-APR-2024,30-SEP-2015
07-AUG-2015,0.854752,1.15913,0.038,29-JAN-2014,30-APR-2024,30-SEP-2015
10-AUG-2015,0.854752,1.15958,0.038,29-JAN-2014,30-APR-2024,30-SEP-2015
11-AUG-2015,0.854752,1.1621299999999999,0.038,29-JAN-2014,30-APR-2024,30-SEP-2015
12-AUG-2015,0.854752,1.15778,0.038,29-JAN-2014,30-APR-2024,30-SEP-2015
13-AUG-2015,0.854752,1.15948,0.038,29-JAN-2014,30-APR-2024,30-SEP-2015
14-AUG-2015,0.854752,1.15433,0.038,29-JAN-2014,30-APR-2024,30-SEP-2015
17-AUG-2015,0.854752,1.15995,0.038,29-JAN-2014,30-APR-2024,30-SEP-2015
18-AUG-2015,0.854752,1.15477,0.038,29-JAN-2014,30-APR-2024,30-SEP-2015
19-AUG-2015,0.854752,1.15598,0.038,29-JAN-2014,30-APR-2024,30-SEP-2015
20-AUG-2015,0.854752,1.15618,0.038,29-JAN-2014,30-APR-2024,30-SEP-2015
21-AUG-2015,0.854752,1.15415,0.038,29-JAN-2014,30-APR-2024,30-SEP-2015
24-AUG-2015,0.854752,1.1513,0.038,29-JAN-2014,30-APR-2024,30-SEP-2015
25-AUG-2015,0.854752,1.14568,0.038,29-JAN-2014,30-APR-2024,30-SEP-2015
26-AUG-2015,0.854752,1.14475,0.038,29-JAN-2014,30-APR-2024,30-SEP-2015
27-AUG-2015,0.854752,1.14875,0.038,29-JAN-2014,30-APR-2024,30-SEP-2015
28-AUG-2015,0.854752,1.1491,0.038,29-JAN-2014,30-APR-2024,30-SEP-2015
31-AUG-2015,0.854752,1.1457,0.038,29-JAN-2014,30-APR-2024,30-SEP-2015
01-SEP-2015,0.854752,1.1426800000000001,0.038,29-JAN-2014,30-APR-2024,30-SEP-2015
02-SEP-2015,0.854752,1.14405,0.038,29-JAN-2014,30-APR-2024,30-SEP-2015
03-SEP-2015,0.854752,1.14833,0.038,29-JAN-2014,30-APR-2024,30-SEP-2015
04-SEP-2015,0.854752,1.1492,0.038,29-JAN-2014,30-APR-2024,30-SEP-2015
07-SEP-2015,0.854752,1.1439000000000001,0.038,29-JAN-2014,30-APR-2024,30-SEP-2015
09-SEP-2015,0.780916,1.06438,0.0275,20-JUN-2014,31-OCT-2024,31-DEC-2015
10-SEP-2015,0.780916,1.06227,0.0275,20-JUN-2014,31-OCT-2024,31-DEC-2015
11-SEP-2015,0.780916,1.06165,0.0275,20-JUN-2014,31-OCT-2024,31-DEC-2015
14-SEP-2015,0.780916,1.06008,0.0275,20-JUN-2014,31-OCT-2024,31-DEC-2015
15-SEP-2015,0.780916,1.0601800000000001,0.0275,20-JUN-2014,31-OCT-2024,31-DEC-2015
16-SEP-2015,0.780916,1.05988,0.0275,20-JUN-2014,31-OCT-2024,31-DEC-2015
17-SEP-2015,0.780916,1.06253,0.0275,20-JUN-2014,31-OCT-2024,31-DEC-2015
18-SEP-2015,0.780916,1.07488,0.0275,20-JUN-2014,31-OCT-2024,31-DEC-2015
21-SEP-2015,0.780916,1.06993,0.0275,20-JUN-2014,31-OCT-2024,31-DEC-2015
22-SEP-2015,0.780916,1.0738,0.0275,20-JUN-2014,31-OCT-2024,31-DEC-2015
23-SEP-2015,0.780916,1.0723,0.0275,20-JUN-2014,31-OCT-2024,31-DEC-2015
24-SEP-2015,0.780916,1.0703799999999999,0.0275,20-JUN-2014,31-OCT-2024,31-DEC-2015
25-SEP-2015,0.780916,1.0659,0.0275,20-JUN-2014,31-OCT-2024,31-DEC-2015
28-SEP-2015,0.780916,1.07498,0.0275,20-JUN-2014,31-OCT-2024,31-DEC-2015
29-SEP-2015,0.780916,1.07858,0.0275,20-JUN-2014,31-OCT-2024,31-DEC-2015
30-SEP-2015,0.780916,1.0786,0.0275,20-JUN-2014,31-OCT-2024,31-DEC-2015
01-OCT-2015,0.780916,1.08477,0.0275,20-JUN-2014,31-OCT-2024,31-DEC-2015
02-OCT-2015,0.780916,1.08885,0.0275,20-JUN-2014,31-OCT-2024,31-DEC-2015
05-OCT-2015,0.780916,1.08668,0.0275,20-JUN-2014,31-OCT-2024,31-DEC-2015
06-OCT-2015,0.780916,1.08398,0.0275,20-JUN-2014,31-OCT-2024,31-DEC-2015
07-OCT-2015,0.780916,1.0842,0.0275,20-JUN-2014,31-OCT-2024,31-DEC-2015
08-OCT-2015,0.780916,1.0848,0.0275,20-JUN-2014,31-OCT-2024,31-DEC-2015
09-OCT-2015,0.780916,1.08477,0.0275,20-JUN-2014,31-OCT-2024,31-DEC-2015
12-OCT-2015,0.780916,1.0866,0.0275,20-JUN-2014,31-OCT-2024,31-DEC-2015
13-OCT-2015,0.780916,1.0882,0.0275,20-JUN-2014,31-OCT-2024,31-DEC-2015
14-OCT-2015,0.780916,1.0893300000000001,0.0275,20-JUN-2014,31-OCT-2024,31-DEC-2015
15-OCT-2015,0.780916,1.0874,0.0275,20-JUN-2014,31-OCT-2024,31-DEC-2015
16-OCT-2015,0.780916,1.0905,0.0275,20-JUN-2014,31-OCT-2024,31-DEC-2015
19-OCT-2015,0.780916,1.09115,0.0275,20-JUN-2014,31-OCT-2024,31-DEC-2015
20-OCT-2015,0.780916,1.08673,0.0275,20-JUN-2014,31-OCT-2024,31-DEC-2015
21-OCT-2015,0.780916,1.09193,0.0275,20-JUN-2014,31-OCT-2024,31-DEC-2015
22-OCT-2015,0.780916,1.1057299999999999,0.0275,20-JUN-2014,31-OCT-2024,31-DEC-2015
23-OCT-2015,0.780916,1.10195,0.0275,20-JUN-2014,31-OCT-2024,31-DEC-2015
26-OCT-2015,0.780916,1.1021800000000002,0.0275,20-JUN-2014,31-OCT-2024,31-DEC-2015
27-OCT-2015,0.780916,1.10625,0.0275,20-JUN-2014,31-OCT-2024,31-DEC-2015
28-OCT-2015,0.780916,1.10792,0.0275,20-JUN-2014,31-OCT-2024,31-DEC-2015
29-OCT-2015,0.780916,1.10083,0.0275,20-JUN-2014,31-OCT-2024,31-DEC-2015
30-OCT-2015,0.780916,1.09898,0.0275,20-JUN-2014,31-OCT-2024,31-DEC-2015
02-NOV-2015,0.780916,1.0924800000000001,0.0275,20-JUN-2014,31-OCT-2024,31-DEC-2015
03-NOV-2015,0.780916,1.09335,0.0275,20-JUN-2014,31-OCT-2024,31-DEC-2015
04-NOV-2015,0.780916,1.09155,0.0275,20-JUN-2014,31-OCT-2024,31-DEC-2015
05-NOV-2015,0.780916,1.08753,0.0275,20-JUN-2014,31-OCT-2024,31-DEC-2015
06-NOV-2015,0.780916,1.07798,0.0275,20-JUN-2014,31-OCT-2024,31-DEC-2015
09-NOV-2015,0.780916,1.07563,0.0275,20-JUN-2014,31-OCT-2024,31-DEC-2015
10-NOV-2015,0.780916,1.08285,0.0275,20-JUN-2014,31-OCT-2024,31-DEC-2015
11-NOV-2015,0.780916,1.086,0.0275,20-JUN-2014,31-OCT-2024,31-DEC-2015
12-NOV-2015,0.780916,1.08553,0.0275,20-JUN-2014,31-OCT-2024,31-DEC-2015
13-NOV-2015,0.780916,1.08917,0.0275,20-JUN-2014,31-OCT-2024,31-DEC-2015
16-NOV-2015,0.780916,1.08813,0.0275,20-JUN-2014,31-OCT-2024,31-DEC-2015
17-NOV-2015,0.780916,1.08993,0.0275,20-JUN-2014,31-OCT-2024,31-DEC-2015
18-NOV-2015,0.780916,1.0931,0.0275,20-JUN-2014,31-OCT-2024,31-DEC-2015
19-NOV-2015,0.780916,1.09615,0.0275,20-JUN-2014,31-OCT-2024,31-DEC-2015
20-NOV-2015,0.780916,1.10042,0.0275,20-JUN-2014,31-OCT-2024,31-DEC-2015
23-NOV-2015,0.780916,1.10005,0.0275,20-JUN-2014,31-OCT-2024,31-DEC-2015
24-NOV-2015,0.780916,1.10063,0.0275,20-JUN-2014,31-OCT-2024,31-DEC-2015
25-NOV-2015,0.780916,1.1066500000000001,0.0275,20-JUN-2014,31-OCT-2024,31-DEC-2015
26-NOV-2015,0.780916,1.10743,0.0275,20-JUN-2014,31-OCT-2024,31-DEC-2015
27-NOV-2015,0.780916,1.1114,0.0275,20-JUN-2014,31-OCT-2024,31-DEC-2015
30-NOV-2015,0.780916,1.1112,0.0275,20-JUN-2014,31-OCT-2024,31-DEC-2015
01-DEC-2015,0.780916,1.11373,0.0275,20-JUN-2014,31-OCT-2024,31-DEC-2015
02-DEC-2015,0.780916,1.115,0.0275,20-JUN-2014,31-OCT-2024,31-DEC-2015
03-DEC-2015,0.780916,1.09403,0.0275,20-JUN-2014,31-OCT-2024,31-DEC-2015
04-DEC-2015,0.780916,1.09315,0.0275,20-JUN-2014,31-OCT-2024,31-DEC-2015
07-DEC-2015,0.780916,1.10225,0.0275,20-JUN-2014,31-OCT-2024,31-DEC-2015
