CloseDate,1Y,2Y,3Y,4Y,5Y,6Y,7Y,8Y,9Y,10Y,11Y,12Y,15Y,20Y,25Y,30Y,40Y,50Y,CreditIndexName,QuotedSpread
20-SEP-2011,0.004616,0.00462,0.005995,0.008525,0.01143,0.014146,0.01648,0.01841,0.020035,0.02138,0.022585,0.023679,0.025994,0.027793,0.028755,0.029295,0.029541,0.029682,CDX.NA.IG.S17.5Y,0.01345
21-SEP-2011,0.005029,0.005035,0.006247,0.008663,0.01142,0.013874,0.016137,0.017911,0.019436,0.02071,0.021849,0.02288,0.024949,0.026595,0.027445,0.0278,0.028008,0.028128,CDX.NA.IG.S17.5Y,0.014175
22-SEP-2011,0.005159,0.005165,0.006285,0.00835,0.0107,0.01299,0.01498,0.016585,0.017925,0.019095,0.020118,0.02104,0.022999,0.024502,0.025245,0.02566,0.025843,0.025951,CDX.NA.IG.S17.5Y,0.01455
23-SEP-2011,0.005154,0.00516,0.006597,0.00892,0.01156,0.01394,0.01596,0.0176,0.018985,0.02018,0.021203,0.02213,0.02407,0.02554,0.02621,0.02663,0.026816,0.026924,CDX.NA.IG.S17.5Y,0.01425
26-SEP-2011,0.005144,0.00515,0.006719,0.009181,0.011915,0.014386,0.016506,0.018215,0.019597,0.02086,0.021924,0.02289,0.02493,0.026485,0.027235,0.027685,0.027889,0.028007,CDX.NA.IG.S17.5Y,0.0137125
27-SEP-2011,0.005308,0.005315,0.006874,0.009534,0.012338,0.014893,0.017044,0.01881,0.02026,0.021515,0.02258,0.02355,0.02556,0.027059,0.027865,0.028325,0.028534,0.028655,CDX.NA.IG.S17.5Y,0.013675000000000001
28-SEP-2011,0.005517,0.005525,0.007065,0.009645,0.012415,0.014975,0.017138,0.018899,0.020335,0.02159,0.022641,0.0236,0.025546,0.027075,0.02783,0.02825,0.028453,0.028571,CDX.NA.IG.S17.5Y,0.0142
29-SEP-2011,0.005587,0.005595,0.007285,0.010006,0.012783,0.015305,0.017403,0.019125,0.020535,0.021755,0.022769,0.023695,0.025596,0.027026,0.027785,0.0282,0.028397,0.028512,CDX.NA.IG.S17.5Y,0.013975000000000001
30-SEP-2011,0.005771,0.00578,0.007361,0.009885,0.012555,0.014935,0.01698,0.018585,0.019929,0.021075,0.022021,0.022885,0.024725,0.026031,0.026615,0.02697,0.027142,0.027242,CDX.NA.IG.S17.5Y,0.014525000000000001
03-OCT-2011,0.00599,0.006,0.007307,0.009481,0.01189,0.0141,0.01596,0.017485,0.018688,0.01974,0.020647,0.02147,0.023166,0.02444,0.024955,0.02527,0.025422,0.025512,CDX.NA.IG.S17.5Y,0.01515
04-OCT-2011,0.006249,0.00626,0.00772,0.010045,0.01254,0.014825,0.016755,0.018265,0.01951,0.02056,0.021468,0.022295,0.023995,0.025215,0.02573,0.02603,0.026184,0.026274,CDX.NA.IG.S17.5Y,0.014950000000000001
05-OCT-2011,0.006388,0.0064,0.007985,0.01045,0.013065,0.015416,0.017355,0.018895,0.020184,0.02122,0.022145,0.022991,0.02461,0.025775,0.02629,0.026545,0.026697,0.026785,CDX.NA.IG.S17.5Y,0.01455
06-OCT-2011,0.006423,0.006435,0.00824,0.010805,0.013483,0.015946,0.017985,0.01956,0.020895,0.022025,0.022921,0.023744,0.025369,0.02651,0.027009,0.027269,0.027424,0.027513,CDX.NA.IG.S17.5Y,0.013975000000000001
07-OCT-2011,0.006776,0.00679,0.00872,0.011395,0.014315,0.016865,0.018973,0.02042,0.02174,0.02278,0.023701,0.02455,0.0261,0.027155,0.0277,0.027865,0.028014,0.0281,CDX.NA.IG.S17.5Y,0.013975000000000001
11-OCT-2011,0.006851,0.006865,0.00899,0.011821,0.014715,0.017245,0.019313,0.020975,0.022285,0.02337,0.024273,0.025109,0.026755,0.027875,0.02836,0.028645,0.028808,0.028902,CDX.NA.IG.S17.5Y,0.013600000000000001
12-OCT-2011,0.006533,0.006545,0.00861,0.011727,0.0147,0.017261,0.019436,0.021169,0.02256,0.02371,0.024664,0.025548,0.027321,0.028505,0.02905,0.029375,0.029553,0.029655,CDX.NA.IG.S17.5Y,0.0131
13-OCT-2011,0.006617,0.00663,0.00859,0.011425,0.014293,0.016969,0.019185,0.020945,0.022407,0.023539,0.024501,0.02539,0.027044,0.028201,0.0288,0.029059,0.029231,0.02933,CDX.NA.IG.S17.5Y,0.013299400000000001
14-OCT-2011,0.006498,0.00651,0.008626,0.011516,0.014585,0.017371,0.019696,0.021613,0.023114,0.024281,0.025309,0.026261,0.027988,0.029199,0.029744,0.030145,0.030335,0.030444,CDX.NA.IG.S17.5Y,0.01305
17-OCT-2011,0.006543,0.006555,0.008355,0.011165,0.014105,0.016802,0.019065,0.020865,0.02231,0.02351,0.024471,0.02536,0.02708,0.02826,0.02879,0.029105,0.029281,0.029382,CDX.NA.IG.S17.5Y,0.013550000000000001
18-OCT-2011,0.006388,0.0064,0.00823,0.01111,0.014117,0.01685,0.0192,0.02103,0.022585,0.023755,0.024729,0.02563,0.027375,0.02861,0.029165,0.02952,0.029705,0.029811,CDX.NA.IG.S17.5Y,0.013300000000000001
19-OCT-2011,0.006373,0.006385,0.008118,0.01092,0.013875,0.016645,0.01897,0.0208,0.022309,0.02353,0.024528,0.02545,0.02725,0.028505,0.02922,0.029456,0.029641,0.029748,CDX.NA.IG.S17.5Y,0.0135
20-OCT-2011,0.006329,0.00634,0.008143,0.01106,0.014085,0.01686,0.019185,0.021045,0.022555,0.02383,0.024832,0.025758,0.02759,0.028851,0.029535,0.02991,0.030107,0.03022,CDX.NA.IG.S17.5Y,0.013425000000000001
21-OCT-2011,0.006463,0.006475,0.00825,0.011135,0.014235,0.017155,0.01944,0.021367,0.02289,0.02416,0.025188,0.02614,0.028035,0.02939,0.029965,0.03045,0.030657,0.030775,CDX.NA.IG.S17.5Y,0.013175000000000001
24-OCT-2011,0.006413,0.006425,0.008262,0.01123,0.01436,0.01722,0.01957,0.02144,0.023,0.024265,0.025298,0.026255,0.028145,0.029525,0.030185,0.030554,0.030758,0.030875,CDX.NA.IG.S17.5Y,0.0126584
25-OCT-2011,0.006179,0.00619,0.007675,0.010355,0.013305,0.01605,0.018385,0.020235,0.021753,0.02304,0.024064,0.025005,0.026923,0.028308,0.028925,0.029295,0.029491,0.029604,CDX.NA.IG.S17.5Y,0.013008400000000002
26-OCT-2011,0.006528,0.00654,0.008118,0.010968,0.01405,0.016905,0.019241,0.021146,0.022699,0.023975,0.024991,0.025931,0.027865,0.029155,0.029842,0.03022,0.030422,0.030538,CDX.NA.IG.S17.5Y,0.012633400000000001
27-OCT-2011,0.006334,0.006345,0.00836,0.01146,0.014815,0.017875,0.02045,0.022524,0.02413,0.02551,0.026593,0.0276,0.029585,0.03101,0.031705,0.03213,0.032354,0.032481,CDX.NA.IG.S17.5Y,0.0114084
28-OCT-2011,0.005995,0.006005,0.007905,0.010897,0.01415,0.017045,0.019645,0.021515,0.023243,0.024705,0.025756,0.02673,0.02873,0.030123,0.030843,0.031305,0.031528,0.031655,CDX.NA.IG.S17.5Y,0.011425000000000001
31-OCT-2011,0.005632,0.00564,0.00709,0.009696,0.01274,0.015548,0.018013,0.019953,0.021519,0.02284,0.023883,0.02484,0.02675,0.028105,0.02876,0.02913,0.029328,0.029442,CDX.NA.IG.S17.5Y,0.0122
01-NOV-2011,0.005821,0.00583,0.007115,0.009594,0.01238,0.014975,0.017245,0.01903,0.020433,0.02176,0.022747,0.02365,0.025402,0.026783,0.02742,0.027689,0.027866,0.027969,CDX.NA.IG.S17.5Y,0.012725
02-NOV-2011,0.005642,0.00565,0.00689,0.009225,0.012,0.014627,0.01696,0.018795,0.020276,0.02154,0.022613,0.02359,0.025512,0.026876,0.02749,0.027847,0.028034,0.028143,CDX.NA.IG.S17.5Y,0.012583400000000002
03-NOV-2011,0.005741,0.00575,0.007062,0.009558,0.01246,0.015216,0.017617,0.019462,0.021087,0.02249,0.02352,0.024465,0.026513,0.027885,0.028598,0.029095,0.029306,0.029428,CDX.NA.IG.S17.5Y,0.0120908
04-NOV-2011,0.005886,0.005895,0.007083,0.009386,0.012115,0.014755,0.017026,0.018993,0.02059,0.021945,0.023038,0.024036,0.026009,0.027432,0.02813,0.028532,0.028733,0.028849,CDX.NA.IG.S17.5Y,0.012375
07-NOV-2011,0.005911,0.00592,0.007185,0.009568,0.01233,0.014923,0.017208,0.019088,0.0207,0.02198,0.023073,0.02407,0.02603,0.02748,0.02821,0.028635,0.02884,0.028958,CDX.NA.IG.S17.5Y,0.012362600000000001
08-NOV-2011,0.005995,0.006005,0.007265,0.009755,0.012625,0.015278,0.01764,0.019553,0.021081,0.02241,0.023504,0.024505,0.026445,0.02786,0.028606,0.028975,0.029178,0.029295,CDX.NA.IG.S17.5Y,0.012125100000000002
09-NOV-2011,0.006488,0.0065,0.007695,0.009963,0.01257,0.014999,0.01723,0.018956,0.02041,0.021625,0.022666,0.023615,0.02552,0.02693,0.02762,0.028025,0.028217,0.028328,CDX.NA.IG.S17.5Y,0.0130125
10-NOV-2011,0.006786,0.0068,0.007939,0.010328,0.01308,0.015557,0.01772,0.01959,0.020975,0.02223,0.02329,0.02426,0.026151,0.027513,0.02817,0.028454,0.028638,0.028744,CDX.NA.IG.S17.5Y,0.012975
14-NOV-2011,0.007035,0.00705,0.008305,0.010649,0.013345,0.015876,0.01805,0.019805,0.02124,0.02246,0.023472,0.0244,0.02624,0.02755,0.02816,0.02852,0.028705,0.028811,CDX.NA.IG.S17.5Y,0.0129625
15-NOV-2011,0.00706,0.007075,0.008296,0.01065,0.0133,0.01584,0.018,0.019745,0.021185,0.02242,0.023413,0.024325,0.026093,0.027311,0.02807,0.028304,0.028482,0.028584,CDX.NA.IG.S17.5Y,0.0132501
16-NOV-2011,0.007572,0.00759,0.008646,0.010697,0.01318,0.015623,0.017735,0.019481,0.020855,0.022035,0.023022,0.023925,0.025659,0.026883,0.027466,0.027774,0.027944,0.028043,CDX.NA.IG.S17.5Y,0.013487500000000001
17-NOV-2011,0.00785,0.00787,0.00887,0.010835,0.013155,0.01546,0.017465,0.019095,0.02044,0.021575,0.022521,0.023387,0.025088,0.026239,0.026793,0.02712,0.027282,0.027376,CDX.NA.IG.S17.5Y,0.0136626
18-NOV-2011,0.007691,0.00771,0.008885,0.010952,0.013456,0.015745,0.017745,0.01936,0.020711,0.021915,0.02279,0.023595,0.025205,0.0263,0.026753,0.02708,0.027234,0.027324,CDX.NA.IG.S17.5Y,0.013600000000000001
21-NOV-2011,0.00789,0.00791,0.008997,0.011025,0.01333,0.01557,0.01748,0.019044,0.020305,0.02134,0.022285,0.023148,0.02478,0.025924,0.026411,0.026652,0.026801,0.026887,CDX.NA.IG.S17.5Y,0.014075
22-NOV-2011,0.007751,0.00777,0.008773,0.01076,0.01311,0.015335,0.017245,0.018755,0.020005,0.02106,0.021951,0.022765,0.024305,0.02532,0.0258,0.026005,0.026143,0.026223,CDX.NA.IG.S17.5Y,0.014075
23-NOV-2011,0.008053,0.008074,0.009025,0.010838,0.013275,0.015365,0.017255,0.018725,0.019943,0.020915,0.021801,0.02261,0.024075,0.02501,0.025461,0.025725,0.025859,0.025937,CDX.NA.IG.S17.5Y,0.0146125
25-NOV-2011,0.008168,0.00819,0.009258,0.011223,0.013605,0.01569,0.017565,0.019152,0.020501,0.02161,0.022471,0.023261,0.024801,0.025725,0.02614,0.02629,0.02642,0.026496,CDX.NA.IG.S17.5Y,0.014750000000000001
28-NOV-2011,0.007994,0.008015,0.00909,0.011144,0.013605,0.015885,0.017815,0.019365,0.020589,0.021655,0.022537,0.023346,0.024795,0.025735,0.026189,0.026375,0.026509,0.026587,CDX.NA.IG.S17.5Y,0.014100000000000001
29-NOV-2011,0.00779,0.00781,0.008895,0.01099,0.01346,0.015755,0.017735,0.01935,0.020605,0.021685,0.022566,0.023375,0.024986,0.025905,0.026305,0.026565,0.026705,0.026786,CDX.NA.IG.S17.5Y,0.0140167
30-NOV-2011,0.006657,0.00667,0.008091,0.010495,0.013118,0.015755,0.017905,0.019625,0.02094,0.02217,0.023108,0.02397,0.025578,0.026608,0.02711,0.027286,0.027435,0.027522,CDX.NA.IG.S17.5Y,0.012775
01-DEC-2011,0.006856,0.00687,0.008352,0.010909,0.013675,0.016208,0.018344,0.02003,0.021386,0.02256,0.023478,0.024324,0.025956,0.026982,0.02747,0.027734,0.027889,0.027979,CDX.NA.IG.S17.5Y,0.01265
02-DEC-2011,0.00698,0.006995,0.00843,0.010735,0.01328,0.015731,0.017865,0.019565,0.020935,0.02209,0.023063,0.023955,0.025595,0.026605,0.027124,0.027351,0.027504,0.027592,CDX.NA.IG.S17.5Y,0.012575000000000001
05-DEC-2011,0.006866,0.00688,0.008255,0.010625,0.01323,0.015655,0.01771,0.019385,0.02074,0.021875,0.02283,0.023705,0.025321,0.026355,0.02694,0.027111,0.027262,0.027349,CDX.NA.IG.S17.5Y,0.012312600000000002
06-DEC-2011,0.006801,0.006815,0.008155,0.010534,0.013195,0.015715,0.017885,0.01963,0.021025,0.022295,0.023236,0.0241,0.025848,0.027,0.027557,0.027876,0.028046,0.028144,CDX.NA.IG.S17.5Y,0.012212500000000001
07-DEC-2011,0.006587,0.0066,0.00775,0.01,0.0126,0.01509,0.01723,0.018945,0.020384,0.02159,0.022577,0.023479,0.02524,0.026455,0.027097,0.027425,0.027599,0.0277,CDX.NA.IG.S17.5Y,0.0119875
08-DEC-2011,0.006363,0.006375,0.007455,0.009585,0.012075,0.014543,0.016661,0.018397,0.019838,0.02101,0.022006,0.022913,0.024718,0.02589,0.02649,0.02685,0.027021,0.02712,CDX.NA.IG.S17.5Y,0.0125625
09-DEC-2011,0.006478,0.00649,0.007581,0.00993,0.01258,0.015173,0.017355,0.019135,0.020622,0.021875,0.022888,0.023815,0.025605,0.02689,0.02749,0.027846,0.028026,0.02813,CDX.NA.IG.S17.5Y,0.012225
12-DEC-2011,0.006637,0.00665,0.007705,0.00994,0.01242,0.015095,0.01717,0.018915,0.02035,0.021565,0.022571,0.02349,0.0253,0.02652,0.027125,0.027404,0.027574,0.027673,CDX.NA.IG.S17.5Y,0.012585
13-DEC-2011,0.006901,0.006915,0.008039,0.010117,0.012527,0.014944,0.017001,0.018609,0.020006,0.02112,0.022119,0.02303,0.024787,0.025933,0.026648,0.026906,0.027072,0.027169,CDX.NA.IG.S17.5Y,0.0127375
14-DEC-2011,0.007194,0.00721,0.00815,0.010165,0.012496,0.01473,0.016629,0.01813,0.019395,0.020495,0.021446,0.022311,0.024045,0.025175,0.025736,0.026115,0.026275,0.026369,CDX.NA.IG.S17.5Y,0.012985
15-DEC-2011,0.007075,0.00709,0.0081,0.0102,0.012565,0.014815,0.016732,0.018302,0.019633,0.020635,0.021617,0.022509,0.02429,0.02545,0.025966,0.02635,0.026511,0.026605,CDX.NA.IG.S17.5Y,0.0129625
16-DEC-2011,0.007194,0.00721,0.008155,0.010064,0.01227,0.014452,0.01637,0.017913,0.019223,0.020255,0.021208,0.022073,0.023867,0.025026,0.025585,0.025935,0.026093,0.026186,CDX.NA.IG.S17.5Y,0.0132
19-DEC-2011,0.007408,0.007425,0.008365,0.010295,0.01246,0.014566,0.016305,0.017743,0.018956,0.019995,0.020896,0.021715,0.02339,0.02448,0.025039,0.02532,0.025466,0.025551,CDX.NA.IG.S17.5Y,0.013237500000000001
20-DEC-2011,0.007313,0.00733,0.008354,0.01042,0.012745,0.015036,0.01696,0.01854,0.019828,0.020925,0.021898,0.022785,0.02447,0.02561,0.026155,0.026515,0.026676,0.026769,CDX.NA.IG.S17.5Y,0.0126625
21-DEC-2011,0.007398,0.007415,0.008505,0.010488,0.013053,0.015325,0.017285,0.01885,0.02015,0.021285,0.022273,0.023175,0.024986,0.026135,0.026726,0.027065,0.027232,0.027329,CDX.NA.IG.S17.5Y,0.0124375
22-DEC-2011,0.007537,0.007555,0.008674,0.010755,0.01311,0.01524,0.017225,0.01891,0.019956,0.02114,0.022121,0.023015,0.024795,0.026001,0.026597,0.027035,0.027208,0.027308,CDX.NA.IG.S17.5Y,0.012150000000000001
23-DEC-2011,0.007914,0.007935,0.009046,0.011196,0.013705,0.015942,0.017889,0.019461,0.020782,0.02194,0.022899,0.023778,0.025534,0.02674,0.02732,0.02773,0.027904,0.028004,CDX.NA.IG.S17.5Y,0.012175
27-DEC-2011,0.00782,0.00784,0.009072,0.011198,0.013575,0.015835,0.017771,0.019317,0.020589,0.021685,0.022651,0.023535,0.025297,0.026466,0.027032,0.0274,0.027568,0.027665,CDX.NA.IG.S17.5Y,0.01205
28-DEC-2011,0.007736,0.007755,0.008855,0.010825,0.013045,0.015215,0.017061,0.018525,0.019755,0.02083,0.021761,0.02261,0.024305,0.025446,0.025954,0.026345,0.026503,0.026595,CDX.NA.IG.S17.5Y,0.0121875
29-DEC-2011,0.007542,0.00756,0.008635,0.010552,0.01271,0.014906,0.016775,0.018281,0.019555,0.02063,0.021596,0.022474,0.02413,0.02531,0.025808,0.026175,0.026331,0.026422,CDX.NA.IG.S17.5Y,0.012
30-DEC-2011,0.007244,0.00726,0.008204,0.010065,0.012245,0.014491,0.016431,0.018028,0.019324,0.02027,0.02132,0.022271,0.024016,0.02521,0.025779,0.026155,0.026318,0.026412,CDX.NA.IG.S17.5Y,0.012
03-JAN-2012,0.007388,0.007405,0.008465,0.01049,0.01279,0.015055,0.017025,0.01861,0.01993,0.021065,0.022049,0.022945,0.024745,0.02599,0.02657,0.026975,0.027147,0.027248,CDX.NA.IG.S17.5Y,0.0118
04-JAN-2012,0.007259,0.007275,0.008308,0.010285,0.012585,0.014925,0.016985,0.01865,0.02001,0.021165,0.022188,0.02312,0.02498,0.026275,0.026825,0.02725,0.027428,0.027531,CDX.NA.IG.S17.5Y,0.011875
05-JAN-2012,0.007164,0.00718,0.008198,0.010222,0.012535,0.015015,0.017005,0.018705,0.020115,0.02131,0.022338,0.023275,0.02517,0.026515,0.027175,0.02759,0.027776,0.027883,CDX.NA.IG.S17.5Y,0.012000100000000001
06-JAN-2012,0.006761,0.006775,0.007815,0.009795,0.01212,0.014505,0.01662,0.01835,0.01979,0.020965,0.021991,0.022925,0.024669,0.026103,0.02677,0.027072,0.027248,0.027351,CDX.NA.IG.S17.5Y,0.012
09-JAN-2012,0.006478,0.00649,0.007525,0.009555,0.011975,0.01441,0.01654,0.01828,0.01973,0.02091,0.021926,0.02285,0.024875,0.026275,0.026945,0.027365,0.027555,0.027665,CDX.NA.IG.S17.5Y,0.011941700000000001
10-JAN-2012,0.006378,0.00639,0.00748,0.009565,0.012015,0.01446,0.016605,0.018345,0.01981,0.02106,0.022091,0.02303,0.024864,0.026271,0.02693,0.027239,0.027419,0.027523,CDX.NA.IG.S17.5Y,0.011625
11-JAN-2012,0.006075,0.006085,0.007165,0.009205,0.011618,0.013955,0.016135,0.01786,0.019275,0.02049,0.021536,0.022485,0.024269,0.025783,0.026465,0.02689,0.027078,0.027188,CDX.NA.IG.S17.5Y,0.011612500000000001
12-JAN-2012,0.005806,0.005815,0.006935,0.00905,0.011565,0.01404,0.01617,0.017915,0.01937,0.02062,0.021666,0.022615,0.024448,0.025898,0.027098,0.026982,0.027156,0.027257,CDX.NA.IG.S17.5Y,0.01145
13-JAN-2012,0.005667,0.005675,0.006715,0.0087,0.01115,0.013555,0.015685,0.01743,0.018875,0.02011,0.021147,0.022085,0.023972,0.025359,0.02602,0.026425,0.026607,0.026712,CDX.NA.IG.S17.5Y,0.011612500000000001
17-JAN-2012,0.005721,0.00573,0.00673,0.00868,0.01108,0.013475,0.0156,0.017315,0.01884,0.019975,0.020985,0.0219,0.023825,0.02521,0.025865,0.02627,0.026451,0.026556,CDX.NA.IG.S17.5Y,0.011325
18-JAN-2012,0.005831,0.00584,0.006815,0.008815,0.01115,0.013685,0.01582,0.0176,0.019075,0.02033,0.021379,0.02233,0.02425,0.02567,0.02633,0.02686,0.027055,0.027169,CDX.NA.IG.S17.5Y,0.010975
19-JAN-2012,0.005861,0.00587,0.007045,0.009315,0.011755,0.014256,0.016485,0.0183,0.019795,0.02105,0.022119,0.02309,0.025024,0.026395,0.02713,0.027464,0.027652,0.02776,CDX.NA.IG.S17.5Y,0.010825000000000001
20-JAN-2012,0.00596,0.00597,0.00717,0.009475,0.011973,0.014635,0.01687,0.018715,0.02024,0.021535,0.022618,0.023605,0.025504,0.02705,0.02779,0.028184,0.028385,0.028501,CDX.NA.IG.S17.5Y,0.010625
23-JAN-2012,0.005816,0.005825,0.007105,0.00949,0.01221,0.014815,0.017075,0.018925,0.020425,0.021735,0.022818,0.023805,0.025795,0.027275,0.02798,0.028404,0.028607,0.028725,CDX.NA.IG.S17.5Y,0.0103
24-JAN-2012,0.005851,0.00586,0.007085,0.009445,0.01215,0.014785,0.01707,0.01893,0.020535,0.02177,0.022839,0.023815,0.02582,0.027302,0.027958,0.028442,0.028648,0.028766,CDX.NA.IG.S17.5Y,0.010337500000000001
25-JAN-2012,0.005542,0.00555,0.006443,0.008466,0.011055,0.013715,0.016085,0.01799,0.019645,0.021045,0.022206,0.02326,0.02541,0.027035,0.027928,0.02839,0.028614,0.028743,CDX.NA.IG.S17.5Y,0.0101875
26-JAN-2012,0.005308,0.005315,0.006165,0.0081,0.010565,0.013061,0.01549,0.017335,0.01901,0.020405,0.021571,0.022625,0.024785,0.02646,0.027305,0.027815,0.028037,0.028165,CDX.NA.IG.S17.5Y,0.0101375
27-JAN-2012,0.005363,0.00537,0.0062,0.007965,0.01035,0.01297,0.015255,0.01714,0.018627,0.02008,0.021257,0.02232,0.024495,0.026205,0.027065,0.02757,0.027791,0.02792,CDX.NA.IG.S17.5Y,0.01005
30-JAN-2012,0.005398,0.005405,0.00628,0.007974,0.010334,0.012631,0.014945,0.016765,0.018301,0.019695,0.020841,0.021874,0.023955,0.025641,0.026529,0.026952,0.027163,0.027285,CDX.NA.IG.S17.5Y,0.010250100000000002
31-JAN-2012,0.005119,0.005125,0.005905,0.007645,0.00988,0.01228,0.01449,0.016305,0.017826,0.01915,0.020261,0.02126,0.023403,0.025075,0.025885,0.026395,0.026604,0.026726,CDX.NA.IG.S17.5Y,0.0101125
01-FEB-2012,0.005024,0.00503,0.005825,0.007441,0.009793,0.01215,0.01449,0.01636,0.017912,0.019275,0.020452,0.02151,0.02372,0.025435,0.026315,0.02685,0.027071,0.027199,CDX.NA.IG.S17.5Y,0.010025000000000001
02-FEB-2012,0.004875,0.00488,0.005685,0.007321,0.00966,0.01213,0.014251,0.01622,0.017793,0.019245,0.020463,0.021558,0.02374,0.025485,0.026326,0.026915,0.027139,0.027269,CDX.NA.IG.S17.5Y,0.0099188
03-FEB-2012,0.005024,0.00503,0.006083,0.00789,0.010375,0.01271,0.015128,0.017245,0.018812,0.02021,0.021472,0.02261,0.024869,0.026655,0.027505,0.02811,0.028347,0.028484,CDX.NA.IG.S17.5Y,0.0094375
06-FEB-2012,0.005214,0.00522,0.006195,0.00808,0.01044,0.01294,0.01524,0.01717,0.01877,0.02016,0.021356,0.022435,0.02466,0.026467,0.02735,0.027845,0.028073,0.028205,CDX.NA.IG.S17.5Y,0.009487500000000001
07-FEB-2012,0.005423,0.00543,0.006549,0.00861,0.01105,0.013629,0.015952,0.017865,0.019485,0.020865,0.022043,0.023111,0.025276,0.027024,0.027881,0.0284,0.028629,0.028761,CDX.NA.IG.S17.5Y,0.0095
08-FEB-2012,0.005363,0.00537,0.0065,0.008615,0.011245,0.01375,0.016055,0.01801,0.019625,0.021015,0.022198,0.02327,0.025435,0.02715,0.028,0.028515,0.028744,0.028876,CDX.NA.IG.S17.5Y,0.009450100000000001
09-FEB-2012,0.005343,0.00535,0.006568,0.00876,0.0113,0.013898,0.016225,0.018165,0.01979,0.021175,0.02236,0.023435,0.025645,0.02729,0.028225,0.02875,0.028983,0.029117,CDX.NA.IG.S17.5Y,0.0097
10-FEB-2012,0.005492,0.0055,0.006615,0.00866,0.01106,0.013574,0.01584,0.017745,0.019265,0.0207,0.021831,0.022855,0.025116,0.026823,0.027642,0.028099,0.028319,0.028446,CDX.NA.IG.S17.5Y,0.0098625
13-FEB-2012,0.005756,0.005765,0.006885,0.00887,0.011235,0.01367,0.01589,0.017592,0.01924,0.020565,0.021736,0.022795,0.024612,0.026615,0.027413,0.02798,0.028207,0.028338,CDX.NA.IG.S17.5Y,0.009662500000000001
14-FEB-2012,0.005677,0.005685,0.00675,0.00867,0.010933,0.013344,0.01553,0.017239,0.01877,0.020175,0.021323,0.02236,0.02451,0.02621,0.026928,0.02754,0.02776,0.027888,CDX.NA.IG.S17.5Y,0.0098375
15-FEB-2012,0.005517,0.005525,0.006555,0.00837,0.010653,0.01314,0.01532,0.017074,0.018705,0.02009,0.021246,0.02229,0.024344,0.026128,0.026868,0.027379,0.027594,0.027718,CDX.NA.IG.S17.5Y,0.0101083
16-FEB-2012,0.005866,0.005875,0.00704,0.00901,0.011298,0.013686,0.015905,0.017735,0.019275,0.020605,0.021733,0.022755,0.024964,0.02669,0.027457,0.027999,0.028219,0.028347,CDX.NA.IG.S17.5Y,0.009875
17-FEB-2012,0.005776,0.005785,0.007074,0.009081,0.011427,0.013863,0.016089,0.017927,0.019492,0.020825,0.021971,0.02301,0.025095,0.026861,0.02764,0.028155,0.028375,0.028502,CDX.NA.IG.S17.5Y,0.0098625
21-FEB-2012,0.00594,0.00595,0.0073,0.009496,0.011925,0.014425,0.01669,0.018526,0.020099,0.02147,0.022628,0.02368,0.025743,0.027459,0.028348,0.028759,0.02898,0.029108,CDX.NA.IG.S17.5Y,0.0097563
22-FEB-2012,0.005881,0.00589,0.007085,0.00915,0.011465,0.01393,0.01616,0.01802,0.019581,0.02091,0.022068,0.023118,0.025261,0.026953,0.02778,0.028192,0.028407,0.028532,CDX.NA.IG.S17.5Y,0.009781300000000001
23-FEB-2012,0.00599,0.006,0.007208,0.00926,0.011623,0.014049,0.01615,0.018057,0.019603,0.02092,0.022063,0.023099,0.025249,0.026975,0.027815,0.028202,0.028416,0.028539,CDX.NA.IG.S17.5Y,0.0096375
24-FEB-2012,0.006174,0.006185,0.007418,0.00945,0.011705,0.013977,0.01622,0.01802,0.019441,0.020815,0.021927,0.022935,0.025045,0.026742,0.027509,0.02799,0.028203,0.028326,CDX.NA.IG.S17.5Y,0.0095875
27-FEB-2012,0.005845,0.00587,0.007025,0.008921,0.011185,0.013423,0.01569,0.017485,0.018915,0.020285,0.021425,0.022464,0.02456,0.026201,0.026981,0.02758,0.027802,0.027928,CDX.NA.IG.S17.5Y,0.0095375
28-FEB-2012,0.005679,0.005695,0.006795,0.008743,0.011025,0.013339,0.015635,0.017382,0.01903,0.02038,0.021518,0.022555,0.024675,0.026355,0.027175,0.02765,0.027867,0.027991,CDX.NA.IG.S17.5Y,0.009362500000000001
29-FEB-2012,0.005535,0.00555,0.006676,0.008765,0.011108,0.013541,0.01582,0.01769,0.01926,0.02062,0.021766,0.02281,0.0249,0.026525,0.027315,0.027875,0.028097,0.028223,CDX.NA.IG.S17.5Y,0.0094125
01-MAR-2012,0.00551,0.005525,0.00681,0.009031,0.011365,0.013857,0.01626,0.018175,0.019754,0.02114,0.022292,0.023345,0.02536,0.027037,0.02798,0.02847,0.028698,0.028827,CDX.NA.IG.S17.5Y,0.0092875
02-MAR-2012,0.005221,0.005235,0.006485,0.008529,0.01095,0.013425,0.015715,0.017565,0.01919,0.020595,0.021701,0.02271,0.024983,0.026705,0.027507,0.028044,0.02827,0.028399,CDX.NA.IG.S17.5Y,0.0094
05-MAR-2012,0.00551,0.005525,0.00687,0.00889,0.01125,0.01372,0.015995,0.01792,0.019515,0.02089,0.022064,0.023135,0.025293,0.027002,0.027875,0.028274,0.028495,0.02862,CDX.NA.IG.S17.5Y,0.009525
06-MAR-2012,0.005495,0.00551,0.006702,0.008615,0.010885,0.01329,0.015534,0.01738,0.01893,0.02029,0.021431,0.02247,0.02462,0.026295,0.027125,0.027625,0.027844,0.02797,CDX.NA.IG.S17.5Y,0.009775
07-MAR-2012,0.005555,0.00557,0.006771,0.008795,0.011125,0.013614,0.01579,0.01767,0.019245,0.020605,0.021775,0.02284,0.025035,0.026775,0.02764,0.028155,0.028383,0.028513,CDX.NA.IG.S17.5Y,0.009725000000000001
08-MAR-2012,0.005569,0.005585,0.006932,0.00903,0.01136,0.013837,0.016107,0.017965,0.019552,0.02094,0.022112,0.023181,0.02541,0.027243,0.028083,0.0286,0.028832,0.028965,CDX.NA.IG.S17.5Y,0.009575
09-MAR-2012,0.005753,0.00577,0.007075,0.009201,0.011379,0.013963,0.016205,0.01809,0.019685,0.021055,0.022229,0.0233,0.025375,0.027127,0.028112,0.028527,0.028754,0.028883,CDX.NA.IG.S17.5Y,0.009575
12-MAR-2012,0.005783,0.0058,0.007115,0.009195,0.01154,0.013965,0.016195,0.018075,0.01964,0.02101,0.022173,0.023235,0.025425,0.02708,0.028005,0.028525,0.028756,0.028887,CDX.NA.IG.S17.5Y,0.009525
13-MAR-2012,0.006032,0.00605,0.007565,0.009825,0.012315,0.014827,0.017075,0.01899,0.02056,0.02195,0.02311,0.024175,0.02638,0.028095,0.02896,0.02947,0.029705,0.029839,CDX.NA.IG.S17.5Y,0.0091531
14-MAR-2012,0.00638,0.0064,0.008155,0.01061,0.013235,0.015861,0.018231,0.020185,0.021832,0.023225,0.024384,0.025455,0.027635,0.029345,0.030205,0.030705,0.030947,0.031084,CDX.NA.IG.S17.5Y,0.0090641
15-MAR-2012,0.00624,0.00626,0.00803,0.010587,0.013173,0.015925,0.0183,0.020419,0.02203,0.023405,0.024601,0.025705,0.027902,0.029555,0.03052,0.030923,0.031163,0.031299,CDX.NA.IG.S17.5Y,0.0090033
16-MAR-2012,0.006131,0.00615,0.00812,0.01071,0.01347,0.016145,0.01852,0.020505,0.022135,0.023545,0.024706,0.02578,0.027954,0.029635,0.0305,0.030965,0.031205,0.031341,CDX.NA.IG.S17.5Y,0.0088625
19-MAR-2012,0.006419,0.00644,0.0085,0.011385,0.01435,0.017095,0.01948,0.02149,0.023145,0.02451,0.025655,0.02672,0.028844,0.030481,0.031345,0.031798,0.03204,0.032176,CDX.NA.IG.S17.5Y,0.008545800000000001
20-MAR-2012,0.006588,0.00661,0.008689,0.011538,0.014508,0.017215,0.019566,0.02148,0.023068,0.02443,0.025555,0.026601,0.028714,0.030202,0.031015,0.031435,0.031665,0.031794,CDX.NA.IG.S17.5Y,0.008175100000000001
21-MAR-2012,0.006275,0.006295,0.00826,0.01098,0.01382,0.016508,0.01883,0.02074,0.02233,0.02378,0.024869,0.02588,0.028005,0.02963,0.03043,0.03087,0.031101,0.031232,CDX.NA.IG.S17.5Y,0.0081306
22-MAR-2012,0.006226,0.006245,0.0082,0.010931,0.013765,0.016281,0.018627,0.020524,0.022101,0.02353,0.024668,0.025721,0.027769,0.02937,0.030102,0.03058,0.030807,0.030936,CDX.NA.IG.S17.5Y,0.008481
23-MAR-2012,0.006086,0.006105,0.00798,0.010697,0.013353,0.015953,0.018241,0.020165,0.021745,0.02308,0.024203,0.02524,0.027315,0.02892,0.029639,0.030115,0.030339,0.030465,CDX.NA.IG.S17.5Y,0.00855
26-MAR-2012,0.005912,0.00593,0.007828,0.010423,0.013215,0.015895,0.018264,0.020196,0.021796,0.02318,0.0243,0.025336,0.027507,0.029172,0.029995,0.030327,0.030551,0.030678,CDX.NA.IG.S17.5Y,0.008312600000000002
27-MAR-2012,0.005614,0.00563,0.007305,0.009808,0.012466,0.015116,0.017447,0.019432,0.02102,0.022515,0.023666,0.024726,0.026832,0.028555,0.029435,0.029855,0.030087,0.030219,CDX.NA.IG.S17.5Y,0.0083875
28-MAR-2012,0.005753,0.00577,0.00752,0.01004,0.01271,0.01534,0.017675,0.019635,0.021255,0.022655,0.023819,0.02489,0.027049,0.028765,0.029595,0.03006,0.030295,0.030427,CDX.NA.IG.S17.5Y,0.008525
29-MAR-2012,0.005868,0.005885,0.00743,0.009805,0.012395,0.014995,0.01735,0.019285,0.020905,0.022295,0.023457,0.024525,0.026725,0.02841,0.029245,0.02982,0.03006,0.030196,CDX.NA.IG.S17.5Y,0.008725100000000001
30-MAR-2012,0.005798,0.005815,0.00758,0.010015,0.01272,0.015295,0.01779,0.019785,0.021455,0.02287,0.024057,0.02515,0.02734,0.02906,0.0299,0.03039,0.03063,0.030766,CDX.NA.IG.S17.5Y,0.0085745
02-APR-2012,0.005778,0.005795,0.007495,0.009826,0.01255,0.015205,0.0176,0.019605,0.021275,0.022705,0.023866,0.024935,0.0272,0.028955,0.029855,0.030275,0.030514,0.03065,CDX.NA.IG.S17.5Y,0.008475
03-APR-2012,0.006196,0.006215,0.00823,0.010775,0.013615,0.016355,0.018765,0.020775,0.022473,0.0239,0.025089,0.02619,0.028415,0.030155,0.030936,0.031424,0.031669,0.031807,CDX.NA.IG.S17.5Y,0.008512500000000001
04-APR-2012,0.00624,0.00626,0.007945,0.010445,0.013053,0.015785,0.018205,0.020181,0.021821,0.02325,0.024429,0.025517,0.027672,0.029398,0.030749,0.030588,0.030805,0.030927,CDX.NA.IG.S17.5Y,0.008725
05-APR-2012,0.00629,0.00631,0.007959,0.010329,0.0129,0.0155,0.017865,0.01983,0.02149,0.022895,0.024071,0.025155,0.027475,0.029115,0.029935,0.030408,0.030644,0.030778,CDX.NA.IG.S17.5Y,0.0091375
06-APR-2012,0.006062,0.00608,0.007331,0.009402,0.011744,0.014295,0.016616,0.018537,0.02012,0.021395,0.022641,0.023779,0.026011,0.027768,0.02865,0.029065,0.029294,0.029424,CDX.NA.IG.S17.5Y,0.009850000000000001
09-APR-2012,0.006022,0.00604,0.007375,0.009465,0.011855,0.014315,0.016524,0.01847,0.020095,0.02142,0.022601,0.02368,0.02588,0.0276,0.028435,0.028915,0.029144,0.029274,CDX.NA.IG.S17.5Y,0.0097563
10-APR-2012,0.006002,0.00602,0.007215,0.009265,0.011485,0.013895,0.01611,0.018015,0.01959,0.020965,0.022131,0.023195,0.02538,0.027065,0.02788,0.028355,0.028577,0.028704,CDX.NA.IG.S17.5Y,0.0098432
11-APR-2012,0.005863,0.00588,0.007082,0.009236,0.011675,0.01417,0.01645,0.01838,0.02,0.021355,0.022578,0.023695,0.025908,0.027655,0.02839,0.028877,0.029104,0.029233,CDX.NA.IG.S17.5Y,0.009612500000000001
12-APR-2012,0.005694,0.00571,0.007018,0.009237,0.011705,0.01424,0.016545,0.01849,0.02011,0.021655,0.02279,0.02383,0.026075,0.027805,0.028625,0.029105,0.029336,0.029467,CDX.NA.IG.S17.5Y,0.009075
13-APR-2012,0.005659,0.005675,0.006925,0.008925,0.011465,0.013895,0.01612,0.01801,0.0196,0.02099,0.022149,0.023207,0.025395,0.027083,0.027896,0.028337,0.028557,0.028682,CDX.NA.IG.S17.5Y,0.009525
16-APR-2012,0.005679,0.005695,0.006976,0.009,0.0113,0.013815,0.01603,0.017946,0.019525,0.021,0.022156,0.023211,0.025328,0.02702,0.027875,0.028322,0.028544,0.028671,CDX.NA.IG.S17.5Y,0.009550000000000001
17-APR-2012,0.005584,0.0056,0.00688,0.009055,0.01143,0.013887,0.016145,0.018055,0.019645,0.021055,0.022234,0.02331,0.0255,0.02721,0.02802,0.0284,0.028618,0.028742,CDX.NA.IG.S17.5Y,0.009250000000000001
18-APR-2012,0.005564,0.00558,0.006862,0.00893,0.011305,0.013755,0.01599,0.017885,0.019475,0.02087,0.022049,0.023125,0.025265,0.02705,0.027905,0.02839,0.028618,0.028748,CDX.NA.IG.S17.5Y,0.00935
19-APR-2012,0.005634,0.00565,0.006905,0.008996,0.011365,0.01379,0.016015,0.017865,0.019462,0.02085,0.02205,0.023143,0.025245,0.02701,0.02784,0.028315,0.028539,0.028667,CDX.NA.IG.S17.5Y,0.0093938
20-APR-2012,0.005659,0.005675,0.006925,0.009015,0.01138,0.013789,0.01599,0.01785,0.019397,0.0208,0.021966,0.02303,0.025243,0.026973,0.02784,0.028272,0.028494,0.028621,CDX.NA.IG.S17.5Y,0.0093942
23-APR-2012,0.005714,0.00573,0.006936,0.008904,0.011255,0.01363,0.01581,0.017675,0.01924,0.0206,0.021737,0.022774,0.02503,0.02673,0.027535,0.028005,0.028225,0.028351,CDX.NA.IG.S17.5Y,0.009487500000000001
24-APR-2012,0.005763,0.00578,0.006999,0.009116,0.011515,0.013961,0.016169,0.018045,0.019635,0.021015,0.022191,0.023265,0.025467,0.027186,0.028003,0.028465,0.028689,0.028817,CDX.NA.IG.S17.5Y,0.009375
25-APR-2012,0.00556,0.005575,0.00684,0.009031,0.011425,0.013905,0.016162,0.018072,0.019699,0.02106,0.022255,0.023345,0.025624,0.02726,0.028097,0.028635,0.028866,0.028998,CDX.NA.IG.S17.5Y,0.0091625
26-APR-2012,0.005579,0.005595,0.006815,0.00886,0.011148,0.013595,0.015825,0.01771,0.019283,0.02069,0.021891,0.022985,0.025225,0.02702,0.02779,0.028375,0.028607,0.02874,CDX.NA.IG.S17.5Y,0.008993800000000001
27-APR-2012,0.00553,0.005545,0.006785,0.008855,0.011165,0.013585,0.015805,0.017675,0.019204,0.020655,0.021859,0.022955,0.02523,0.027,0.02799,0.028365,0.028592,0.028722,CDX.NA.IG.S17.5Y,0.008825000000000001
30-APR-2012,0.005455,0.00547,0.006635,0.008667,0.01088,0.0133,0.01553,0.01737,0.018986,0.020485,0.021623,0.02266,0.024983,0.026825,0.02778,0.028215,0.028447,0.028579,CDX.NA.IG.S17.5Y,0.008875000000000001
01-MAY-2012,0.005435,0.00545,0.00668,0.008755,0.011138,0.01358,0.0158,0.017708,0.019278,0.020715,0.021929,0.023035,0.025355,0.0272,0.028195,0.02861,0.028846,0.02898,CDX.NA.IG.S17.5Y,0.0087875
02-MAY-2012,0.00547,0.005485,0.006687,0.0087,0.01105,0.01341,0.015695,0.017565,0.019145,0.020635,0.021799,0.02286,0.025115,0.026925,0.027852,0.028385,0.028622,0.028757,CDX.NA.IG.S17.5Y,0.008753100000000002
03-MAY-2012,0.0054,0.005415,0.00667,0.00874,0.01108,0.013518,0.01572,0.017595,0.01919,0.02058,0.021787,0.022885,0.025155,0.026912,0.027835,0.02833,0.028562,0.028695,CDX.NA.IG.S17.5Y,0.009000000000000001
04-MAY-2012,0.005455,0.00547,0.006585,0.00854,0.01081,0.013047,0.015265,0.0172,0.018688,0.02017,0.021373,0.022465,0.02474,0.026555,0.027425,0.027935,0.028165,0.028296,CDX.NA.IG.S17.5Y,0.0092875
07-MAY-2012,0.005589,0.005605,0.006595,0.0085,0.01074,0.013172,0.015251,0.017145,0.018689,0.0201,0.021292,0.022375,0.02465,0.026425,0.02731,0.027725,0.027947,0.028073,CDX.NA.IG.S17.5Y,0.0094313
08-MAY-2012,0.005634,0.00565,0.00668,0.008548,0.010678,0.012941,0.015038,0.017015,0.018555,0.019935,0.021114,0.022185,0.024403,0.026161,0.027036,0.027554,0.027779,0.027908,CDX.NA.IG.S17.5Y,0.009525
09-MAY-2012,0.005863,0.00588,0.006855,0.008695,0.01088,0.013006,0.015225,0.017,0.018436,0.019865,0.021068,0.022159,0.024335,0.026125,0.026995,0.027485,0.027708,0.027835,CDX.NA.IG.S17.5Y,0.009775
10-MAY-2012,0.005758,0.005775,0.006878,0.008733,0.010897,0.013195,0.015345,0.017075,0.0187,0.02007,0.021246,0.022315,0.024511,0.026305,0.02712,0.027657,0.027881,0.028009,CDX.NA.IG.S17.5Y,0.0097
11-MAY-2012,0.006101,0.00612,0.007068,0.00884,0.01097,0.013255,0.015249,0.017035,0.018491,0.01983,0.021027,0.022112,0.02429,0.026037,0.026915,0.02734,0.027555,0.027678,CDX.NA.IG.S17.5Y,0.0102875
14-MAY-2012,0.006409,0.00643,0.00728,0.00887,0.01085,0.012945,0.014895,0.01658,0.018,0.01927,0.020353,0.021335,0.023379,0.02498,0.025825,0.02625,0.026448,0.026562,CDX.NA.IG.S17.5Y,0.010875000000000001
15-MAY-2012,0.006618,0.00664,0.00753,0.009125,0.01109,0.01315,0.015039,0.016635,0.01805,0.019245,0.020328,0.02131,0.023354,0.024975,0.025679,0.026155,0.026349,0.026461,CDX.NA.IG.S17.5Y,0.011091700000000001
16-MAY-2012,0.006459,0.00648,0.007365,0.009015,0.011005,0.012995,0.014855,0.016445,0.017772,0.019,0.020081,0.02106,0.023075,0.024725,0.025485,0.025895,0.026086,0.026196,CDX.NA.IG.S17.5Y,0.0112641
17-MAY-2012,0.006539,0.00656,0.00745,0.008974,0.01081,0.01269,0.0144,0.015885,0.017121,0.018375,0.019362,0.020255,0.022163,0.0236,0.024435,0.02482,0.024996,0.025097,CDX.NA.IG.S17.5Y,0.01165
18-MAY-2012,0.006628,0.00665,0.00757,0.009125,0.01096,0.01286,0.014545,0.016045,0.017388,0.018485,0.019493,0.020405,0.022318,0.023815,0.024553,0.02486,0.025029,0.025126,CDX.NA.IG.S17.5Y,0.0117
21-MAY-2012,0.006365,0.006385,0.007325,0.008885,0.010718,0.012775,0.014585,0.01615,0.01748,0.018665,0.019688,0.020615,0.022463,0.023974,0.02473,0.024993,0.025162,0.025259,CDX.NA.IG.S17.5Y,0.0111
22-MAY-2012,0.006419,0.00644,0.007455,0.009077,0.01104,0.013054,0.014875,0.01648,0.017828,0.019035,0.020052,0.020975,0.023078,0.02466,0.025425,0.025845,0.026035,0.026144,CDX.NA.IG.S17.5Y,0.011137600000000001
23-MAY-2012,0.00636,0.00638,0.00729,0.008925,0.010855,0.012825,0.014655,0.016244,0.017575,0.018755,0.01981,0.020765,0.022706,0.02425,0.02497,0.025275,0.025449,0.02555,CDX.NA.IG.S17.5Y,0.011075
24-MAY-2012,0.006404,0.006425,0.0074,0.00917,0.01122,0.013214,0.01507,0.01665,0.018025,0.01921,0.020275,0.02124,0.023177,0.02471,0.02558,0.025991,0.026182,0.026292,CDX.NA.IG.S17.5Y,0.0109875
25-MAY-2012,0.00637,0.00639,0.007353,0.009052,0.01094,0.012963,0.014778,0.016341,0.017677,0.01891,0.019962,0.020914,0.022915,0.024555,0.025312,0.025745,0.025934,0.026043,CDX.NA.IG.S17.5Y,0.011025
29-MAY-2012,0.006206,0.006225,0.00722,0.008955,0.011,0.012989,0.014815,0.016385,0.017735,0.018925,0.01998,0.020935,0.022925,0.024515,0.025255,0.025695,0.025883,0.025992,CDX.NA.IG.S17.5Y,0.010875000000000001
30-MAY-2012,0.006141,0.00616,0.00693,0.008485,0.010322,0.012196,0.013906,0.015395,0.016702,0.017785,0.018848,0.019805,0.02165,0.02317,0.023992,0.024347,0.02452,0.02462,CDX.NA.IG.S17.5Y,0.0114375
31-MAY-2012,0.006245,0.006265,0.00686,0.00826,0.009995,0.011825,0.013515,0.01499,0.016275,0.01729,0.01836,0.01932,0.02122,0.022725,0.023418,0.02382,0.023987,0.024084,CDX.NA.IG.S17.5Y,0.011537500000000001
01-JUN-2012,0.006231,0.00625,0.006839,0.008171,0.00985,0.011532,0.013052,0.014435,0.015631,0.016705,0.01764,0.018479,0.020337,0.02182,0.022475,0.022834,0.022987,0.023076,CDX.NA.IG.S17.5Y,0.0118
04-JUN-2012,0.006226,0.006245,0.006955,0.00844,0.010265,0.012045,0.01363,0.015055,0.016295,0.017375,0.018322,0.019175,0.020975,0.02236,0.022938,0.023335,0.023489,0.023578,CDX.NA.IG.S17.5Y,0.011975000000000001
05-JUN-2012,0.006052,0.00607,0.0068,0.008315,0.010165,0.01205,0.013775,0.01528,0.016565,0.01773,0.018729,0.01963,0.0215,0.023,0.023655,0.02406,0.024228,0.024324,CDX.NA.IG.S17.5Y,0.011737500000000001
06-JUN-2012,0.005922,0.00594,0.0068,0.00842,0.01046,0.01243,0.014215,0.01577,0.01712,0.018375,0.019354,0.02024,0.02215,0.023645,0.02435,0.024745,0.024919,0.02502,CDX.NA.IG.S17.5Y,0.01135
07-JUN-2012,0.005813,0.00583,0.00669,0.008245,0.01021,0.01219,0.01403,0.01564,0.016995,0.01822,0.01929,0.020255,0.02219,0.023795,0.024553,0.024988,0.025173,0.025279,CDX.NA.IG.S17.5Y,0.01135
08-JUN-2012,0.005783,0.0058,0.006531,0.008175,0.010205,0.01223,0.014055,0.015645,0.017103,0.01823,0.019328,0.020318,0.022336,0.023911,0.024684,0.02514,0.025328,0.025437,CDX.NA.IG.S17.5Y,0.0112625
11-JUN-2012,0.005689,0.005705,0.00647,0.008,0.0099,0.011825,0.013637,0.015215,0.016558,0.017765,0.018865,0.019855,0.021885,0.023575,0.024376,0.02483,0.025021,0.02513,CDX.NA.IG.S17.5Y,0.011662500000000001
12-JUN-2012,0.005917,0.005935,0.006749,0.00837,0.01035,0.012335,0.01415,0.015725,0.017095,0.01833,0.019413,0.02039,0.02236,0.023985,0.024891,0.02522,0.025407,0.025515,CDX.NA.IG.S17.5Y,0.011475
13-JUN-2012,0.005947,0.005965,0.006706,0.008115,0.009985,0.01184,0.013585,0.0151,0.01641,0.0176,0.018674,0.01964,0.021625,0.023255,0.024035,0.024495,0.02468,0.024786,CDX.NA.IG.S17.5Y,0.011643800000000001
14-JUN-2012,0.005903,0.00592,0.00673,0.0083,0.010215,0.012145,0.013915,0.01545,0.016804,0.017995,0.019056,0.020013,0.02197,0.023555,0.024305,0.024763,0.024946,0.025052,CDX.NA.IG.S17.5Y,0.0111625
15-JUN-2012,0.005425,0.00544,0.00617,0.00763,0.009455,0.01138,0.013175,0.01471,0.016065,0.017295,0.018356,0.01931,0.021295,0.022905,0.023685,0.02415,0.024333,0.024438,CDX.NA.IG.S17.5Y,0.011056300000000002
18-JUN-2012,0.005385,0.0054,0.006155,0.007672,0.009525,0.011435,0.013215,0.014765,0.016124,0.0173,0.01834,0.019275,0.02122,0.02279,0.02349,0.02394,0.024116,0.024217,CDX.NA.IG.S17.5Y,0.01105
19-JUN-2012,0.005371,0.005385,0.006199,0.007775,0.00971,0.011723,0.013589,0.015148,0.016546,0.01777,0.018852,0.019825,0.021845,0.023501,0.024285,0.024755,0.024945,0.025055,CDX.NA.IG.S17.5Y,0.010675100000000002
20-JUN-2012,0.00547,0.005485,0.006405,0.00804,0.010065,0.01208,0.01391,0.015495,0.016883,0.018075,0.019145,0.02011,0.022075,0.023655,0.024415,0.02486,0.025045,0.025152,CDX.NA.IG.S17.5Y,0.0105281
21-JUN-2012,0.005584,0.0056,0.006506,0.00807,0.009985,0.01194,0.013705,0.015245,0.016604,0.017775,0.018822,0.019765,0.02172,0.023285,0.024035,0.024485,0.024665,0.02477,CDX.NA.IG.S17.5Y,0.0109125
22-JUN-2012,0.00547,0.005485,0.006428,0.008093,0.01008,0.012084,0.013972,0.015515,0.016897,0.01808,0.019169,0.020151,0.022132,0.023743,0.02449,0.024998,0.025188,0.025298,CDX.NA.IG.S17.5Y,0.01065
25-JUN-2012,0.005301,0.005315,0.006245,0.007827,0.009715,0.011567,0.013344,0.01489,0.016228,0.017405,0.018455,0.019398,0.02138,0.022955,0.023845,0.024195,0.024374,0.024478,CDX.NA.IG.S17.5Y,0.01105
26-JUN-2012,0.005356,0.00537,0.006257,0.007845,0.009725,0.011673,0.0135,0.01507,0.01642,0.017625,0.018689,0.019646,0.021615,0.023186,0.023955,0.024417,0.0246,0.024706,CDX.NA.IG.S17.5Y,0.011000000000000001
27-JUN-2012,0.00542,0.005435,0.0063,0.007857,0.00969,0.011635,0.01341,0.014975,0.016315,0.017525,0.018584,0.019536,0.021527,0.023119,0.023915,0.024373,0.024557,0.024664,CDX.NA.IG.S17.5Y,0.0108751
28-JUN-2012,0.0055,0.005515,0.006245,0.007592,0.009415,0.011283,0.013045,0.0146,0.015937,0.01714,0.018234,0.019215,0.02124,0.022914,0.023745,0.024261,0.024452,0.024562,CDX.NA.IG.S17.5Y,0.010997400000000001
29-JUN-2012,0.005475,0.00549,0.00624,0.007645,0.00965,0.011575,0.013495,0.015095,0.016495,0.01779,0.01893,0.019955,0.02196,0.023655,0.024475,0.025018,0.025217,0.025332,CDX.NA.IG.S17.5Y,0.010375
02-JUL-2012,0.005435,0.00545,0.006155,0.007545,0.00934,0.01129,0.013125,0.014735,0.016135,0.01739,0.018504,0.019505,0.02158,0.0233,0.024155,0.024665,0.024862,0.024976,CDX.NA.IG.S17.5Y,0.010025000000000001
03-JUL-2012,0.00538,0.005395,0.006129,0.007556,0.00948,0.01144,0.013308,0.014971,0.016421,0.01771,0.018839,0.019853,0.021961,0.023682,0.024652,0.025085,0.025286,0.025403,CDX.NA.IG.S17.5Y,0.0097375
05-JUL-2012,0.005326,0.00534,0.006045,0.007535,0.009315,0.011295,0.013145,0.014764,0.016197,0.017475,0.018597,0.019605,0.021714,0.023438,0.024315,0.024844,0.025045,0.025162,CDX.NA.IG.S17.5Y,0.0099875
06-JUL-2012,0.005196,0.00521,0.005895,0.007255,0.00904,0.010975,0.012765,0.014365,0.01577,0.017025,0.018127,0.019115,0.021208,0.022915,0.023765,0.024295,0.02449,0.024603,CDX.NA.IG.S17.5Y,0.0103625
09-JUL-2012,0.005196,0.00521,0.0058,0.007065,0.008815,0.010642,0.012395,0.013955,0.015308,0.016525,0.017634,0.018626,0.020661,0.022385,0.02324,0.023763,0.023954,0.024065,CDX.NA.IG.S17.5Y,0.0102064
10-JUL-2012,0.005221,0.005235,0.005812,0.007015,0.008655,0.010497,0.012235,0.013802,0.01516,0.016375,0.017471,0.01845,0.0205,0.022193,0.02302,0.023561,0.02375,0.02386,CDX.NA.IG.S17.5Y,0.0102375
11-JUL-2012,0.004991,0.005003,0.00568,0.007007,0.008685,0.010549,0.012316,0.01387,0.015218,0.016415,0.017524,0.018515,0.020555,0.022276,0.023115,0.02366,0.023851,0.023962,CDX.NA.IG.S17.5Y,0.010275000000000001
12-JUL-2012,0.004793,0.004805,0.005495,0.00677,0.008445,0.010273,0.01195,0.013458,0.014766,0.015955,0.017063,0.018051,0.019995,0.021701,0.02258,0.023101,0.023286,0.023393,CDX.NA.IG.S17.5Y,0.0104375
13-JUL-2012,0.004624,0.004635,0.00546,0.006815,0.008455,0.010395,0.0121,0.013628,0.01495,0.01617,0.017225,0.018167,0.020209,0.021905,0.02286,0.023295,0.02348,0.023587,CDX.NA.IG.S17.5Y,0.010275000000000001
16-JUL-2012,0.004634,0.004645,0.005389,0.00666,0.008395,0.010295,0.01203,0.0136,0.014965,0.01618,0.017268,0.01824,0.020195,0.02198,0.022894,0.02333,0.023516,0.023624,CDX.NA.IG.S17.5Y,0.010375
17-JUL-2012,0.004739,0.00475,0.005535,0.00688,0.00863,0.010521,0.012335,0.013925,0.015305,0.016555,0.017664,0.018655,0.02072,0.022423,0.023246,0.023835,0.02403,0.024143,CDX.NA.IG.S17.5Y,0.0102375
18-JUL-2012,0.004604,0.004615,0.005305,0.006632,0.00836,0.010272,0.012085,0.013667,0.015072,0.01638,0.017476,0.018455,0.020515,0.022226,0.023117,0.023645,0.023838,0.023951,CDX.NA.IG.S17.5Y,0.009912500000000001
19-JUL-2012,0.004445,0.004455,0.00515,0.006555,0.008345,0.010296,0.012095,0.01371,0.015115,0.01639,0.017507,0.018505,0.020585,0.02231,0.02317,0.02377,0.023968,0.024082,CDX.NA.IG.S17.5Y,0.0099
20-JUL-2012,0.004415,0.004425,0.005095,0.006365,0.00805,0.009965,0.01173,0.01331,0.014685,0.01592,0.017022,0.018005,0.020075,0.021765,0.022632,0.023175,0.023364,0.023473,CDX.NA.IG.S17.5Y,0.01025
23-JUL-2012,0.004465,0.004475,0.005075,0.006275,0.007915,0.009731,0.01149,0.013045,0.01441,0.01562,0.01671,0.01768,0.01974,0.02141,0.022232,0.022777,0.022961,0.023068,CDX.NA.IG.S17.5Y,0.010425100000000001
24-JUL-2012,0.00439,0.0044,0.004962,0.00611,0.00776,0.009545,0.01125,0.012742,0.014095,0.015305,0.016393,0.01736,0.019375,0.021057,0.0219,0.022422,0.022602,0.022707,CDX.NA.IG.S17.5Y,0.010726000000000001
25-JUL-2012,0.004336,0.004345,0.004936,0.006096,0.007765,0.00948,0.01129,0.01282,0.01417,0.01537,0.016457,0.017425,0.01942,0.02108,0.021861,0.022435,0.022615,0.02272,CDX.NA.IG.S17.5Y,0.0106251
26-JUL-2012,0.0044,0.00441,0.00501,0.0063,0.008015,0.009858,0.011594,0.013152,0.014515,0.015725,0.016814,0.017785,0.01982,0.021504,0.022406,0.022884,0.023067,0.023174,CDX.NA.IG.S17.5Y,0.0102001
27-JUL-2012,0.004395,0.004405,0.005155,0.006579,0.008535,0.01041,0.01235,0.01399,0.015332,0.016675,0.017842,0.018885,0.02086,0.02255,0.023576,0.02397,0.024162,0.024274,CDX.NA.IG.S17.5Y,0.009575100000000001
30-JUL-2012,0.004171,0.00418,0.004845,0.00622,0.00805,0.010018,0.01186,0.013485,0.014915,0.016195,0.017337,0.018357,0.020358,0.022077,0.023017,0.023545,0.02374,0.023854,CDX.NA.IG.S17.5Y,0.0097
31-JUL-2012,0.004141,0.00415,0.00473,0.006025,0.007915,0.009765,0.01161,0.01321,0.01463,0.015885,0.017003,0.018,0.02009,0.021836,0.02269,0.023155,0.023342,0.02345,CDX.NA.IG.S17.5Y,0.0097376
01-AUG-2012,0.004331,0.00434,0.00508,0.006505,0.00841,0.0104,0.01226,0.01388,0.015315,0.01658,0.017699,0.0187,0.020785,0.02249,0.02337,0.023933,0.024131,0.024246,CDX.NA.IG.S17.5Y,0.009625100000000001
02-AUG-2012,0.004346,0.004355,0.005075,0.006533,0.00835,0.010278,0.012125,0.01371,0.015125,0.016385,0.017496,0.018488,0.020565,0.022286,0.02313,0.023717,0.023913,0.024026,CDX.NA.IG.S17.5Y,0.0099751
03-AUG-2012,0.00445,0.00446,0.005251,0.006846,0.008835,0.010849,0.012775,0.014395,0.015842,0.017135,0.018244,0.019239,0.021306,0.023087,0.023925,0.024465,0.024665,0.02478,CDX.NA.IG.S17.5Y,0.009450100000000001
06-AUG-2012,0.004346,0.004355,0.00514,0.00666,0.008595,0.01068,0.012605,0.01431,0.015785,0.017085,0.018221,0.01924,0.021335,0.023,0.023922,0.024545,0.024753,0.024874,CDX.NA.IG.S17.5Y,0.009325
07-AUG-2012,0.004589,0.0046,0.005455,0.00707,0.009175,0.011205,0.01317,0.014901,0.016385,0.017705,0.01888,0.019935,0.021995,0.02371,0.02458,0.025135,0.025342,0.025462,CDX.NA.IG.S17.5Y,0.009425000000000001
08-AUG-2012,0.004689,0.0047,0.005599,0.00725,0.00927,0.01137,0.013425,0.015065,0.016555,0.01787,0.019017,0.020049,0.022196,0.023923,0.024756,0.025355,0.025566,0.025688,CDX.NA.IG.S17.5Y,0.0093875
09-AUG-2012,0.004739,0.00475,0.005701,0.00732,0.00935,0.01146,0.01343,0.015148,0.016515,0.01799,0.019016,0.019941,0.022305,0.024037,0.024916,0.025559,0.025777,0.025903,CDX.NA.IG.S17.5Y,0.009375
10-AUG-2012,0.004684,0.004695,0.00557,0.007202,0.00913,0.011228,0.01316,0.01489,0.016383,0.017695,0.018854,0.019895,0.021958,0.02382,0.024594,0.025307,0.025524,0.025649,CDX.NA.IG.S17.5Y,0.0094125
13-AUG-2012,0.004644,0.004655,0.00552,0.007065,0.00906,0.011174,0.013145,0.014881,0.016373,0.017695,0.018841,0.01987,0.022045,0.023776,0.024771,0.025213,0.02542,0.02554,CDX.NA.IG.S17.5Y,0.009362500000000001
14-AUG-2012,0.004729,0.00474,0.005704,0.007375,0.009475,0.011675,0.0137,0.0155,0.017037,0.0184,0.019568,0.02062,0.022785,0.02454,0.02544,0.026013,0.026232,0.026358,CDX.NA.IG.S17.5Y,0.009375
15-AUG-2012,0.004908,0.00492,0.006058,0.007835,0.01004,0.01233,0.01447,0.016305,0.01783,0.019315,0.020467,0.02151,0.02374,0.025502,0.026395,0.026955,0.027181,0.02731,CDX.NA.IG.S17.5Y,0.0093875
16-AUG-2012,0.004958,0.00497,0.006191,0.008016,0.01027,0.012553,0.014721,0.01654,0.018123,0.01953,0.020726,0.02181,0.024015,0.025792,0.02674,0.027312,0.027543,0.027676,CDX.NA.IG.S17.5Y,0.0091876
17-AUG-2012,0.004943,0.004955,0.006085,0.007843,0.01001,0.012308,0.014405,0.016233,0.01785,0.01923,0.020425,0.021505,0.02371,0.025526,0.02653,0.027058,0.027288,0.02742,CDX.NA.IG.S17.5Y,0.009087600000000001
20-AUG-2012,0.004898,0.00491,0.006007,0.007735,0.009915,0.012185,0.014308,0.016165,0.017753,0.019135,0.020344,0.021436,0.023621,0.025423,0.026414,0.02682,0.02704,0.027166,CDX.NA.IG.S17.5Y,0.008925
21-AUG-2012,0.004943,0.004955,0.00601,0.00777,0.00989,0.012166,0.014275,0.016115,0.017686,0.019075,0.020254,0.02132,0.02352,0.025277,0.026249,0.02673,0.026952,0.027079,CDX.NA.IG.S17.5Y,0.0089501
22-AUG-2012,0.004515,0.004525,0.00539,0.006925,0.00893,0.011125,0.013215,0.01503,0.016564,0.017945,0.019143,0.02022,0.02243,0.02425,0.02518,0.025753,0.025974,0.026102,CDX.NA.IG.S17.5Y,0.008975
23-AUG-2012,0.00444,0.00445,0.005325,0.00689,0.00891,0.011074,0.01313,0.01492,0.016475,0.01784,0.019037,0.020113,0.022335,0.024145,0.02499,0.025584,0.025801,0.025926,CDX.NA.IG.S17.5Y,0.009275
24-AUG-2012,0.0045,0.00451,0.00539,0.00699,0.00899,0.01118,0.013219,0.015,0.016562,0.01792,0.01911,0.02018,0.022407,0.02424,0.025227,0.02576,0.025981,0.026108,CDX.NA.IG.S17.5Y,0.009137600000000001
27-AUG-2012,0.00449,0.0045,0.005225,0.00681,0.00869,0.010839,0.012845,0.0146,0.016145,0.017495,0.018689,0.01976,0.021955,0.02378,0.024728,0.025295,0.025513,0.025639,CDX.NA.IG.S17.5Y,0.0091126
28-AUG-2012,0.00436,0.00437,0.005175,0.006595,0.00854,0.010648,0.012638,0.014384,0.015903,0.01725,0.018447,0.01952,0.021755,0.02361,0.02456,0.025169,0.02539,0.025517,CDX.NA.IG.S17.5Y,0.009162600000000002
29-AUG-2012,0.004435,0.004445,0.005195,0.006695,0.00865,0.010785,0.012817,0.014561,0.016128,0.017505,0.018699,0.01977,0.021965,0.023885,0.0249,0.025458,0.025682,0.025811,CDX.NA.IG.S17.5Y,0.0091375
30-AUG-2012,0.004266,0.004275,0.005026,0.00648,0.008415,0.010562,0.012605,0.014385,0.015945,0.017325,0.018538,0.019625,0.02189,0.023764,0.02473,0.025336,0.025559,0.025688,CDX.NA.IG.S17.5Y,0.009387600000000001
31-AUG-2012,0.004002,0.00401,0.004626,0.005798,0.00773,0.009828,0.011716,0.013585,0.015208,0.016595,0.017822,0.018917,0.021156,0.023102,0.023939,0.024701,0.024926,0.025057,CDX.NA.IG.S17.5Y,0.009275
04-SEP-2012,0.003947,0.003955,0.004608,0.005939,0.0078,0.009938,0.011981,0.01381,0.015375,0.01675,0.017986,0.01909,0.021369,0.023213,0.024158,0.024786,0.025007,0.025135,CDX.NA.IG.S17.5Y,0.009156300000000001
05-SEP-2012,0.004017,0.004025,0.004637,0.006,0.0079,0.010055,0.012145,0.01396,0.01554,0.01694,0.018165,0.01926,0.02156,0.023419,0.024395,0.024988,0.02521,0.025339,CDX.NA.IG.S17.5Y,0.009125000000000001
06-SEP-2012,0.004241,0.00425,0.00499,0.006515,0.00851,0.010747,0.01289,0.014774,0.0164,0.01784,0.019078,0.02019,0.02251,0.024376,0.025339,0.02595,0.026181,0.026314,CDX.NA.IG.S17.5Y,0.008575000000000001
07-SEP-2012,0.004027,0.004035,0.004751,0.006183,0.008163,0.010446,0.01266,0.014587,0.016277,0.017768,0.019078,0.020252,0.022578,0.024593,0.025641,0.026251,0.026493,0.026633,CDX.NA.IG.S17.5Y,0.0083876
10-SEP-2012,0.003952,0.00396,0.004647,0.006042,0.00801,0.010279,0.012485,0.014417,0.016065,0.017545,0.018832,0.019985,0.022479,0.024426,0.025434,0.026073,0.026315,0.026454,CDX.NA.IG.S17.5Y,0.0085626
11-SEP-2012,0.003947,0.003955,0.004715,0.006178,0.008255,0.010572,0.012804,0.014796,0.01647,0.017985,0.019314,0.020507,0.022895,0.024847,0.025876,0.026479,0.026723,0.026863,CDX.NA.IG.S17.5Y,0.008368800000000001
12-SEP-2012,0.003972,0.00398,0.004736,0.006327,0.00851,0.01092,0.013225,0.015232,0.016959,0.018495,0.019824,0.02102,0.023465,0.025449,0.026379,0.027097,0.027351,0.027497,CDX.NA.IG.S17.5Y,0.0081375
13-SEP-2012,0.003733,0.00374,0.004445,0.005896,0.00798,0.010336,0.012495,0.014593,0.016338,0.01794,0.019343,0.0206,0.023076,0.025202,0.026311,0.026953,0.027213,0.027363,CDX.NA.IG.S17.5Y,0.007687500000000001
14-SEP-2012,0.003753,0.00376,0.00461,0.006289,0.008625,0.011047,0.013475,0.015484,0.017336,0.01903,0.020406,0.021646,0.024324,0.026529,0.027659,0.028415,0.028701,0.028864,CDX.NA.IG.S17.5Y,0.007375100000000001
17-SEP-2012,0.003738,0.003745,0.004725,0.006391,0.008665,0.011071,0.013475,0.015445,0.017225,0.0188,0.020211,0.02148,0.023985,0.026165,0.027285,0.02784,0.028104,0.028256,CDX.NA.IG.S17.5Y,0.0075255
18-SEP-2012,0.003858,0.003865,0.004635,0.006225,0.00844,0.010822,0.013105,0.015135,0.016883,0.018455,0.019827,0.02106,0.023615,0.025735,0.026785,0.02757,0.027843,0.028,CDX.NA.IG.S17.5Y,0.007600100000000001
19-SEP-2012,0.003887,0.003895,0.004625,0.006085,0.008165,0.010475,0.01269,0.014657,0.016379,0.017935,0.019295,0.020515,0.023046,0.025145,0.026235,0.026965,0.02723,0.027382,CDX.NA.IG.S17.5Y,0.007590800000000001
20-SEP-2012,0.003922,0.00393,0.0047,0.006155,0.008195,0.01043,0.01266,0.014515,0.0162,0.01794,0.019218,0.020365,0.02282,0.024925,0.026025,0.026738,0.026998,0.027147,CDX.NA.IG.S17.5Y,0.007750100000000001
21-SEP-2012,0.003882,0.00389,0.0046,0.00601,0.00803,0.0103,0.01248,0.01443,0.01616,0.017685,0.01907,0.02031,0.0229,0.02504,0.026135,0.026981,0.027255,0.027412,CDX.NA.IG.S17.5Y,0.0078125
24-SEP-2012,0.003952,0.00396,0.00463,0.005855,0.00778,0.00997,0.01213,0.01409,0.015854,0.017288,0.018667,0.0199,0.022495,0.02463,0.02574,0.02646,0.026722,0.026873,CDX.NA.IG.S17.5Y,0.0079868
25-SEP-2012,0.004022,0.00403,0.004698,0.005986,0.00785,0.009966,0.012024,0.01387,0.015518,0.01701,0.018377,0.019598,0.022149,0.0243,0.025509,0.026105,0.026359,0.026505,CDX.NA.IG.S17.5Y,0.0083865
26-SEP-2012,0.004206,0.004215,0.004801,0.005967,0.00773,0.009763,0.011792,0.013581,0.015195,0.0166,0.017977,0.019204,0.02167,0.023751,0.024876,0.025425,0.025663,0.025801,CDX.NA.IG.S17.5Y,0.0083865
27-SEP-2012,0.003987,0.003995,0.00468,0.00598,0.00787,0.00989,0.01203,0.013906,0.015586,0.0171,0.018447,0.01965,0.02217,0.02428,0.02536,0.02605,0.026302,0.026448,CDX.NA.IG.S17.5Y,0.0079745
28-SEP-2012,0.003658,0.003665,0.00439,0.00573,0.00764,0.0098,0.01189,0.01382,0.01552,0.017035,0.018384,0.01959,0.02221,0.024265,0.02523,0.026105,0.026366,0.026516,CDX.NA.IG.S17.5Y,0.0080125
01-OCT-2012,0.003643,0.00365,0.00435,0.005716,0.007645,0.009731,0.011878,0.013673,0.015545,0.01701,0.018356,0.019558,0.022092,0.024243,0.025317,0.026008,0.026262,0.026409,CDX.NA.IG.S17.5Y,0.0079625
02-OCT-2012,0.003788,0.003795,0.004398,0.005765,0.00757,0.009717,0.01181,0.013749,0.01545,0.01694,0.018266,0.01945,0.022175,0.02433,0.025405,0.02613,0.026389,0.026539,CDX.NA.IG.S17.5Y,0.0078495
03-OCT-2012,0.003683,0.00369,0.00432,0.00555,0.00738,0.0095,0.0116,0.01353,0.01526,0.01683,0.01822,0.01946,0.0221,0.02429,0.02539,0.02612,0.026382,0.026533,CDX.NA.IG.S17.5Y,0.007674500000000001
04-OCT-2012,0.003808,0.003815,0.004451,0.005839,0.00773,0.00995,0.01213,0.014115,0.015912,0.0175,0.018906,0.020165,0.022823,0.025028,0.02611,0.026855,0.027124,0.027279,CDX.NA.IG.S17.5Y,0.0075755
05-OCT-2012,0.003992,0.004,0.00475,0.006255,0.00821,0.01048,0.0127,0.01469,0.016575,0.01806,0.019484,0.02076,0.02344,0.02578,0.02693,0.02763,0.027908,0.028068,CDX.NA.IG.S17.5Y,0.007562500000000001
09-OCT-2012,0.003833,0.00384,0.00461,0.005992,0.008025,0.010186,0.012369,0.014363,0.0161,0.0177,0.019137,0.020424,0.023039,0.025249,0.026333,0.02707,0.027341,0.027497,CDX.NA.IG.S17.5Y,0.0079005
10-OCT-2012,0.003833,0.00384,0.004572,0.005919,0.00784,0.009959,0.012063,0.014034,0.01573,0.0173,0.018688,0.01993,0.022574,0.024759,0.02579,0.026605,0.026873,0.027028,CDX.NA.IG.S17.5Y,0.007924500000000001
11-OCT-2012,0.003848,0.003855,0.00462,0.005995,0.00791,0.01009,0.01207,0.01404,0.015654,0.01727,0.018589,0.01977,0.022335,0.024459,0.025587,0.026285,0.026543,0.026691,CDX.NA.IG.S17.5Y,0.007749500000000001
12-OCT-2012,0.003793,0.0038,0.00462,0.006027,0.007945,0.01005,0.012076,0.013948,0.015638,0.01707,0.018427,0.01964,0.02223,0.02434,0.02537,0.026085,0.026338,0.026483,CDX.NA.IG.S17.5Y,0.0077755
15-OCT-2012,0.003663,0.00367,0.004534,0.006001,0.00795,0.010063,0.012114,0.01402,0.015685,0.01718,0.018547,0.019768,0.02233,0.02445,0.025503,0.026185,0.026439,0.026585,CDX.NA.IG.S17.5Y,0.0075875000000000005
16-OCT-2012,0.003608,0.003615,0.004552,0.006083,0.008085,0.01028,0.012336,0.014333,0.01605,0.017685,0.019006,0.02019,0.02284,0.025025,0.026105,0.026815,0.02708,0.027232,CDX.NA.IG.S17.5Y,0.0072125
17-OCT-2012,0.003848,0.003855,0.004995,0.006708,0.00886,0.01112,0.013294,0.015227,0.016949,0.0185,0.019889,0.021138,0.023715,0.02585,0.026987,0.02759,0.027854,0.028006,CDX.NA.IG.S17.5Y,0.006974500000000001
18-OCT-2012,0.003972,0.00398,0.005094,0.00679,0.00908,0.01124,0.013414,0.015378,0.017091,0.01866,0.019989,0.021186,0.02384,0.02594,0.027007,0.027668,0.027932,0.028084,CDX.NA.IG.S17.5Y,0.007099500000000001
19-OCT-2012,0.003992,0.004,0.005025,0.00659,0.008605,0.010785,0.012875,0.014775,0.016455,0.01788,0.019283,0.02054,0.023085,0.025168,0.026257,0.02688,0.027135,0.027281,CDX.NA.IG.S17.5Y,0.0073435
22-OCT-2012,0.004027,0.004035,0.005185,0.00686,0.00899,0.011195,0.013335,0.015269,0.01694,0.01841,0.019758,0.02097,0.02354,0.025608,0.026584,0.027208,0.027461,0.027605,CDX.NA.IG.S17.5Y,0.007399500000000001
23-OCT-2012,0.003947,0.003955,0.00502,0.006584,0.008695,0.01091,0.012995,0.014881,0.016526,0.01798,0.019326,0.020533,0.02301,0.025034,0.026004,0.026595,0.026838,0.026978,CDX.NA.IG.S17.5Y,0.0076375
24-OCT-2012,0.003877,0.003885,0.00495,0.00659,0.008675,0.01094,0.0131,0.014982,0.016694,0.0182,0.019542,0.020747,0.02325,0.025323,0.026364,0.026935,0.027184,0.027328,CDX.NA.IG.S17.5Y,0.0078375
25-OCT-2012,0.004171,0.00418,0.005369,0.007028,0.00923,0.011389,0.013612,0.015505,0.017135,0.01865,0.019937,0.021097,0.02363,0.02564,0.026616,0.02727,0.027521,0.027665,CDX.NA.IG.S17.5Y,0.0077375000000000005
26-OCT-2012,0.004012,0.00402,0.005058,0.006606,0.00863,0.01078,0.01287,0.01474,0.016371,0.01786,0.019167,0.02034,0.02288,0.024915,0.025925,0.026535,0.02678,0.026921,CDX.NA.IG.S17.5Y,0.0077755
29-OCT-2012,0.003912,0.00392,0.004901,0.006378,0.00841,0.010388,0.012421,0.01437,0.016044,0.01759,0.018919,0.02011,0.02263,0.024663,0.025673,0.026308,0.026554,0.026696,CDX.NA.IG.S17.5Y,0.0080255
31-OCT-2012,0.003937,0.003945,0.004841,0.00626,0.00826,0.01036,0.01239,0.01432,0.015912,0.017375,0.018692,0.01987,0.02237,0.02446,0.02539,0.02604,0.026282,0.026422,CDX.NA.IG.S17.5Y,0.007874500000000001
01-NOV-2012,0.003818,0.003825,0.004785,0.006306,0.00841,0.01059,0.012585,0.014447,0.016124,0.017695,0.019004,0.020177,0.02271,0.02477,0.025735,0.02641,0.026658,0.026801,CDX.NA.IG.S17.5Y,0.0075935
02-NOV-2012,0.003882,0.00389,0.004721,0.006154,0.008185,0.010329,0.012452,0.014276,0.015973,0.017473,0.018809,0.020005,0.022585,0.024663,0.025695,0.026263,0.026507,0.026647,CDX.NA.IG.S17.5Y,0.0077095
05-NOV-2012,0.003723,0.00373,0.00463,0.006109,0.008035,0.010166,0.01223,0.014015,0.015682,0.01717,0.01849,0.019671,0.022255,0.02436,0.025462,0.025998,0.026241,0.026382,CDX.NA.IG.S17.5Y,0.007615500000000001
06-NOV-2012,0.004012,0.00402,0.005068,0.006627,0.008635,0.010825,0.012915,0.01479,0.01645,0.01794,0.019242,0.02041,0.0229,0.024925,0.025994,0.026565,0.02681,0.026951,CDX.NA.IG.S17.5Y,0.0075875000000000005
07-NOV-2012,0.003768,0.003775,0.00461,0.005928,0.00791,0.009938,0.011965,0.013697,0.015398,0.016845,0.018189,0.019389,0.0219,0.023956,0.024935,0.02557,0.025809,0.025947,CDX.NA.IG.S17.5Y,0.007855500000000001
08-NOV-2012,0.003728,0.003735,0.00448,0.005783,0.007435,0.009548,0.011437,0.013253,0.0149,0.016345,0.017622,0.01876,0.021255,0.02326,0.02425,0.02488,0.02511,0.025244,CDX.NA.IG.S17.5Y,0.008299500000000001
09-NOV-2012,0.003798,0.003805,0.00459,0.00593,0.00767,0.009685,0.011613,0.01342,0.01502,0.016455,0.017723,0.018855,0.021275,0.023235,0.024215,0.024805,0.025029,0.025159,CDX.NA.IG.S17.5Y,0.008462500000000001
13-NOV-2012,0.003708,0.003715,0.004485,0.005838,0.00762,0.009582,0.011552,0.013381,0.014965,0.01639,0.017661,0.018795,0.02117,0.023137,0.02408,0.02471,0.024935,0.025066,CDX.NA.IG.S17.5Y,0.008531500000000001
14-NOV-2012,0.003663,0.00367,0.004441,0.005751,0.007575,0.009546,0.011505,0.013268,0.01485,0.01628,0.01756,0.0187,0.02112,0.02309,0.024435,0.024777,0.025002,0.025132,CDX.NA.IG.S17.5Y,0.0086935
15-NOV-2012,0.003763,0.00377,0.00451,0.005834,0.007625,0.009617,0.011546,0.013348,0.01495,0.016383,0.017653,0.018786,0.02122,0.023181,0.024195,0.02481,0.025038,0.02517,CDX.NA.IG.S17.5Y,0.0089385
16-NOV-2012,0.003753,0.00376,0.004544,0.005848,0.007485,0.009472,0.011373,0.013225,0.014823,0.016292,0.017586,0.018739,0.02121,0.02322,0.02425,0.02481,0.025037,0.025169,CDX.NA.IG.S17.5Y,0.0088375
19-NOV-2012,0.003733,0.00374,0.00454,0.0059,0.00775,0.00974,0.01171,0.01353,0.01514,0.01659,0.017911,0.019089,0.0215,0.02354,0.02456,0.025185,0.02542,0.025556,CDX.NA.IG.S17.5Y,0.0080975
20-NOV-2012,0.003783,0.00379,0.00463,0.00618,0.008,0.01006,0.012095,0.013925,0.01557,0.01704,0.018307,0.01944,0.022005,0.02407,0.02512,0.025755,0.025998,0.026138,CDX.NA.IG.S17.5Y,0.0079935
21-NOV-2012,0.003912,0.00392,0.004782,0.00619,0.00809,0.010166,0.012199,0.014029,0.015676,0.017155,0.018442,0.019594,0.022115,0.0241,0.025356,0.02576,0.025994,0.026129,CDX.NA.IG.S17.5Y,0.0078565
23-NOV-2012,0.004002,0.00401,0.004859,0.006106,0.00818,0.010279,0.012305,0.014144,0.015795,0.017283,0.018576,0.019733,0.02224,0.024231,0.025446,0.025905,0.026142,0.026279,CDX.NA.IG.S17.5Y,0.007755500000000001
26-NOV-2012,0.003992,0.004,0.00483,0.006198,0.008075,0.010095,0.012096,0.013934,0.015571,0.017022,0.018312,0.019465,0.021985,0.024035,0.025131,0.02569,0.025929,0.026067,CDX.NA.IG.S17.5Y,0.0078565
27-NOV-2012,0.003882,0.00389,0.0047,0.006003,0.00779,0.0098,0.01178,0.013625,0.01525,0.01672,0.018003,0.019148,0.02172,0.023809,0.024945,0.025505,0.025746,0.025885,CDX.NA.IG.S17.5Y,0.0079975
28-NOV-2012,0.003773,0.00378,0.004542,0.005869,0.00767,0.009698,0.011725,0.013567,0.015209,0.016701,0.018029,0.019215,0.02177,0.023864,0.025058,0.025635,0.025881,0.026024,CDX.NA.IG.S17.5Y,0.0079375
29-NOV-2012,0.003763,0.00377,0.004489,0.005728,0.00758,0.009603,0.011597,0.013446,0.0151,0.016581,0.017929,0.019131,0.02173,0.023938,0.025009,0.02566,0.025909,0.026053,CDX.NA.IG.S17.5Y,0.007774500000000001
30-NOV-2012,0.003698,0.003705,0.004399,0.005693,0.00753,0.009459,0.011535,0.01351,0.015143,0.016648,0.01803,0.019263,0.02181,0.024004,0.025104,0.0258,0.026054,0.026201,CDX.NA.IG.S17.5Y,0.007668500000000001
03-DEC-2012,0.003713,0.00372,0.00447,0.00579,0.007683,0.009645,0.01166,0.01354,0.015175,0.01666,0.017992,0.01918,0.021745,0.023887,0.025041,0.0256,0.025845,0.025986,CDX.NA.IG.S17.5Y,0.007825499999999999
04-DEC-2012,0.003633,0.00364,0.00438,0.005674,0.007575,0.0096,0.01159,0.013375,0.015051,0.016537,0.017858,0.019037,0.021571,0.023703,0.02484,0.025333,0.02557,0.025707,CDX.NA.IG.S17.5Y,0.007774500000000001
05-DEC-2012,0.003603,0.00361,0.004298,0.005559,0.007405,0.009431,0.011443,0.013273,0.01492,0.016409,0.017758,0.01896,0.021532,0.023722,0.02482,0.025405,0.025649,0.02579,CDX.NA.IG.S17.5Y,0.0075745000000000005
06-DEC-2012,0.003564,0.00357,0.00428,0.005557,0.007285,0.009405,0.01142,0.013364,0.014934,0.016436,0.01781,0.019034,0.02161,0.023753,0.024763,0.02554,0.025793,0.025939,CDX.NA.IG.S17.5Y,0.0075315
07-DEC-2012,0.003564,0.00357,0.004305,0.005625,0.00747,0.009579,0.011451,0.013542,0.015234,0.016774,0.018068,0.019223,0.021971,0.02414,0.025137,0.025925,0.026184,0.026333,CDX.NA.IG.S17.5Y,0.0074875
10-DEC-2012,0.003534,0.00354,0.004265,0.005595,0.00745,0.009555,0.011636,0.013549,0.015236,0.016748,0.018102,0.01931,0.02193,0.024085,0.02508,0.025845,0.026101,0.026248,CDX.NA.IG.S17.5Y,0.0073254999999999995
11-DEC-2012,0.003544,0.00355,0.004287,0.00566,0.007583,0.009695,0.011815,0.01375,0.01548,0.017028,0.018433,0.019688,0.022237,0.024467,0.025448,0.026413,0.026688,0.026846,CDX.NA.IG.S17.5Y,0.0071255
12-DEC-2012,0.003534,0.00354,0.00437,0.00583,0.007745,0.01004,0.0122,0.01414,0.01588,0.01744,0.018825,0.020065,0.02273,0.02496,0.02596,0.02676,0.027029,0.027184,CDX.NA.IG.S17.5Y,0.0070375
13-DEC-2012,0.003623,0.00363,0.004519,0.00615,0.008295,0.0104,0.012539,0.01447,0.0162,0.017784,0.019084,0.02025,0.02297,0.02512,0.026212,0.02688,0.027142,0.027293,CDX.NA.IG.S17.5Y,0.0071565000000000005
28-DEC-2012,0.003937,0.003945,0.004872,0.00636,0.00834,0.010474,0.012535,0.014435,0.016105,0.01763,0.019001,0.020229,0.02285,0.025155,0.02628,0.026992,0.027261,0.027416,CDX.NA.IG.S17.5Y,0.0072375
02-JAN-2013,0.003843,0.00385,0.004905,0.006575,0.00886,0.011064,0.013323,0.015342,0.017141,0.018781,0.020252,0.021575,0.024285,0.026635,0.027416,0.02866,0.028971,0.029148,CDX.NA.IG.S17.5Y,0.0065815
07-JAN-2013,0.003932,0.00394,0.00514,0.00691,0.009158,0.01155,0.013815,0.01586,0.01765,0.01927,0.02069,0.02197,0.02471,0.027035,0.02816,0.02889,0.029181,0.029347,CDX.NA.IG.S17.5Y,0.006412500000000001
