,BAA Comdty,EDA Comdty,EFA Comdty,ERA Comdty,ESA Comdty,IRA Comdty,L A Comdty
2006-12-19,,94.435,,,,,
2006-12-20,,94.445,,,,,
2006-12-21,,94.48,,,,,
2006-12-22,,94.395,,,,,
2006-12-26,,94.42,,,,,
2006-12-27,,94.395,,,,,
2006-12-28,,94.36,,,,,
2006-12-29,,94.34,,,,,
2007-01-02,,94.355,,,,,
2007-01-03,,94.385,,,,,
2007-01-04,,94.435,,,,,
2007-01-05,,94.415,,,,,
2007-01-08,,94.425,,,,,
2007-01-09,,94.43,,,,,
2007-01-10,,94.38,,,,,
2007-01-11,,94.33,,,,,
2007-01-12,,94.305,,,,,
2007-01-16,,94.315,,,,,
2007-01-17,,94.29,,,,,
2007-01-18,,94.34,,,,,
2007-01-19,,94.32,,,,,
2007-01-22,,94.35,,,,,
2007-01-23,,94.295,,,,,
2007-01-24,,94.28,,,,,
2007-01-25,,94.19,,,,,
2007-01-26,,94.17,,,,,
2007-01-29,,94.15,,,,,
2007-01-30,,94.175,,,,,
2007-01-31,,94.23,,,,,
2007-02-01,,94.245,,,,,
2007-02-02,,94.27,,,,,
2007-02-05,,94.29,,,,,
2007-02-06,,94.325,,,,,
2007-02-07,,94.33,,,,,
2007-02-08,,94.335,,,,,
2007-02-09,,94.265,,,,,
2007-02-12,,94.245,,,,,
2007-02-13,,94.25,,,,,
2007-02-14,,94.345,,,,,
2007-02-15,,94.345,,,,,
2007-02-16,,94.35,,,,,
2007-02-20,,94.365,,,,,
2007-02-21,,94.345,,,,,
2007-02-22,,94.31,,,,,
2007-02-23,,94.355,,,,,
2007-02-26,,94.385,,,,,
2007-02-27,,94.45,,,,,
2007-02-28,,94.41,,,,,
2007-03-01,,94.395,,,,,
2007-03-02,,94.39,,,,,
2007-03-05,,94.38,,,,,
2007-03-06,,94.395,,,,,
2007-03-07,,94.435,,,,,
2007-03-08,,94.43,,,,,
2007-03-09,,94.375,,,,,
2007-03-12,,94.405,,,,,
2007-03-13,,94.42,,,,,
2007-03-14,,94.38,,,,,
2007-03-15,,94.38,,,,,
2007-03-16,,94.37,,,,,
2007-03-19,,94.36,,,,,
2007-03-20,,94.38,,,,,
2007-03-21,,94.385,,,,,
2007-03-22,,94.315,,,,,
2007-03-23,,94.27,,,,,
2007-03-26,,94.29,,,,,
2007-03-27,,94.255,,,,,
2007-03-28,,94.22,,,,,
2007-03-29,,94.225,,,,,
2007-03-30,,94.215,,,,,
2007-04-02,,94.22,,,,,
2007-04-03,,94.215,,,,,
2007-04-04,,94.215,,,,,
2007-04-05,,94.195,,,,,
2007-04-06,,94.145,,,,,
2007-04-09,,94.15,,,,,
2007-04-10,,94.17,,,,,
2007-04-11,,94.17,,,,,
2007-04-12,,94.175,,,,,
2007-04-13,,94.17,,,,,
2007-04-16,,94.205,,,,,
2007-04-17,,94.25,,,,,
2007-04-18,,94.28,,,,,
2007-04-19,,94.26,,,,,
2007-04-20,,94.255,,,,,
2007-04-23,,94.27,,,,,
2007-04-24,,94.3,,,,,
2007-04-25,,94.27,,,,,
2007-04-26,,94.22,,,,,
2007-04-27,,94.2,,,,,
2007-04-30,,94.27,,,,,
2007-05-01,,94.265,,,,,
2007-05-02,,94.27,,,,,
2007-05-03,,94.26,,,,,
2007-05-04,,94.295,,,,,
2007-05-07,,94.295,,,,,
2007-05-08,,94.3,,,,,
2007-05-09,,94.27,,,,,
2007-05-10,,94.285,,,,,
2007-05-11,,94.25,,,,,
2007-05-14,,94.23,,,,,
2007-05-15,,94.21,,,,,
2007-05-16,,94.22,,,,,
2007-05-17,,94.185,,,,,
2007-05-18,,94.13,,,,,
2007-05-21,,94.155,,,,,
2007-05-22,,94.11,,,,,
2007-05-23,,94.065,,,,,
2007-05-24,,94.065,,,,,
2007-05-25,,94.09,,,,,
2007-05-29,,94.095,,,,,
2007-05-30,,94.105,,,,,
2007-05-31,,94.11,,,,,
2007-06-01,,94.06,,,,,
2007-06-04,,94.09,,,,,
2007-06-05,,94.03,,,,,
2007-06-06,,94.01,,,,,
2007-06-07,,93.83,,,,,
2007-06-08,,93.775,,,,,
2007-06-11,,93.765,,,,,
2007-06-12,,93.595,,,,,
2007-06-13,,93.71,,,,,
2007-06-14,,93.735,,,,,
2007-06-15,,93.8,,,,,
2007-06-18,,93.81,,,,,
2007-06-19,,93.865,,,,,
2007-06-20,,93.79,,,,,
2007-06-21,,93.7,,,,,
2007-06-22,,93.715,,,,,
2007-06-25,,93.77,,,,,
2007-06-26,,93.755,,,,,
2007-06-27,,93.785,,,,,
2007-06-28,,93.755,,,,,
2007-06-29,,93.81,,,,,
2007-07-02,,93.86,,,,,
2007-07-03,,93.81,,,,,
2007-07-05,,93.695,,,,,
2007-07-06,,93.62,,,,,
2007-07-09,,93.66,,,,,
2007-07-10,,93.76,,,,,
2007-07-11,,93.705,,,,,
2007-07-12,,93.675,,,,,
2007-07-13,,93.715,,,,,
2007-07-16,,93.77,,,,,
2007-07-17,,93.745,,,,,
2007-07-18,,93.81,,,,,
2007-07-19,,93.815,,,,,
2007-07-20,,93.865,,,,,
2007-07-23,,93.875,,,,,
2007-07-24,,93.865,,,,,
2007-07-25,,93.87,,,,,
2007-07-26,,93.885,,,,,
2007-07-27,,93.78,,,,,
2007-07-30,,93.775,,,,,
2007-07-31,,93.84,,,,,
2007-08-01,,93.855,,,,,
2007-08-02,,93.89,,,,,
2007-08-03,,93.915,,,,,
2007-08-06,,93.885,,,,,
2007-08-07,,93.885,,,,,
2007-08-08,,93.835,,,,,
2007-08-09,,93.82,,,,,
2007-08-10,,93.815,,,,,
2007-08-13,,93.775,,,,,
2007-08-14,,93.8,,,,,
2007-08-15,,93.79,,,,,
2007-08-16,,93.8,,,,,
2007-08-17,,93.725,,,,,
2007-08-20,,93.74,,,,,
2007-08-21,,93.82,,,,,
2007-08-22,,93.905,,,,,
2007-08-23,,93.975,,,,,
2007-08-24,,94.07,,,,,
2007-08-27,,94.105,,,,,
2007-08-28,,94.075,,,,,
2007-08-29,,94.03,,,,,
2007-08-30,,94.025,,,,,
2007-08-31,,94.03,,,,,
2007-09-04,,94.03,,,,,
2007-09-05,,94.095,,,,,
2007-09-06,,94.105,,,,,
2007-09-07,,94.23,,,,,
2007-09-10,,94.28,,,,,
2007-09-11,,94.2,,,,,
2007-09-12,,94.12,,,,,
2007-09-13,,94.035,,,,,
2007-09-14,,94.035,,,,,
2007-09-17,,94.035,,,,,
2007-09-18,,94.005,,,,,
2007-09-19,,93.985,,,,,
2007-09-20,,93.84,,,,,
2007-09-21,,93.88,,,,,
2007-09-24,,93.915,,,,,
2007-09-25,,93.9,,,,,
2007-09-26,,93.875,,,,,
2007-09-27,,93.945,,,,,
2007-09-28,,93.96,,,,,
2007-10-01,,94.035,,,,,
2007-10-02,,94.085,,,,,
2007-10-03,,94.115,,,,,
2007-10-04,,94.145,,,,,
2007-10-05,,93.985,,,,,
2007-10-09,,94.04,,,,,
2007-10-10,,94.065,,,,,
2007-10-11,,94.085,,,,,
2007-10-12,,94.07,,,,,
2007-10-15,,94.055,,,,,
2007-10-16,,94.04,,,,,
2007-10-17,,94.11,,,,,
2007-10-18,,94.12,,,,,
2007-10-19,,94.225,,,,,
2007-10-22,,94.225,,,,,
2007-10-23,,94.215,,,,,
2007-10-24,,94.265,,,,,
2007-10-25,,94.22,,,,,
2007-10-26,,94.14,,,,,
2007-10-29,,94.19,,,,,
2007-10-30,,94.21,,,,,
2007-10-31,,94.17,,,,,
2007-11-01,,94.285,,,,,
2007-11-02,,94.275,,,,,
2007-11-05,,94.225,,,,,
2007-11-06,,94.155,,,,,
2007-11-07,,94.135,,,,,
2007-11-08,,94.1,,,,,
2007-11-09,,94.17,,,,,
2007-11-12,,94.17,,,,,
2007-11-13,,94.15,,,,,
2007-11-14,,94.17,,,,,
2007-11-15,,94.245,,,,,
2007-11-16,,94.24,,,,,
2007-11-19,,94.25,,,,,
2007-11-20,,94.205,,,,,
2007-11-21,,94.185,,,,,
2007-11-23,,94.27,,,,,
2007-11-26,,94.525,,,,,
2007-11-27,,94.445,,,,,
2007-11-28,,94.39,,,,,
2007-11-29,,94.485,,,,,
2007-11-30,,94.45,,,,,
2007-12-03,,94.51,,,,,
2007-12-04,,94.435,,,,,
2007-12-05,,94.405,,,,,
2007-12-06,,94.325,,,,,
2007-12-07,,94.115,,,,,
2007-12-10,,94.075,,,,,
2007-12-11,,94.235,,,,,
2007-12-12,,94.23,,,,,
2007-12-13,,94.155,,,,,
2007-12-14,,94.105,,,,,
2007-12-17,,94.16,,,,,
2007-12-18,,94.285,,,,,
2007-12-19,,94.35,,,,,
2007-12-20,,94.345,,,,,
2007-12-21,,94.165,,,,,
2007-12-24,,94.08,,,,,
2007-12-26,,94.04,,,,,
2007-12-27,,94.11,,,,,
2007-12-28,,94.265,,,,,
2007-12-31,,94.335,,,,,
2008-01-02,,94.37,,,,,
2008-01-03,,94.29,,,,,
2008-01-04,,94.305,,,,,
2008-01-07,,94.34,,,,,
2008-01-08,,94.35,,,,,
2008-01-09,,94.365,,,,,
2008-01-10,,94.205,,,,,
2008-01-11,,94.235,,,,,
2008-01-14,,94.255,,,,,
2008-01-15,,94.375,,,,,
2008-01-16,,94.295,,,,,
2008-01-17,,94.395,,,,,
2008-01-18,,94.335,,,,,
2008-01-22,,94.41,,,,,
2008-01-23,,94.44,,,,,
2008-01-24,,94.14,,,,,
2008-01-25,,94.25,,,,,
2008-01-28,,94.29,,,,,
2008-01-29,,94.275,,,,,
2008-01-30,,94.135,,,,,
2008-01-31,,94.255,,,,,
2008-02-01,,94.24,,,,,
2008-02-04,,94.185,,,,,
2008-02-05,,94.225,,,,,
2008-02-06,,94.18,,,,,
2008-02-07,,94.015,,,,,
2008-02-08,,94.045,,,,,
2008-02-11,,94.085,,,,,
2008-02-12,,94.03,,,,,
2008-02-13,,93.975,,,,,
2008-02-14,,93.765,,,,,
2008-02-15,,93.825,,,,,
2008-02-19,,93.785,,,,,
2008-02-20,,93.87,,,,,
2008-02-21,,94.04,,,,,
2008-02-22,,93.965,,,,,
2008-02-25,,93.85,,,,,
2008-02-26,,93.9,,,,,
2008-02-27,,93.92,,,,,
2008-02-28,,94.04,,,,,
2008-02-29,,94.175,,,,,
2008-03-03,,94.115,,,,,
2008-03-04,,94.03,,,,,
2008-03-05,,93.835,,,,,
2008-03-06,,93.79,,,,,
2008-03-07,,93.89,,,,,
2008-03-10,,94.015,,,,,
2008-03-11,,94.04,,,,,
2008-03-12,,94.24,,,,,
2008-03-13,,94.205,,,,,
2008-03-14,,94.3,,,,,
2008-03-17,,94.495,,,,,
2008-03-18,,94.455,,,,,
2008-03-19,,94.535,,,,,
2008-03-20,,94.63,,,,,
2008-03-24,,94.525,,,,,
2008-03-25,,94.545,,,,,
2008-03-26,,94.48,,,,,
2008-03-27,,94.405,,,,,
2008-03-28,,94.46,,,,,
2008-03-31,,94.56,,,,,
2008-04-01,,94.44,,,,,
2008-04-02,,94.46,,,,,
2008-04-03,,94.475,,,,,
2008-04-04,,94.64,,,,,
2008-04-07,,94.57,,,,,
2008-04-08,,94.495,,,,,
2008-04-09,,94.555,,,,,
2008-04-10,,94.505,,,,,
2008-04-11,,94.55,,,,,
2008-04-14,,94.5,,,,,
2008-04-15,,94.385,,,,,
2008-04-16,,94.235,,,,,
2008-04-17,,94.305,,,,,
2008-04-18,,94.355,,,,,
2008-04-21,,94.44,,,,,
2008-04-22,,94.5,,,,,
2008-04-23,,94.49,,,,,
2008-04-24,,94.455,,,,,
2008-04-25,,94.41,,,,,
2008-04-28,,94.45,,,,,
2008-04-29,,94.46,,,,,
2008-04-30,,94.525,,,,,
2008-05-01,,94.595,,,,,
2008-05-02,,94.495,,,,,
2008-05-05,,94.5,,,,,
2008-05-06,,94.415,,,,,
2008-05-07,,94.42,,,,,
2008-05-08,,94.46,,,,,
2008-05-09,,94.495,,,,,
2008-05-12,,94.5,,,,,
2008-05-13,,94.36,,,,,
2008-05-14,,94.365,,,,,
2008-05-15,,94.535,,,,,
2008-05-16,,94.545,,,,,
2008-05-19,,94.545,,,,,
2008-05-20,,94.555,,,,,
2008-05-21,,94.48,,,,,
2008-05-22,,94.37,,,,,
2008-05-23,,94.46,,,,,
2008-05-27,,94.345,,,,,
2008-05-28,,94.325,,,,,
2008-05-29,,94.205,,,,,
2008-05-30,,94.245,,,,,
2008-06-02,,94.31,,,,,
2008-06-03,,94.39,,,,,
2008-06-04,,94.27,,,,,
2008-06-05,,94.1,,,,,
2008-06-06,,94.2,,,,,
2008-06-09,,94.255,,,,,
2008-06-10,,94.195,,,,,
2008-06-11,,94.275,,,,,
2008-06-12,,94.175,,,,,
2008-06-13,,94.115,,,,,
2008-06-16,,94.15,,,,,
2008-06-17,,94.185,,,,,
2008-06-18,,94.29,,,,,
2008-06-19,,94.23,,,,,
2008-06-20,,94.275,,,,,
2008-06-23,,94.245,,,,,
2008-06-24,,94.305,,,,,
2008-06-25,,94.27,,,,,
2008-06-26,,94.32,,,,,
2008-06-27,,94.35,,,,,
2008-06-30,,94.41,,,,,
2008-07-01,,94.385,,,,,
2008-07-02,,94.355,,,,,
2008-07-03,,94.305,,,,,
2008-07-07,,94.265,,,,,
2008-07-08,,94.315,,,,,
2008-07-09,,94.405,,,,,
2008-07-10,,94.405,,,,,
2008-07-11,,94.33,,,,,
2008-07-14,,94.34,,,,,
2008-07-15,,94.39,,,,,
2008-07-16,,94.27,,,,,
2008-07-17,,94.2,,,,,
2008-07-18,,94.155,,,,,
2008-07-21,,94.185,,,,,
2008-07-22,,94.195,,,,,
2008-07-23,,94.19,,,,,
2008-07-24,,94.33,,,,,
2008-07-25,,94.23,,,,,
2008-07-28,,94.3,,,,,
2008-07-29,,94.27,,,,,
2008-07-30,,94.285,,,,,
2008-07-31,,94.32,,,,,
2008-08-01,,94.345,,,,,
2008-08-04,,94.29,,,,,
2008-08-05,,94.29,,,,,
2008-08-06,,94.215,,,,,
2008-08-07,,94.285,,,,,
2008-08-08,,94.325,,,,,
2008-08-11,,94.285,,,,,
2008-08-12,,94.4,,,,,
2008-08-13,,94.44,,,,,
2008-08-14,,94.475,,,,,
2008-08-15,,94.49,,,,,
2008-08-18,,94.5,,,,,
2008-08-19,,94.48,,,,,
2008-08-20,,94.565,,,,,
2008-08-21,,94.53,,,,,
2008-08-22,,94.53,,,,,
2008-08-25,,94.6,,,,,
2008-08-26,,94.635,,,,,
2008-08-27,,94.675,,,,,
2008-08-28,,94.66,,,,,
2008-08-29,,94.66,,,,,
2008-09-02,,94.72,,,,,
2008-09-03,,94.72,,,,,
2008-09-04,,94.78,,,,,
2008-09-05,,94.765,,,,,
2008-09-08,,94.875,,,,,
2008-09-09,,94.905,,,,,
2008-09-10,,94.875,,,,,
2008-09-11,,94.895,,,,,
2008-09-12,,94.76,,,,,
2008-09-15,,94.965,,,,,
2008-09-16,,94.935,,,,,
2008-09-17,,94.905,,,,,
2008-09-18,,94.87,,,,,
2008-09-19,,94.645,,,,,
2008-09-22,,94.605,,,,,
2008-09-23,,94.605,,,,,
2008-09-24,,94.705,,,,,
2008-09-25,,94.625,,,,,
2008-09-26,,94.645,,,,,
2008-09-29,,94.78,,,,,
2008-09-30,,94.59,,,,,
2008-10-01,,94.67,,,,,
2008-10-02,,94.695,,,,,
2008-10-03,,94.715,,,,,
2008-10-06,,94.825,,,,,
2008-10-07,,94.695,,,,,
2008-10-08,,94.42,,,,,
2008-10-09,,94.285,,,,,
2008-10-10,,94.195,,,,,
2008-10-13,,93.955,,,,,
2008-10-14,,93.945,,,,,
2008-10-15,,94.15,,,,,
2008-10-16,,94.215,,,,,
2008-10-17,,94.2,,,,,
2008-10-20,,94.37,,,,,
2008-10-21,,94.78,,,,,
2008-10-22,,94.89,,,,,
2008-10-23,,95.105,,,,,
2008-10-24,,94.755,,,,,
2008-10-27,,94.715,,,,,
2008-10-28,,94.62,,,,,
2008-10-29,,94.61,,,,,
2008-10-30,,94.485,,,,,
2008-10-31,,94.4,,,,,
2008-11-03,,94.33,,,,,
2008-11-04,,94.56,,,,,
2008-11-05,,94.74,,,,,
2008-11-06,,94.69,,,,,
2008-11-07,,94.63,,,,,
2008-11-10,,94.595,,,,,
2008-11-11,,94.585,,,,,
2008-11-12,,94.755,,,,,
2008-11-13,,94.655,,,,,
2008-11-14,,94.68,,,,,
2008-11-17,,94.7,,,,,
2008-11-18,,94.855,,,,,
2008-11-19,,95.16,,,,,
2008-11-20,,95.56,,,,,
2008-11-21,,95.47,,,,,
2008-11-24,,95.46,,,,,
2008-11-25,,95.85,,,,,
2008-11-26,,95.89,,,,,
2008-11-28,,95.97,,,,,
2008-12-01,,96.235,,,,,
2008-12-02,,96.285,,,,,
2008-12-03,,96.32,,,,,
2008-12-04,,96.38,,,,,
2008-12-05,,96.45,,,,,
2008-12-08,,96.35,,,,,
2008-12-09,,96.34,,,,,
2008-12-10,,96.325,,,,,
2008-12-11,,96.35,,,,,
2008-12-12,,96.36,,,,,
2008-12-15,,96.4,,,,,
2008-12-16,,96.615,,,,,
2008-12-17,,96.815,,,,,
2008-12-18,,96.93,,,,,
2008-12-19,,96.775,,,,,
2008-12-22,,96.73,,,,,
2008-12-23,,96.715,,,,,
2008-12-24,,96.625,,,,,
2008-12-26,,96.625,,,,,
2008-12-29,,96.65,,,,,
2008-12-30,,96.605,,,,,
2008-12-31,,96.555,,,,,
2009-01-02,,96.285,,,,,
2009-01-05,,96.13,,,,,
2009-01-06,,96.13,,,,,
2009-01-07,,96.22,,,,,
2009-01-08,,96.37,,,,,
2009-01-09,,96.435,,,,,
2009-01-12,,96.55,,,,,
2009-01-13,,96.575,,,,,
2009-01-14,,96.68,,,,,
2009-01-15,,96.72,,,,,
2009-01-16,,96.63,,,,,
2009-01-20,,96.62,,,,,
2009-01-21,,96.45,,,,,
2009-01-22,,96.275,,,,,
2009-01-23,,96.155,,,,,
2009-01-26,,96.105,,,,,
2009-01-27,,96.165,,,,,
2009-01-28,,96.02,,,,,
2009-01-29,,95.805,,,,,
2009-01-30,,95.855,,,,,
2009-02-02,,95.935,,,,,
2009-02-03,,95.76,,,,,
2009-02-04,,95.695,,,,,
2009-02-05,,95.66,,,,,
2009-02-06,,95.53,,,,,
2009-02-09,,95.46,,,,,
2009-02-10,,95.685,,,,,
2009-02-11,,95.78,,,,,
2009-02-12,,95.8,,,,,
2009-02-13,,95.61,,,,,
2009-02-17,,95.865,,,,,
2009-02-18,,95.855,,,,,
2009-02-19,,95.73,,,,,
2009-02-20,,95.82,,,,,
2009-02-23,,95.85,,,,,
2009-02-24,,95.82,,,,,
2009-02-25,,95.605,,,,,
2009-02-26,,95.555,,,,,
2009-02-27,,95.465,,,,,
2009-03-02,,95.535,,,,,
2009-03-03,,95.555,,,,,
2009-03-04,,95.49,,,,,
2009-03-05,,95.83,,,,,
2009-03-06,,95.845,,,,,
2009-03-09,,95.785,,,,,
2009-03-10,,95.685,,,,,
2009-03-11,,95.795,,,,,
2009-03-12,,95.895,,,,,
2009-03-13,,95.81,,,,,
2009-03-16,,95.745,,,,,
2009-03-17,,95.68,,,,,
2009-03-18,,96.04,,,,,
2009-03-19,,96.105,,,,,
2009-03-20,,96.1,,,,,
2009-03-23,,96.08,,,,,
2009-03-24,,96.075,,,,,
2009-03-25,,95.96,,,,,
2009-03-26,,95.985,,,,,
2009-03-27,,95.95,,,,,
2009-03-30,,96.0,,,,,
2009-03-31,,96.01,,,,,
2009-04-01,,96.02,,,,,
2009-04-02,,95.97,,,,,
2009-04-03,,95.775,,,,,
2009-04-06,,95.705,,,,,
2009-04-07,,95.695,,,,,
2009-04-08,,95.845,,,,,
2009-04-09,,95.765,,,,,
2009-04-13,,95.85,,,,,
2009-04-14,,95.935,,,,,
2009-04-15,,95.96,,,,,
2009-04-16,,95.94,,,,,
2009-04-17,,95.78,,,,,
2009-04-20,,95.885,,,,,
2009-04-21,,95.89,,,,,
2009-04-22,,95.845,,,,,
2009-04-23,,95.91,,,,,
2009-04-24,,95.84,,,,,
2009-04-27,,95.86,,,,,
2009-04-28,,95.805,,,,,
2009-04-29,,95.7,,,,,
2009-04-30,,95.665,,,,,
2009-05-01,,95.515,,,,,
2009-05-04,,95.49,,,,,
2009-05-05,,95.53,,,,,
2009-05-06,,95.545,,,,,
2009-05-07,,95.355,,,,,
2009-05-08,,95.345,,,,,
2009-05-11,,95.48,,,,,
2009-05-12,,95.495,,,,,
2009-05-13,,95.59,,,,,
2009-05-14,,95.56,,,,,
2009-05-15,,95.54,,,,,
2009-05-18,,95.46,,,,,
2009-05-19,,95.405,,,,,
2009-05-20,,95.435,,,,,
2009-05-21,,95.13,,,,,
2009-05-22,,94.92,,,,,
2009-05-26,,94.835,,,,,
2009-05-27,,94.395,,,,,
2009-05-28,,94.35,,,,,
2009-05-29,,94.82,,,,,
2009-06-01,,94.295,,,,,
2009-06-02,,94.35,,,,,
2009-06-03,,94.585,,,,,
2009-06-04,,94.35,,,,,
2009-06-05,,94.265,,,,,
2009-06-08,,94.105,,,,,
2009-06-09,,94.29,,,,,
2009-06-10,,94.215,,,,,
2009-06-11,,94.365,,,,,
2009-06-12,,94.53,,,,,
2009-06-15,,94.685,,,,,
2009-06-16,,94.745,,,,,
2009-06-17,,94.825,,,,,
2009-06-18,,94.395,,,,,
2009-06-19,,94.445,,,,,
2009-06-22,,94.535,,,,,
2009-06-23,,94.6,,,,,
2009-06-24,,94.645,,,,,
2009-06-25,,94.845,,,,,
2009-06-26,,94.915,,,,,
2009-06-29,,94.95,,,,,
2009-06-30,,94.865,,,,,
2009-07-01,,94.78,,,,,
2009-07-02,,94.83,,,,,
2009-07-06,,94.75,,,,,
2009-07-07,,94.845,,,,,
2009-07-08,,95.145,,,,,
2009-07-09,,94.985,,,,,
2009-07-10,,95.16,,,,,
2009-07-13,,95.02,,,,,
2009-07-14,,94.86,,,,,
2009-07-15,,94.625,,,,,
2009-07-16,,94.67,,,,,
2009-07-17,,94.555,,,,,
2009-07-20,,94.64,,,,,
2009-07-21,,94.73,,,,,
2009-07-22,,94.64,,,,,
2009-07-23,,94.435,,,,,
2009-07-24,,94.475,,,,,
2009-07-27,,94.405,,,,,
2009-07-28,,94.485,,,,,
2009-07-29,,94.54,,,,,
2009-07-30,,94.58,,,,,
2009-07-31,,94.755,,,,,
2009-08-03,,94.565,,,,,
2009-08-04,,94.545,,,,,
2009-08-05,,94.37,,,,,
2009-08-06,,94.365,,,,,
2009-08-07,,94.18,,,,,
2009-08-10,,94.295,,,,,
2009-08-11,,94.375,,,,,
2009-08-12,,94.415,,,,,
2009-08-13,,94.57,,,,,
2009-08-14,,94.635,,,,,
2009-08-17,,94.73,,,,,
2009-08-18,,94.655,,,,,
2009-08-19,,94.715,,,,,
2009-08-20,,94.785,,,,,
2009-08-21,,94.63,,,,,
2009-08-24,,94.645,,,,,
2009-08-25,,94.73,,,,,
2009-08-26,,94.77,,,,,
2009-08-27,,94.745,,,,,
2009-08-28,,94.76,,,,,
2009-08-31,,94.85,,,,,
2009-09-01,,94.875,,,,,
2009-09-02,,94.99,,,,,
2009-09-03,,94.965,,,,,
2009-09-04,,94.765,,,,,
2009-09-08,,94.715,,,,,
2009-09-09,,94.71,,,,,
2009-09-10,,94.87,,,,,
2009-09-11,,94.88,,,,,
2009-09-14,,94.795,,,,,
2009-09-15,,94.705,,,,,
2009-09-16,,94.74,,,,,
2009-09-17,,94.875,,,,,
2009-09-18,,94.755,,,,,
2009-09-21,,94.715,,,,,
2009-09-22,,94.785,,,,,
2009-09-23,,94.825,,,,,
2009-09-24,,94.9,,,,,
2009-09-25,,95.02,,,,,
2009-09-28,,95.095,,,,,
2009-09-29,,95.125,,,,,
2009-09-30,,95.09,,,,,
2009-10-01,,95.22,,,,,
2009-10-02,,95.19,,,,,
2009-10-05,,95.15,,,,,
2009-10-06,,95.115,,,,,
2009-10-07,,95.21,,,,,
2009-10-08,,95.125,,,,,
2009-10-09,,94.96,,,,,
2009-10-12,,95.02,,,,,
2009-10-13,,95.04,,,,,
2009-10-14,,94.855,,,,,
2009-10-15,,94.8,,,,,
2009-10-16,,94.915,,,,,
2009-10-19,,94.945,,,,,
2009-10-20,,95.01,,,,,
2009-10-21,,94.905,,,,,
2009-10-22,,94.885,,,,,
2009-10-23,,94.835,,,,,
2009-10-26,,94.715,,,,,
2009-10-27,,94.82,,,,,
2009-10-28,,94.86,,,,,
2009-10-29,,94.765,,,,,
2009-10-30,,94.88,,,,,
2009-11-02,,94.845,,,,,
2009-11-03,,94.775,,,,,
2009-11-04,,94.675,,,,,
2009-11-05,,94.66,,,,,
2009-11-06,,94.68,,,,,
2009-11-09,,94.725,,,,,
2009-11-10,,94.73,,,,,
2009-11-11,,94.8,,,,,
2009-11-12,,94.815,,,,,
2009-11-13,,94.845,,,,,
2009-11-16,,95.0,,,,,
2009-11-17,,95.01,,,,,
2009-11-18,,94.92,,,,,
2009-11-19,,94.92,,,,,
2009-11-20,,94.905,,,,,
2009-11-23,,94.975,,,,,
2009-11-24,,95.0,,,,,
2009-11-25,,95.085,,,,,
2009-11-27,,95.16,,,,,
2009-11-30,,95.1,,,,,
2009-12-01,,94.955,,,,,
2009-12-02,,94.925,,,,,
2009-12-03,,94.8,,,,,
2009-12-04,,94.695,,,,,
2009-12-07,,94.69,,,,,
2009-12-08,,94.77,,,,,
2009-12-09,,94.735,,,,,
2009-12-10,,94.695,,,,,
2009-12-11,,94.635,,,,,
2009-12-14,,94.645,,,,,
2009-12-15,,94.585,,,,,
2009-12-16,,94.59,,,,,
2009-12-17,,94.715,,,,,
2009-12-18,,94.655,,,,,
2009-12-21,,94.44,,,,,
2009-12-22,,94.36,,,,,
2009-12-23,,94.385,,,,,
2009-12-24,,94.32,,,,,
2009-12-28,,94.28,,,,,
2009-12-29,,94.345,,,,,
2009-12-30,,94.415,,,,,
2009-12-31,,94.385,,,,,
2010-01-04,,94.37,,,,,
2010-01-05,,94.49,,,,,
2010-01-06,,94.39,,,,,
2010-01-07,,94.365,,,,,
2010-01-08,,94.365,,,,,
2010-01-11,,94.335,,,,,
2010-01-12,,94.46,,,,,
2010-01-13,,94.38,,,,,
2010-01-14,,94.445,,,,,
2010-01-15,,94.5,,,,,
2010-01-19,,94.46,,,,,
2010-01-20,,94.525,,,,,
2010-01-21,,94.6,,,,,
2010-01-22,,94.605,,,,,
2010-01-25,,94.57,,,,,
2010-01-26,,94.565,,,,,
2010-01-27,,94.555,,,,,
2010-01-28,,94.54,,,,,
2010-01-29,,94.595,,,,,
2010-02-01,,94.56,,,,,
2010-02-02,,94.575,,,,,
2010-02-03,,94.52,,,,,
2010-02-04,,94.595,,,,,
2010-02-05,,94.65,,,,,
2010-02-08,,94.61,,,,,
2010-02-09,,94.575,,,,,
2010-02-10,,94.53,,,,,
2010-02-11,,94.51,,,,,
2010-02-12,,94.53,,,,,
2010-02-16,,94.56,,,,,
2010-02-17,,94.45,,,,,
2010-02-18,,94.38,,,,,
2010-02-19,,94.44,,,,,
2010-02-22,,94.415,,,,,
2010-02-23,,94.55,,,,,
2010-02-24,,94.545,,,,,
2010-02-25,,94.63,,,,,
2010-02-26,,94.69,,,,,
2010-03-01,,94.675,,,,,
2010-03-02,,94.675,,,,,
2010-03-03,,94.69,,,,,
2010-03-04,,94.745,,,,,
2010-03-05,,94.65,,,,,
2010-03-08,,94.585,,,,,
2010-03-09,,94.595,,,,,
2010-03-10,,94.605,,,,,
2010-03-11,,94.62,,,,,
2010-03-12,,94.66,,,,,
2010-03-15,,94.63,,,,,
2010-03-16,,94.705,,,,,
2010-03-17,,94.72,,,,,
2010-03-18,,94.705,,,,,
2010-03-19,,94.7,,,,,
2010-03-22,,94.75,,,,,
2010-03-23,,94.805,,,,,
2010-03-24,,94.695,,,,,
2010-03-25,,94.595,,,,,
2010-03-26,,94.625,,,,,
2010-03-29,,94.59,,,,,
2010-03-30,,94.58,,,,,
2010-03-31,,94.58,,,,,
2010-04-01,,94.51,,,,,
2010-04-02,,94.39,,,,,
2010-04-05,,94.34,,,,,
2010-04-06,,94.46,,,,,
2010-04-07,,94.585,,,,,
2010-04-08,,94.555,,,,,
2010-04-09,,94.54,,,,,
2010-04-12,,94.635,,,,,
2010-04-13,,94.705,,,,,
2010-04-14,,94.62,,,,,
2010-04-15,,94.615,,,,,
2010-04-16,,94.7,,,,,
2010-04-19,,94.625,,,,,
2010-04-20,,94.66,,,,,
2010-04-21,,94.75,,,,,
2010-04-22,,94.69,,,,,
2010-04-23,,94.64,,,,,
2010-04-26,,94.65,,,,,
2010-04-27,,94.775,,,,,
2010-04-28,,94.68,,,,,
2010-04-29,,94.755,,,,,
2010-04-30,,94.835,,,,,
2010-05-03,,94.775,,,,,
2010-05-04,,94.885,,,,,
2010-05-05,,94.975,,,,,
2010-05-06,,95.115,,,,,
2010-05-07,,95.04,,,,,
2010-05-10,,94.89,,,,,
2010-05-11,,94.88,,,,,
2010-05-12,,94.87,,,,,
2010-05-13,,94.875,,,,,
2010-05-14,,95.045,,,,,
2010-05-17,,95.01,,,,,
2010-05-18,,95.08,,,,,
2010-05-19,,95.11,,,,,
2010-05-20,,95.26,,,,,
2010-05-21,,95.38,,,,,
2010-05-24,,95.325,,,,,
2010-05-25,,95.405,,,,,
2010-05-26,,95.365,,,,,
2010-05-27,,95.19,,,,,
2010-05-28,,95.23,,,,,
2010-06-01,,95.235,,,,,
2010-06-02,,95.195,,,,,
2010-06-03,,95.13,,,,,
2010-06-04,,95.32,,,,,
2010-06-07,,95.36,,,,,
2010-06-08,,95.365,,,,,
2010-06-09,,95.34,,,,,
2010-06-10,,95.17,,,,,
2010-06-11,,95.265,,,,,
2010-06-14,,95.24,,,,,
2010-06-15,,95.205,,96.65,,,
2010-06-16,,95.23,,96.675,,,
2010-06-17,,95.36,,96.66,,,96.64
2010-06-18,,95.305,,96.635,,,96.59
2010-06-21,,95.305,,96.625,,,96.57
2010-06-22,,95.385,,96.67,,,96.66
2010-06-23,,95.405,,96.7,,,96.68
2010-06-24,,95.405,,96.76,,,96.73
2010-06-25,,95.42,,96.715,,,96.79
2010-06-28,,95.545,,96.73,,,96.8
2010-06-29,,95.625,,96.775,,,96.8
2010-06-30,,95.65,,96.775,,,96.83
2010-07-01,,95.695,,96.825,,,96.82
2010-07-02,,95.625,,96.785,,,96.79
2010-07-05,,,,96.825,,,96.81
2010-07-06,,95.685,,96.795,,,96.81
2010-07-07,,95.645,,96.815,,,96.84
2010-07-08,,95.56,,96.805,,,96.81
2010-07-09,,95.475,,96.845,,,96.84
2010-07-12,,95.53,,96.885,,,96.86
2010-07-13,,95.48,,96.845,,,96.87
2010-07-14,,95.56,,96.81,,,96.85
2010-07-15,,95.66,,96.805,,,96.9
2010-07-16,,95.68,,96.84,,,96.91
2010-07-19,,95.625,,96.785,,,96.95
2010-07-20,,95.645,,96.79,,,96.91
2010-07-21,,95.72,,96.795,,,96.94
2010-07-22,,95.68,,96.79,,,96.94
2010-07-23,,95.57,,96.74,,,96.83
2010-07-26,,95.585,,96.68,,,96.81
2010-07-27,,95.545,,96.69,,,96.77
2010-07-28,,95.62,,96.71,,,96.77
2010-07-29,,95.605,,96.72,,,96.83
2010-07-30,,95.69,,96.73,,,96.9
2010-08-02,,95.66,,96.75,,,96.86
2010-08-03,,95.7,,96.805,,,96.93
2010-08-04,,95.635,,96.87,,,96.92
2010-08-05,,95.655,,96.9,,,96.99
2010-08-06,,95.755,,96.97,,,97.04
2010-08-09,,95.815,,96.975,,,97.03
2010-08-10,,95.875,,96.96,,,97.04
2010-08-11,,95.995,,97.09,,,97.22
2010-08-12,,95.975,,97.125,,,97.24
2010-08-13,,96.085,,97.12,,,97.27
2010-08-16,,96.235,,97.22,,,97.34
2010-08-17,,96.13,,97.215,,,97.31
2010-08-18,,96.07,,97.25,,,97.39
2010-08-19,,96.17,,97.255,,,97.41
2010-08-20,,96.135,,97.305,,,97.41
2010-08-23,,96.175,,97.3,,,97.4
2010-08-24,,96.31,,97.48,,,97.51
2010-08-25,,96.285,,97.54,,,97.55
2010-08-26,,96.365,,97.515,,,97.51
2010-08-27,,96.11,,97.455,,,97.46
2010-08-30,,96.265,,97.525,,,97.46
2010-08-31,,96.375,,97.535,,,97.52
2010-09-01,,96.255,,97.435,,,97.45
2010-09-02,,96.195,,97.32,,,97.44
2010-09-03,,96.1,,97.205,,,97.39
2010-09-06,,,,97.225,,,97.45
2010-09-07,,96.255,,97.32,,,97.52
2010-09-08,,96.185,,97.255,,,97.47
2010-09-09,,96.075,,97.24,,,97.41
2010-09-10,,96.05,,97.18,,,97.3
2010-09-13,,96.09,,97.07,,,97.28
2010-09-14,,96.16,,97.125,,,97.42
2010-09-15,,96.04,,97.085,,,97.4
2010-09-16,,95.915,,96.98,,,97.34
2010-09-17,,95.93,,96.985,,,97.35
2010-09-20,,95.995,,96.96,,,97.32
2010-09-21,,96.14,,96.99,,,97.36
2010-09-22,,96.195,,97.085,,,97.54
2010-09-23,,96.15,,97.125,,,97.59
2010-09-24,,96.075,,97.085,,,97.53
2010-09-27,,96.205,,97.155,,,97.55
2010-09-28,,96.295,,97.19,,,97.62
2010-09-29,,96.2,,97.205,,,97.61
2010-09-30,,96.17,,97.215,,,97.57
2010-10-01,,96.15,,97.19,,,97.55
2010-10-04,,96.205,,97.225,,,97.58
2010-10-05,,96.185,,97.21,,,97.53
2010-10-06,,96.26,,97.22,,,97.61
2010-10-07,,96.285,,97.16,,,97.57
2010-10-08,,96.27,,97.19,,,97.3
2010-10-11,,96.28,,97.165,,,97.0
2010-10-12,,96.26,,97.215,,,96.77
2010-10-13,,96.25,,97.15,,,96.78
2010-10-14,,96.16,,97.165,,,96.78
2010-10-15,,96.05,,97.085,,,96.75
2010-10-18,,96.17,,97.06,,,96.77
2010-10-19,,96.175,,97.015,,,96.76
2010-10-20,,96.175,,96.985,,,96.81
2010-10-21,,96.1,,96.935,,,96.85
2010-10-22,,96.035,,96.945,,,96.89
2010-10-25,,96.03,,96.97,,,96.88
2010-10-26,,95.935,,96.93,,,96.69
2010-10-27,,95.835,,96.86,,,96.63
2010-10-28,,95.905,,96.875,,,96.49
2010-10-29,,95.955,,96.925,,,96.63
2010-11-01,,95.93,,97.005,,,96.66
2010-11-02,,95.965,,97.05,,,96.64
2010-11-03,,95.94,,97.1,,,96.64
2010-11-04,,96.045,,97.135,,,96.7
2010-11-05,,96.01,,97.12,,,96.71
2010-11-08,,95.99,,97.15,,,96.69
2010-11-09,,95.84,,97.125,,,96.65
2010-11-10,,95.89,,97.105,,,96.47
2010-11-11,,95.82,,97.085,,,96.43
2010-11-12,,95.8,,97.0,,,96.37
2010-11-15,,95.59,,96.94,,,96.28
2010-11-16,,95.63,,96.875,,,96.27
2010-11-17,,95.595,,96.865,,,96.24
2010-11-18,,95.555,,96.685,,,96.02
2010-11-19,,95.55,,96.68,,,96.05
2010-11-22,,95.63,,96.755,,,96.15
2010-11-23,,95.695,,96.83,,,96.24
2010-11-24,,95.555,,96.685,,,96.16
2010-11-25,,,,96.59,,,96.09
2010-11-26,,95.64,,96.56,,,96.13
2010-11-29,,95.7,,96.495,,,96.16
2010-11-30,,95.7,,96.6,,,96.25
2010-12-01,,95.5,,96.45,,,96.12
2010-12-02,,95.425,,96.4,,,96.03
2010-12-03,,95.39,,96.34,,,96.01
2010-12-06,,95.445,,96.39,,,96.07
2010-12-07,,95.155,,96.3,,,95.99
2010-12-08,,95.155,,96.25,,,95.84
2010-12-09,,95.23,,96.31,,,95.89
2010-12-10,,95.125,,96.38,,,95.87
2010-12-13,,95.155,,96.23,,,95.81
2010-12-14,,94.905,,96.18,,,95.7
2010-12-15,,94.79,,96.215,,,95.76
2010-12-16,,94.84,,96.125,,,95.75
2010-12-17,,95.105,,96.2,,,95.82
2010-12-20,,95.09,,96.325,,,95.85
2010-12-21,,95.12,,96.35,,,95.81
2010-12-22,,95.115,,96.415,,,95.78
2010-12-23,,95.075,,96.155,,,95.78
2010-12-24,,,,96.12,,,95.81
2010-12-27,,95.165,,96.125,,,95.81
2010-12-28,,95.01,,96.145,,,95.81
2010-12-29,,95.165,,96.09,,,95.73
2010-12-30,,95.125,,96.165,,,95.8
2010-12-31,,95.2,,96.24,,,95.91
2011-01-03,,95.18,,96.18,,,95.91
2011-01-04,,95.155,,96.305,,,95.86
2011-01-05,,94.975,,96.275,,,95.82
2011-01-06,,95.07,,96.275,,,95.81
2011-01-07,,95.17,,96.3,,,95.84
2011-01-10,,95.205,,96.38,,,95.89
2011-01-11,,95.15,,96.31,,,95.82
2011-01-12,,95.15,,96.205,,,95.73
2011-01-13,,95.22,,96.225,,,95.74
2011-01-14,,95.175,,96.24,,,95.72
2011-01-17,,,,96.245,,,95.7
2011-01-18,,95.1,,96.17,,,95.7
2011-01-19,,95.13,,96.165,,,95.75
2011-01-20,,94.955,,96.12,,,95.68
2011-01-21,,95.045,,96.14,,,95.68
2011-01-24,,95.035,,96.16,,,95.68
2011-01-25,,95.135,,96.14,,,95.77
2011-01-26,,94.995,,96.095,,,95.69
2011-01-27,,95.03,,96.095,,,95.64
2011-01-28,,95.09,,96.13,,,95.65
2011-01-31,,95.025,,96.145,,,95.63
2011-02-01,,94.955,,96.06,,,95.56
2011-02-02,,94.915,,96.08,,,95.51
2011-02-03,,94.845,,96.105,,,95.48
2011-02-04,,94.725,,96.1,,,95.33
2011-02-07,,94.72,,96.08,,,95.31
2011-02-08,,94.65,,96.075,,,95.35
2011-02-09,,94.72,,96.03,,,95.32
2011-02-10,,94.66,,96.03,,,95.34
2011-02-11,,94.75,,96.075,,,95.36
2011-02-14,,94.84,,96.045,,,95.4
2011-02-15,,94.83,,96.045,,,95.37
2011-02-16,,94.87,,96.08,,,95.42
2011-02-17,,94.88,,96.16,,,95.47
2011-02-18,,94.84,,96.12,,,95.42
2011-02-21,,,,96.19,,,95.52
2011-02-22,,95.005,,96.27,,,95.58
2011-02-23,,94.96,,96.27,,,95.63
2011-02-24,,95.035,,96.275,,,95.73
2011-02-25,,95.05,,96.25,,,95.77
2011-02-28,,95.065,,96.255,,,95.8
2011-03-01,,95.015,,96.245,,,95.76
2011-03-02,,94.93,,96.215,,,95.72
2011-03-03,,94.84,,96.11,,,95.62
2011-03-04,,94.935,,96.17,,,95.73
2011-03-07,,94.94,,96.13,,,95.77
2011-03-08,,94.92,,96.13,,,95.74
2011-03-09,,94.98,,96.12,,,95.73
2011-03-10,,95.065,,96.17,,,95.83
2011-03-11,,95.045,,96.205,,,95.93
2011-03-14,,95.085,97.9,96.165,,,95.98
2011-03-15,,95.11,97.9,96.22,,,96.01
2011-03-16,,95.255,97.885,96.31,,,96.06
2011-03-17,,95.245,97.885,96.18,,,95.9
2011-03-18,,95.205,97.885,96.235,,,95.91
2011-03-21,,95.135,97.885,96.165,,,95.98
2011-03-22,,95.14,97.915,96.165,,,95.94
2011-03-23,,95.135,97.915,96.165,,,95.96
2011-03-24,,95.06,97.9,96.15,,,95.94
2011-03-25,,95.06,97.955,96.16,,,95.92
2011-03-28,,95.07,97.955,96.135,,,95.87
2011-03-29,,95.05,97.955,96.11,,,95.86
2011-03-30,,95.09,97.955,96.03,,,95.8
2011-03-31,,95.07,97.955,96.04,,,95.83
2011-04-01,,95.125,97.955,96.035,,,95.77
2011-04-04,,95.15,97.955,96.075,,,95.77
2011-04-05,,95.06,97.96,96.05,,,95.77
2011-04-06,,95.0,97.96,95.995,,,95.84
2011-04-07,,95.0,97.96,95.98,,,95.81
2011-04-08,,94.98,97.96,95.9,,,95.76
2011-04-11,,94.99,97.96,95.885,,,95.74
2011-04-12,,95.065,97.96,95.925,,,95.89
2011-04-13,,95.105,97.96,95.95,,,95.88
2011-04-14,,95.075,97.96,95.96,,,95.91
2011-04-15,,95.15,97.96,96.01,,,95.98
2011-04-18,,95.21,97.96,96.125,,,96.07
2011-04-19,,95.225,97.96,96.07,,,96.01
2011-04-20,,95.18,97.96,96.035,,,95.98
2011-04-21,,95.17,,96.105,,,95.99
2011-04-22,,,97.965,,,,
2011-04-25,,95.235,97.965,,,,
2011-04-26,,95.285,97.965,96.135,,,96.07
2011-04-27,,95.235,97.965,96.045,,,96.01
2011-04-28,,95.26,97.965,96.095,,,96.11
2011-04-29,,95.3,97.965,96.145,,,96.11
2011-05-02,,95.315,97.97,96.15,,,96.11
2011-05-03,,95.365,97.97,96.16,,,96.25
2011-05-04,,95.395,97.97,96.135,,,96.3
2011-05-05,,95.48,97.97,96.165,,,96.32
2011-05-06,,95.47,97.98,96.225,,,96.32
2011-05-09,,95.505,97.975,96.325,,,96.34
2011-05-10,,95.44,97.975,96.3,,,96.31
2011-05-11,,95.465,97.975,96.295,,,96.24
2011-05-12,,95.405,97.975,96.31,,,96.33
2011-05-13,,95.435,97.975,96.355,,,96.32
2011-05-16,,95.475,97.965,96.29,,,96.33
2011-05-17,,95.525,97.965,96.295,,,96.36
2011-05-18,,95.47,97.965,96.335,,,96.33
2011-05-19,,95.445,97.965,96.295,,,96.3
2011-05-20,,95.46,,96.375,,,96.34
2011-05-23,,95.495,97.965,96.425,,,96.42
2011-05-24,,95.505,97.955,96.345,,,96.37
2011-05-25,,95.51,97.955,96.31,,,96.41
2011-05-26,,95.585,97.955,96.405,,,96.45
2011-05-27,,95.545,97.955,96.4,,,96.47
2011-05-30,,,97.955,96.405,,,96.47
2011-05-31,,95.555,97.955,96.355,,,96.46
2011-06-01,,95.645,97.955,96.39,,,96.54
2011-06-02,,95.56,97.955,96.415,,,96.57
2011-06-03,,95.59,97.955,96.355,,,96.53
2011-06-06,,95.59,97.955,96.36,,,96.56
2011-06-07,,95.58,97.95,96.305,,,96.5
2011-06-08,,95.635,97.95,96.35,,,96.58
2011-06-09,,95.61,97.95,96.37,,,96.64
2011-06-10,,95.64,97.95,96.465,,94.68,96.73
2011-06-13,,95.615,97.95,96.48,,94.7,96.66
2011-06-14,,95.5,97.95,96.39,,94.66,96.63
2011-06-15,,95.65,97.95,96.405,,94.63,96.61
2011-06-16,,95.7,97.94,96.35,,94.76,96.7
2011-06-17,,95.66,97.94,96.34,,94.72,96.67
2011-06-20,,95.65,97.94,96.33,,94.78,96.65
2011-06-21,,95.635,97.94,96.32,,94.83,96.64
2011-06-22,,95.63,97.94,96.335,,94.74,96.72
2011-06-23,,95.74,97.94,96.365,,94.75,96.74
2011-06-24,,95.795,97.935,96.38,,94.77,96.71
2011-06-27,,95.74,97.935,96.335,,94.91,96.69
2011-06-28,,95.59,97.935,96.295,,94.78,96.6
2011-06-29,,95.52,97.935,96.26,,94.63,96.48
2011-06-30,,95.455,97.935,96.255,,94.55,96.44
2011-07-01,,95.405,97.935,96.29,,94.43,96.45
2011-07-04,,,97.935,96.3,,94.5,96.51
2011-07-05,,95.49,97.935,96.32,,94.55,96.57
2011-07-06,,95.505,97.935,96.395,,94.55,96.69
2011-07-07,,95.435,98.005,96.315,,94.52,96.61
2011-07-08,,95.58,98.005,96.47,,94.49,96.68
2011-07-11,,95.685,98.005,96.595,,94.63,96.89
2011-07-12,,95.715,98.005,96.535,,94.81,96.91
2011-07-13,,95.74,98.005,96.48,,94.78,96.86
2011-07-14,,95.68,98.02,96.48,,94.78,96.85
2011-07-15,,95.745,98.025,96.52,,94.89,96.94
2011-07-18,,95.765,98.025,96.54,,94.95,97.02
2011-07-19,,95.785,98.03,96.515,,94.93,96.81
2011-07-20,,95.745,98.03,96.405,,94.84,96.75
2011-07-21,,95.64,98.03,96.355,,94.85,96.66
2011-07-22,,95.725,98.03,96.45,,94.76,96.68
2011-07-25,,95.69,98.03,96.48,,94.87,96.76
2011-07-26,,95.745,98.03,96.48,,94.83,96.74
2011-07-27,,95.695,98.03,96.565,,94.7,96.84
2011-07-28,,95.71,98.03,96.535,,94.78,96.89
2011-07-29,,95.875,98.03,96.59,,94.93,96.98
2011-08-01,,95.985,98.03,96.605,,94.81,97.03
2011-08-02,,96.15,98.045,96.61,,95.06,97.12
2011-08-03,,96.2,98.045,96.555,,95.25,97.18
2011-08-04,,96.385,98.05,96.635,,95.12,97.25
2011-08-05,,96.185,98.06,96.545,,95.56,97.26
2011-08-08,,96.43,98.07,96.66,,95.34,97.34
2011-08-09,,96.605,98.055,96.53,,95.26,97.31
2011-08-10,,96.735,98.075,96.82,,95.09,97.46
2011-08-11,,96.6,98.07,96.69,,95.2,97.48
2011-08-12,,96.67,98.07,96.66,,95.15,97.43
2011-08-15,,96.66,98.07,96.66,,95.05,97.43
2011-08-16,,96.81,98.07,96.665,,95.07,97.36
2011-08-17,,96.9,98.07,96.815,,95.1,97.42
2011-08-18,,97.01,98.075,96.915,,95.21,97.51
2011-08-19,,97.005,98.085,96.88,,95.33,97.52
2011-08-22,,96.965,98.1,96.88,,95.29,97.52
2011-08-23,,96.93,98.1,96.89,,95.2,97.49
2011-08-24,,96.76,98.1,96.83,,95.26,97.45
2011-08-25,,96.73,98.09,96.82,,95.14,97.4
2011-08-26,,96.815,98.09,96.825,,95.17,97.34
2011-08-29,,96.735,98.08,96.785,,95.09,97.34
2011-08-30,,96.815,98.08,96.855,,95.07,97.31
2011-08-31,,96.785,98.08,96.765,,95.16,97.25
2011-09-01,,96.885,98.07,96.87,,95.08,97.32
2011-09-02,,97.095,98.07,96.965,,95.15,97.4
2011-09-05,,,98.07,97.02,,95.34,97.54
2011-09-06,,97.095,98.075,97.045,,95.4,97.54
2011-09-07,,97.06,98.065,96.98,,95.28,97.53
2011-09-08,,97.16,98.065,97.04,,95.35,97.54
2011-09-09,,97.245,98.065,97.205,,95.33,97.67
2011-09-12,,97.195,98.055,97.26,,95.57,97.83
2011-09-13,,97.12,98.055,97.215,,95.52,97.8
2011-09-14,,97.11,98.055,97.155,,95.46,97.75
2011-09-15,,96.995,98.055,97.08,,95.4,97.66
2011-09-16,,96.995,98.145,97.2,,95.29,97.7
2011-09-19,,97.17,98.145,97.215,,95.36,97.75
2011-09-20,,97.15,98.155,97.225,,95.33,97.72
2011-09-21,,97.235,98.155,97.25,,95.27,97.73
2011-09-22,,97.52,98.15,97.305,,95.43,97.73
2011-09-23,,97.385,98.15,97.245,,95.51,97.71
2011-09-26,,97.26,98.15,97.27,,95.55,97.65
2011-09-27,,97.125,98.15,97.19,,95.38,97.51
2011-09-28,,97.165,98.15,97.125,,95.33,97.52
2011-09-29,,97.195,98.15,97.085,,95.35,97.5
2011-09-30,,97.22,98.15,97.2,,95.37,97.6
2011-10-03,,97.375,98.15,97.205,,95.48,97.66
2011-10-04,,97.37,98.145,97.255,,95.65,97.76
2011-10-05,,97.2,98.085,97.195,,95.63,97.69
2011-10-06,,97.105,98.085,97.13,,95.52,97.62
2011-10-07,,97.015,98.08,97.115,,95.47,97.56
2011-10-10,,96.9,98.08,97.07,,95.41,97.48
2011-10-11,,96.945,98.08,97.075,,95.33,97.48
2011-10-12,,96.875,98.06,96.955,,95.35,97.38
2011-10-13,,96.975,98.06,97.035,,95.2,97.47
2011-10-14,,96.875,98.065,96.95,,95.27,97.41
2011-10-17,,96.93,98.065,97.075,,95.2,97.49
2011-10-18,,96.94,98.065,97.14,,95.27,97.57
2011-10-19,,96.935,98.065,97.12,,95.25,97.54
2011-10-20,,96.895,98.065,97.165,,95.25,97.51
2011-10-21,,96.855,98.065,97.11,,95.19,97.46
2011-10-24,,96.805,98.065,97.125,,95.17,97.44
2011-10-25,,96.95,98.065,97.16,,95.15,97.51
2011-10-26,,96.85,98.065,97.21,,95.33,97.55
2011-10-27,,96.635,98.065,97.09,,95.18,97.4
2011-10-28,,96.74,98.065,97.055,,95.13,97.4
2011-10-31,,96.895,98.065,97.205,,95.18,97.6
2011-11-01,,97.11,98.065,97.325,,95.29,97.7
2011-11-02,,97.145,98.065,97.285,,95.4,97.67
2011-11-03,,97.09,98.065,97.24,,95.44,97.64
2011-11-04,,97.145,98.065,97.265,,95.37,97.69
2011-11-07,,97.205,98.06,97.3,,95.4,97.73
2011-11-08,,97.11,98.06,97.325,,95.59,97.76
2011-11-09,,97.205,98.07,97.4,,95.61,97.83
2011-11-10,,97.13,98.06,97.375,,95.64,97.83
2011-11-11,,97.065,98.065,97.275,,95.59,97.76
2011-11-14,,97.13,98.065,97.325,,95.51,97.81
2011-11-15,,97.115,98.065,97.32,,95.58,97.89
2011-11-16,,97.19,98.065,97.235,,95.62,97.87
2011-11-17,,97.285,98.065,97.145,,95.6,97.78
2011-11-18,,97.24,98.06,97.125,,95.62,97.8
2011-11-21,,97.27,98.055,97.16,,95.59,97.79
2011-11-22,,97.285,98.055,97.19,,95.66,97.81
2011-11-23,,97.335,98.055,97.145,,95.69,97.86
2011-11-24,,,98.055,97.085,,95.75,97.89
2011-11-25,,97.27,98.055,97.04,,95.74,97.85
2011-11-28,,97.27,98.045,96.945,,95.65,97.89
2011-11-29,,97.275,98.045,96.875,,95.59,97.9
2011-11-30,,97.175,98.045,96.985,,95.54,97.82
2011-12-01,,97.09,98.05,97.105,,95.48,97.85
2011-12-02,,97.195,98.05,97.08,,95.47,97.88
2011-12-05,,97.215,98.05,96.99,,95.5,97.87
2011-12-06,,97.17,98.065,96.985,,95.72,97.92
2011-12-07,,97.305,98.065,97.045,,95.7,97.94
2011-12-08,,97.34,98.18,97.22,,95.75,98.09
2011-12-09,,97.255,98.205,97.135,,95.79,98.01
2011-12-12,,97.31,98.205,97.21,,95.65,98.04
2011-12-13,,97.36,98.205,97.19,,95.68,98.01
2011-12-14,,97.43,98.21,97.245,,95.67,98.04
2011-12-15,,97.415,98.25,97.235,,95.78,98.05
2011-12-16,,97.5,98.245,97.255,,95.72,98.09
2011-12-19,,97.515,98.245,97.25,,95.79,98.05
2011-12-20,,97.41,98.245,97.245,,95.75,98.04
2011-12-21,,97.345,98.245,97.25,,95.62,98.07
2011-12-22,,97.38,98.245,97.255,,95.6,98.11
2011-12-23,,97.275,98.245,97.255,,95.55,98.13
2011-12-26,,,98.245,,,,
2011-12-27,,97.32,98.26,97.405,,,98.13
2011-12-28,,97.455,98.26,97.375,,95.43,98.11
2011-12-29,,97.5,98.26,97.45,,95.46,98.18
2011-12-30,,97.505,98.255,97.49,,95.43,98.15
2012-01-02,,,,97.415,,,98.15
2012-01-03,,97.425,98.255,97.515,,95.34,98.11
2012-01-04,,97.41,98.255,97.525,,95.51,98.1
2012-01-05,,97.42,98.255,97.485,,95.65,98.09
2012-01-06,,97.455,98.255,97.505,,95.7,98.11
2012-01-09,,97.45,98.255,97.535,,95.79,98.14
2012-01-10,,97.42,98.255,97.51,,95.74,98.07
2012-01-11,,97.475,98.255,97.61,,95.74,98.11
2012-01-12,,97.45,98.255,97.62,,95.73,98.09
2012-01-13,,97.55,98.35,97.69,,95.66,98.18
2012-01-16,,,98.36,97.695,,95.75,98.17
2012-01-17,,97.57,98.36,97.65,,95.68,98.22
2012-01-18,,97.54,98.36,97.675,,95.7,98.27
2012-01-19,,97.44,98.36,97.615,,95.77,98.2
2012-01-20,,97.36,98.365,97.55,,95.72,98.09
2012-01-23,,97.28,98.36,97.495,,95.67,98.02
2012-01-24,,97.31,98.36,97.45,,95.68,97.99
2012-01-25,,97.44,98.36,97.475,,95.57,98.02
2012-01-26,,97.55,98.36,97.56,,95.6,98.14
2012-01-27,,97.59,98.36,97.61,,95.63,98.19
2012-01-30,,97.665,98.36,97.68,,95.6,98.26
2012-01-31,,97.74,98.36,97.74,,95.64,98.27
2012-02-01,,97.715,98.36,97.735,,95.68,98.17
2012-02-02,,97.745,98.36,97.74,,95.66,98.12
2012-02-03,,97.585,98.36,97.665,,95.68,98.06
2012-02-06,,97.635,98.36,97.685,,95.57,97.96
2012-02-07,,97.535,98.36,97.655,,95.49,97.9
2012-02-08,,97.52,98.36,97.64,,95.45,97.94
2012-02-09,,97.46,98.36,97.58,,95.35,97.86
2012-02-10,,97.575,98.36,97.66,,95.41,97.99
2012-02-13,,97.545,98.36,97.69,,95.38,97.99
2012-02-14,,97.66,98.36,97.73,,95.38,98.03
2012-02-15,,97.675,98.36,97.765,,95.32,98.03
2012-02-16,,97.59,98.36,97.745,,95.38,98.0
2012-02-17,,97.56,98.36,97.705,,95.3,97.9
2012-02-20,,,98.37,97.68,,95.26,97.84
2012-02-21,,97.49,98.37,97.685,,95.29,97.87
2012-02-22,,97.56,98.37,97.725,,95.3,97.92
2012-02-23,,97.575,98.37,97.75,,95.29,97.95
2012-02-24,,97.57,98.365,97.775,,95.24,97.99
2012-02-27,,97.66,98.37,97.835,,95.26,98.05
2012-02-28,,97.655,98.37,97.825,,95.32,98.06
2012-02-29,,97.59,98.37,97.8,,95.32,98.0
2012-03-01,,97.5,98.37,97.75,,95.27,97.93
2012-03-02,,97.575,98.37,97.84,,95.15,97.97
2012-03-05,,97.59,98.37,97.82,,95.2,97.93
2012-03-06,,97.655,98.37,97.815,,95.29,97.99
2012-03-07,,97.635,98.37,97.835,,95.38,97.96
2012-03-08,,97.58,98.37,97.825,,95.37,97.96
2012-03-09,,97.525,98.37,97.845,,95.32,97.95
2012-03-12,,97.55,98.37,97.88,,95.37,98.04
2012-03-13,,97.45,98.37,97.84,,95.37,97.96
2012-03-14,,97.24,98.37,97.725,,95.29,97.81
2012-03-15,,97.22,98.365,97.7,,95.16,97.75
2012-03-16,,97.175,98.365,97.575,,95.15,97.66
2012-03-19,,97.01,98.36,97.62,,95.13,97.69
2012-03-20,,96.995,98.36,97.625,,95.15,97.68
2012-03-21,,97.125,98.355,97.68,,95.13,97.69
2012-03-22,,97.195,98.355,97.735,,95.21,97.75
2012-03-23,,97.21,98.36,97.765,,95.25,97.78
2012-03-26,,97.21,98.36,97.695,,95.19,97.76
2012-03-27,,97.305,98.36,97.76,,95.16,97.79
2012-03-28,,97.305,98.36,97.79,,95.28,97.85
2012-03-29,,97.385,98.36,97.85,,95.37,97.86
2012-03-30,,97.295,98.36,97.845,,95.44,97.86
2012-04-02,,97.315,98.36,97.85,,95.37,97.84
2012-04-03,,97.16,98.36,97.845,,95.42,97.88
2012-04-04,,97.245,98.36,97.855,,95.42,97.84
2012-04-05,,97.325,98.36,97.89,,95.42,97.91
2012-04-06,,97.51,98.36,,,,
2012-04-09,,97.56,98.36,,,,
2012-04-10,,97.595,98.36,97.96,,95.54,98.08
2012-04-11,,97.54,98.36,97.895,,95.52,97.99
2012-04-12,,97.51,98.48,97.89,,95.45,97.96
2012-04-13,,97.58,98.48,97.945,,95.56,98.01
2012-04-16,,97.605,98.48,97.95,,95.61,98.01
2012-04-17,,97.57,98.485,97.91,,95.61,97.97
2012-04-18,,97.6,98.485,97.96,,95.56,97.9
2012-04-19,,97.62,98.505,97.96,,95.6,97.85
2012-04-20,,97.6,98.505,97.9,,95.6,97.76
2012-04-23,,97.64,98.51,97.955,,95.63,97.82
2012-04-24,,97.605,98.515,97.93,,95.73,97.83
2012-04-25,,97.56,98.515,97.895,,95.73,97.85
2012-04-26,,97.6,98.515,97.935,,95.69,97.9
2012-04-27,,97.64,98.515,97.945,,95.75,97.89
2012-04-30,,97.66,98.515,98.01,,95.72,97.9
2012-05-01,,97.62,98.515,98.01,,95.92,97.91
2012-05-02,,97.66,98.515,98.115,,95.89,97.94
2012-05-03,,97.665,98.515,98.125,,95.95,97.95
2012-05-04,,97.725,98.515,98.165,,95.98,97.99
2012-05-07,,97.735,98.515,98.155,,96.07,97.99
2012-05-08,,97.755,98.515,98.225,,96.03,98.04
2012-05-09,,97.755,98.515,98.2,,96.07,98.16
2012-05-10,,97.735,98.515,98.22,,96.0,98.04
2012-05-11,,97.775,98.515,98.21,,96.06,98.09
2012-05-14,,97.84,98.51,98.305,,96.12,98.2
2012-05-15,,97.85,98.51,98.29,,96.16,98.21
2012-05-16,,97.87,98.505,98.24,,96.18,98.23
2012-05-17,,97.955,98.505,98.28,,96.13,98.25
2012-05-18,,97.97,98.505,98.295,,96.19,98.28
2012-05-21,,97.94,98.51,98.265,,96.09,98.26
2012-05-22,,97.88,98.51,98.26,,96.05,98.27
2012-05-23,,97.925,98.51,98.35,,96.1,98.31
2012-05-24,,97.87,98.51,98.37,,96.06,98.35
2012-05-25,,97.91,98.51,98.395,,96.02,98.39
2012-05-28,,,98.51,98.395,,95.98,98.38
2012-05-29,,97.925,98.525,98.4,,96.06,98.35
2012-05-30,,98.025,98.525,98.505,,96.2,98.43
2012-05-31,,98.08,98.525,98.565,,96.32,98.47
2012-06-01,,98.19,98.53,98.54,,96.39,98.52
2012-06-04,,98.115,98.53,98.47,,96.47,98.52
2012-06-05,,98.12,98.53,98.455,,96.27,98.52
2012-06-06,,98.025,98.53,98.37,,96.23,98.4
2012-06-07,,98.04,98.53,98.29,,96.14,98.34
2012-06-08,,98.06,98.53,98.325,,96.16,98.38
2012-06-11,,98.11,98.53,98.36,,96.14,98.35
2012-06-12,,98.05,98.53,98.235,,96.2,98.31
2012-06-13,,98.13,98.53,98.195,,96.16,98.28
2012-06-14,,98.13,98.53,98.19,,96.28,98.36
2012-06-15,,98.18,98.53,98.275,,96.26,98.51
2012-06-18,,98.145,98.53,98.32,,96.19,98.55
2012-06-19,,98.13,98.53,98.195,,96.28,98.5
2012-06-20,,98.095,98.535,98.185,,96.18,98.4
2012-06-21,,98.125,98.535,98.245,,96.12,98.41
2012-06-22,,98.08,98.54,98.22,,96.25,98.38
2012-06-25,,98.165,98.54,98.315,,96.26,98.44
2012-06-26,,98.16,98.54,98.295,,96.35,98.41
2012-06-27,,98.16,98.54,98.245,,96.33,98.44
2012-06-28,,98.23,98.78,98.285,,96.38,98.48
2012-06-29,,98.165,98.78,98.27,,96.32,98.38
2012-07-02,,98.255,98.78,98.35,,96.24,98.43
2012-07-03,,98.215,98.78,98.36,,96.21,98.38
2012-07-04,,,98.78,98.43,,96.19,98.39
2012-07-05,,98.235,98.785,98.515,,96.25,98.5
2012-07-06,,98.3,98.86,98.575,,96.29,98.55
2012-07-09,,98.355,98.86,98.57,,96.39,98.6
2012-07-10,,98.39,98.86,98.56,,96.38,98.59
2012-07-11,,98.385,98.86,98.595,,96.4,98.62
2012-07-12,,98.405,98.86,98.62,,96.53,98.61
2012-07-13,,98.375,98.86,98.6,,96.52,98.61
2012-07-16,,98.42,98.86,98.615,,96.5,98.66
2012-07-17,,98.375,98.93,98.63,,96.52,98.67
2012-07-18,,98.41,98.93,98.665,,96.52,98.69
2012-07-19,,98.375,98.93,98.66,,96.54,98.65
2012-07-20,,98.435,98.93,98.715,,96.56,98.71
2012-07-23,,98.475,98.925,98.685,,96.7,98.75
2012-07-24,,98.515,98.905,98.65,,96.66,98.7
2012-07-25,,98.505,98.905,98.625,,96.68,98.7
2012-07-26,,98.485,98.905,98.59,,96.6,98.61
2012-07-27,,98.35,98.9,98.535,,96.46,98.54
2012-07-30,,98.415,98.9,98.545,,96.34,98.53
2012-07-31,,98.43,98.9,98.64,,96.36,98.61
2012-08-01,,98.36,98.9,98.585,,96.34,98.57
2012-08-02,,98.4,98.94,98.69,,96.28,98.62
2012-08-03,,98.275,98.94,98.535,,96.31,98.61
2012-08-06,,98.34,98.915,98.555,,96.14,98.66
2012-08-07,,98.245,98.935,98.5,,96.2,98.58
2012-08-08,,98.235,98.935,98.56,,96.15,98.56
2012-08-09,,98.23,98.935,98.555,,96.12,98.56
2012-08-10,,98.265,98.935,98.645,,96.22,98.6
2012-08-13,,98.28,98.935,98.63,,96.21,98.58
2012-08-14,,98.215,98.935,98.55,,96.15,98.57
2012-08-15,,98.095,98.935,98.455,,96.1,98.51
2012-08-16,,98.05,98.915,98.5,,96.06,98.44
2012-08-17,,98.095,98.94,98.54,,96.08,98.47
2012-08-20,,98.115,98.94,98.56,,96.09,98.46
2012-08-21,,98.115,98.94,98.53,,96.07,98.43
2012-08-22,,98.245,98.94,98.6,,96.14,98.48
2012-08-23,,98.315,98.94,98.68,,96.21,98.54
2012-08-24,,98.3,98.94,98.715,,96.25,98.6
2012-08-27,,98.345,98.94,98.705,,96.32,98.6
2012-08-28,,98.385,98.94,98.745,,96.33,98.66
2012-08-29,,98.355,98.95,98.72,,96.36,98.65
2012-08-30,,98.395,98.95,98.775,,96.42,98.69
2012-08-31,,98.49,98.95,98.745,,96.47,98.71
2012-09-03,,,98.95,98.72,,96.52,98.71
2012-09-04,,98.46,98.95,98.725,,96.49,98.69
2012-09-05,,98.465,98.95,98.715,,96.56,98.72
2012-09-06,,98.37,98.95,98.605,,96.51,98.67
2012-09-07,,98.435,98.95,98.64,,96.42,98.68
2012-09-10,,98.425,98.945,98.645,,96.51,98.67
2012-09-11,,98.4,98.955,98.625,,96.52,98.7
2012-09-12,,98.33,98.955,98.545,,96.44,98.64
2012-09-13,,98.405,98.955,98.6,,96.41,98.67
2012-09-14,,98.305,98.955,98.48,,96.37,98.56
2012-09-17,,98.295,98.955,98.505,,96.29,98.57
2012-09-18,,98.325,98.955,98.555,,96.41,98.61
2012-09-19,,98.375,98.955,98.62,,96.39,98.64
2012-09-20,,98.42,98.98,98.685,,96.53,98.67
2012-09-21,,98.45,98.98,98.67,,96.48,98.66
2012-09-24,,98.475,98.98,98.685,,96.57,98.68
2012-09-25,,98.5,98.98,98.63,,96.58,98.66
2012-09-26,,98.57,98.985,98.735,,96.63,98.74
2012-09-27,,98.55,98.975,98.735,,96.64,98.72
2012-09-28,,98.52,98.97,98.74,,96.65,98.75
2012-10-01,,98.545,98.97,98.695,,96.69,98.73
2012-10-02,,98.565,98.97,98.72,,96.77,98.76
2012-10-03,,98.595,98.97,98.735,,96.84,98.78
2012-10-04,,98.555,98.97,98.755,,96.82,98.78
2012-10-05,,98.48,98.97,98.71,,96.79,98.74
2012-10-08,,98.525,98.97,98.76,,96.78,98.8
2012-10-09,,98.495,98.965,98.765,,96.74,98.78
2012-10-10,,98.5,98.965,98.765,,96.71,98.73
2012-10-11,,98.51,98.965,98.76,,96.76,98.74
2012-10-12,,98.5,98.965,98.795,,96.76,98.78
2012-10-15,,98.485,98.965,98.78,,96.83,98.79
2012-10-16,,98.46,98.965,98.71,,96.82,98.71
2012-10-17,,98.335,98.965,98.635,,96.76,98.63
2012-10-18,,98.345,98.965,98.64,,96.61,98.6
2012-10-19,,98.4,98.965,98.645,,96.62,98.62
2012-10-22,,98.36,98.965,98.615,,96.69,98.61
2012-10-23,,98.39,98.965,98.655,,96.61,98.66
2012-10-24,,98.39,98.965,98.66,,96.55,98.65
2012-10-25,,98.31,98.965,98.655,,96.47,98.6
2012-10-26,,98.405,98.965,98.69,,96.5,98.66
2012-10-29,,98.455,98.965,98.74,,96.55,98.7
2012-10-30,,98.425,98.965,98.735,,96.59,98.68
2012-10-31,,98.48,98.965,98.74,,96.58,98.67
2012-11-01,,98.46,98.965,98.765,,96.6,98.68
2012-11-02,,98.47,98.965,98.785,,96.53,98.68
2012-11-05,,98.53,98.965,98.8,,96.51,98.75
2012-11-06,,98.455,98.97,98.79,,96.44,98.76
2012-11-07,,98.59,98.97,98.855,,96.46,98.8
2012-11-08,,98.63,98.97,98.87,,96.48,98.79
2012-11-09,,98.615,98.97,98.89,,96.57,98.81
2012-11-12,,98.62,98.97,98.885,,96.59,98.82
2012-11-13,,98.635,99.065,98.895,,96.63,98.84
2012-11-14,,98.635,99.065,98.895,,96.63,98.81
2012-11-15,,98.625,99.07,98.9,,96.66,98.82
2012-11-16,,98.645,99.07,98.91,,96.64,98.82
2012-11-19,,98.605,99.075,98.89,,96.6,98.79
2012-11-20,,98.58,99.075,98.85,,96.56,98.73
2012-11-21,,98.55,99.08,98.825,,96.52,98.7
2012-11-22,,,99.08,98.835,,96.48,98.7
2012-11-23,,98.55,99.085,98.84,,96.5,98.71
2012-11-26,,98.585,99.09,98.87,,96.52,98.73
2012-11-27,,98.615,99.09,98.855,,96.48,98.71
2012-11-28,,98.645,99.09,98.92,,96.53,98.79
2012-11-29,,98.66,99.09,98.91,,96.55,98.77
2012-11-30,,98.675,99.085,98.925,,96.63,98.78
2012-12-03,,98.65,99.08,98.895,,96.64,98.74
2012-12-04,,98.655,99.08,98.925,,96.55,98.75
2012-12-05,,98.675,99.08,98.97,,96.52,98.81
2012-12-06,,98.695,99.08,99.045,,96.53,98.86
2012-12-07,,98.67,99.08,99.06,,96.54,98.87
2012-12-10,,98.68,99.08,99.055,,96.53,98.87
2012-12-11,,98.655,99.08,99.04,,96.57,98.84
2012-12-12,,98.595,99.135,99.02,,96.5,98.85
2012-12-13,,98.55,99.135,99.01,,96.49,98.81
2012-12-14,,98.545,99.135,99.0,,96.43,98.78
2012-12-17,,98.49,99.135,98.985,,96.49,98.78
2012-12-18,,98.435,99.135,98.97,,96.48,98.7
2012-12-19,,98.46,99.135,98.965,,96.46,98.72
2012-12-20,,98.465,99.115,98.99,,96.48,98.74
2012-12-21,,98.5,99.115,99.03,,96.52,98.79
2012-12-24,,98.475,99.12,99.03,,96.51,98.78
2012-12-25,,,99.12,,,,
2012-12-26,,98.485,99.08,,,,
2012-12-27,,98.545,99.08,99.075,,96.54,98.86
2012-12-28,,98.545,99.08,99.105,,96.55,98.88
2012-12-31,,98.54,99.08,99.1,,96.59,98.88
2013-01-02,,98.475,99.08,99.01,,96.43,98.75
2013-01-03,,98.41,99.08,98.98,,96.45,98.66
2013-01-04,,98.38,99.08,98.92,,96.34,98.57
2013-01-07,,98.395,99.095,98.96,,96.37,98.59
2013-01-08,,98.45,99.09,99.0,,96.4,98.66
2013-01-09,,98.475,99.095,99.01,,96.45,98.68
2013-01-10,,98.415,99.075,98.89,,96.4,98.59
2013-01-11,,98.425,99.075,98.83,,96.36,98.6
2013-01-14,,98.455,99.075,98.87,,96.38,98.66
2013-01-15,,98.485,99.075,98.89,,96.42,98.69
2013-01-16,,98.5,99.075,98.895,,96.46,98.71
2013-01-17,,98.42,99.075,98.795,,96.51,98.67
2013-01-18,,98.455,99.075,98.8,,96.4,98.64
2013-01-21,,,99.075,98.765,,96.42,98.62
2013-01-22,,98.475,99.075,98.8,,96.43,98.65
2013-01-23,,98.47,99.075,98.84,,96.47,98.69
2013-01-24,,98.45,99.075,98.805,,96.53,98.67
2013-01-25,,98.32,99.075,98.685,,96.53,98.64
2013-01-28,,98.27,99.075,98.575,,96.48,98.6
2013-01-29,,98.25,99.075,98.605,,96.37,98.63
2013-01-30,,98.23,99.075,98.545,,96.36,98.605
2013-01-31,,98.25,99.08,98.605,,96.42,98.62
2013-02-01,,98.235,99.085,98.64,,96.35,98.63
2013-02-04,,98.28,99.085,98.7,,96.28,98.655
2013-02-05,,98.235,99.085,98.645,,96.36,98.62
2013-02-06,,98.305,99.085,98.66,,96.4,98.65
2013-02-07,,98.34,99.11,98.735,,96.4,98.65
2013-02-08,,98.335,99.115,98.74,,96.39,98.66
2013-02-11,,98.33,99.115,98.72,,96.43,98.665
2013-02-12,,98.275,99.12,98.7,,96.41,98.65
2013-02-13,,98.225,99.12,98.645,,96.39,98.57
2013-02-14,,98.295,99.12,98.72,,96.31,98.59
2013-02-15,,98.28,99.115,98.7,,96.34,98.575
2013-02-18,,,99.115,98.735,,96.3,98.595
2013-02-19,,98.24,99.115,98.74,,96.3,98.62
2013-02-20,,98.255,99.115,98.7,,96.31,98.625
2013-02-21,,98.315,99.115,98.775,,96.37,98.71
2013-02-22,,98.345,99.1,98.835,,96.34,98.73
2013-02-25,,98.415,99.105,98.82,,96.38,98.73
2013-02-26,,98.445,99.09,98.905,,96.48,98.79
2013-02-27,,98.43,99.09,98.925,,96.51,98.82
2013-02-28,,98.435,99.065,98.94,,96.46,98.795
2013-03-01,,98.475,99.095,98.99,,96.44,98.85
2013-03-04,,98.465,99.105,99.0,,96.48,98.85
2013-03-05,,98.445,99.105,98.96,,96.4,98.805
2013-03-06,,98.4,99.105,98.985,,96.36,98.83
2013-03-07,,98.33,99.105,98.925,,96.35,98.79
2013-03-08,,98.23,99.105,98.885,,96.21,98.78
2013-03-11,,98.225,99.105,98.92,,96.17,98.83
2013-03-12,,98.29,99.11,98.94,,96.13,98.855
2013-03-13,,98.27,99.105,98.955,,96.17,98.855
2013-03-14,,98.28,99.105,98.955,,95.98,98.83
2013-03-15,,98.345,99.105,98.98,,95.99,98.875
2013-03-18,,98.38,99.105,99.035,,96.15,98.93
2013-03-19,,98.435,99.105,99.05,99.6,96.09,98.96
2013-03-20,,98.41,99.105,99.005,99.59,96.12,98.99
2013-03-21,,98.4,99.1,99.025,99.61,96.07,98.96
2013-03-22,,98.4,99.1,98.995,99.6,96.12,98.955
2013-03-25,,98.405,99.085,99.05,99.6,96.09,98.97
2013-03-26,,98.405,99.085,99.045,99.62,96.13,99.02
2013-03-27,,98.485,99.085,99.065,99.63,96.23,99.05
2013-03-28,,98.46,99.085,99.035,99.64,96.28,99.02
2013-03-29,,,99.085,,,,
2013-04-01,,98.495,99.075,,,,
2013-04-02,,98.46,99.075,99.065,99.63,96.26,99.01
2013-04-03,,98.52,99.075,99.09,99.64,96.24,99.03
2013-04-04,,98.585,99.075,99.16,99.64,96.26,99.06
2013-04-05,,98.63,99.075,99.17,99.64,96.31,99.12
2013-04-08,,98.58,99.075,99.15,99.63,96.38,99.1
2013-04-09,,98.59,99.075,99.115,99.62,96.42,99.07
2013-04-10,,98.54,99.075,99.105,99.61,96.42,99.04
2013-04-11,,98.56,99.075,99.12,99.6,96.49,99.045
2013-04-12,,98.625,99.075,99.175,99.63,96.47,99.08
2013-04-15,,98.64,99.075,99.2,99.64,96.49,99.09
2013-04-16,,98.615,99.075,99.195,99.64,96.45,99.065
2013-04-17,,98.63,99.07,99.23,99.67,96.4,99.085
2013-04-18,,98.645,99.07,99.245,99.66,96.46,99.09
2013-04-19,,98.625,99.07,99.22,99.65,96.45,99.09
2013-04-22,,98.635,99.07,99.265,99.67,96.44,99.115
2013-04-23,,98.63,99.07,99.27,99.7,96.51,99.12
2013-04-24,,98.645,99.06,99.25,99.69,96.54,99.09
2013-04-25,,98.65,99.06,99.25,99.7,96.51,99.06
2013-04-26,,98.69,99.065,99.29,99.71,96.55,99.07
2013-04-29,,98.7,99.05,99.31,99.71,96.58,99.085
2013-04-30,,98.69,99.06,99.295,99.72,96.6,99.09
2013-05-01,,98.72,99.055,99.315,99.71,96.58,99.075
2013-05-02,,98.735,99.055,99.36,99.75,96.65,99.1
2013-05-03,,98.605,99.055,99.285,99.72,96.67,99.015
2013-05-06,,98.575,99.055,99.275,99.71,96.61,99.015
2013-05-07,,98.57,99.06,99.19,99.69,96.7,98.95
2013-05-08,,98.59,99.06,99.22,99.7,96.71,98.97
2013-05-09,,98.57,99.06,99.23,99.71,96.64,98.96
2013-05-10,,98.445,99.06,99.13,99.67,96.56,98.885
2013-05-13,,98.44,99.06,99.17,99.66,96.62,98.9
2013-05-14,,98.41,99.06,99.18,99.68,96.63,98.905
2013-05-15,,98.43,99.06,99.18,99.66,96.58,98.87
2013-05-16,,98.53,99.06,99.24,99.68,96.62,98.91
2013-05-17,,98.445,99.06,99.27,99.67,96.66,98.94
2013-05-20,,98.43,99.06,99.225,99.68,96.65,98.915
2013-05-21,,98.445,99.06,99.17,99.66,96.62,98.91
2013-05-22,,98.325,99.06,99.2,99.67,96.61,98.95
2013-05-23,,98.325,99.06,99.105,99.67,96.56,98.93
2013-05-24,,98.31,99.06,99.11,99.66,96.55,98.92
2013-05-27,,,99.06,99.07,99.66,96.55,98.92
2013-05-28,,98.1,99.06,99.045,99.63,96.52,98.855
2013-05-29,,98.11,99.06,98.97,99.55,96.47,98.78
2013-05-30,,98.125,99.06,98.975,99.58,96.5,98.8
2013-05-31,,98.035,99.06,99.0,99.57,96.51,98.76
2013-06-03,,98.065,99.06,98.975,99.56,96.52,98.73
2013-06-04,,98.05,99.05,98.96,99.56,96.48,98.715
2013-06-05,,98.09,99.05,98.985,99.56,96.52,98.75
2013-06-06,,98.125,99.05,98.9,99.57,96.59,98.68
2013-06-07,,97.985,99.05,98.89,99.54,96.65,98.63
2013-06-10,,97.89,99.05,98.815,99.53,96.6,98.49
2013-06-11,,97.93,99.06,98.765,99.43,96.54,98.34
2013-06-12,,97.91,99.06,98.805,99.44,96.45,98.405
2013-06-13,,97.99,99.06,98.865,99.43,96.49,98.44
2013-06-14,,98.085,99.06,98.93,99.45,96.43,98.54
2013-06-17,,98.045,99.06,98.95,99.46,96.42,98.525
2013-06-18,97.81,98.01,99.06,98.885,99.46,96.41,98.43
2013-06-19,97.64,97.685,99.06,98.895,99.46,96.38,98.47
2013-06-20,97.54,97.535,99.06,98.65,99.38,96.21,98.17
2013-06-21,97.48,97.425,99.06,98.56,99.32,96.07,98.11
2013-06-24,97.43,97.355,99.05,98.5,99.11,95.77,97.905
2013-06-25,97.39,97.33,99.05,98.585,99.16,95.86,98.04
2013-06-26,97.38,97.4,99.05,98.66,99.2,95.84,98.2
2013-06-27,97.43,97.5,99.05,98.72,99.25,95.92,98.19
2013-06-28,97.39,97.49,99.05,98.725,99.26,96.01,98.285
2013-07-01,,97.47,99.05,98.72,99.26,95.98,98.28
2013-07-02,97.42,97.505,99.05,98.745,99.27,96.01,98.31
2013-07-03,97.43,97.45,99.05,98.785,99.28,96.06,98.25
2013-07-04,97.46,,99.05,98.86,99.37,95.98,98.33
2013-07-05,97.31,97.135,99.05,98.83,99.36,95.91,98.215
2013-07-08,97.39,97.295,99.05,98.865,99.35,95.87,98.3
2013-07-09,97.42,97.345,99.05,98.95,99.36,95.95,98.37
2013-07-10,97.36,97.33,99.05,98.89,99.36,95.98,98.34
2013-07-11,97.43,97.52,99.055,98.895,99.37,96.06,98.39
2013-07-12,97.41,97.47,99.055,98.915,99.39,96.07,98.435
2013-07-15,97.44,97.525,99.055,98.89,99.37,96.05,98.44
2013-07-16,97.48,97.55,99.055,98.935,99.37,96.02,98.56
2013-07-17,97.53,97.665,99.055,98.97,99.36,96.05,98.58
2013-07-18,97.52,97.645,99.055,98.99,99.38,96.11,98.64
2013-07-19,97.53,97.68,99.055,98.975,99.39,96.14,98.58
2013-07-22,97.55,97.68,99.055,98.955,99.43,96.2,98.58
2013-07-23,97.54,97.665,99.055,98.9,99.41,96.2,98.54
2013-07-24,97.46,97.565,99.055,98.805,99.38,96.18,98.475
2013-07-25,97.45,97.51,99.055,98.79,99.39,96.15,98.49
2013-07-26,97.5,97.6,99.055,98.79,99.39,96.15,98.56
2013-07-29,97.5,97.575,99.055,98.805,99.41,96.21,98.555
2013-07-30,97.46,97.555,99.055,98.785,99.41,96.29,98.58
2013-07-31,97.46,97.535,99.055,98.775,99.4,96.34,98.59
2013-08-01,97.37,97.375,99.055,98.755,99.4,96.34,98.6
2013-08-02,97.45,97.595,99.055,98.78,99.37,96.26,98.54
2013-08-05,,97.56,99.055,98.755,99.37,96.39,98.44
2013-08-06,97.47,97.55,99.055,98.745,99.37,96.31,98.42
2013-08-07,97.49,97.59,99.055,98.755,99.4,96.36,98.34
2013-08-08,97.49,97.625,99.055,98.79,99.42,96.29,98.4
2013-08-09,97.49,97.63,99.055,98.795,99.41,96.26,98.39
2013-08-12,97.48,97.605,99.055,98.8,99.42,96.27,98.38
2013-08-13,97.41,97.43,99.055,98.675,99.38,96.22,98.24
2013-08-14,97.4,97.44,99.055,98.705,99.36,96.16,98.15
2013-08-15,97.29,97.35,99.055,98.63,99.31,96.11,98.05
2013-08-16,97.25,97.25,99.055,98.645,99.36,96.06,98.03
2013-08-19,97.21,97.195,99.055,98.61,99.32,96.02,98.01
2013-08-20,97.24,97.3,99.055,98.67,99.34,96.03,98.12
2013-08-21,97.21,97.205,99.055,98.625,99.34,95.99,98.06
2013-08-22,97.19,97.09,99.055,98.565,99.31,95.89,98.05
2013-08-23,97.22,97.17,99.055,98.49,99.29,95.9,97.99
2013-08-26,97.26,97.22,99.055,98.505,99.28,95.9,97.99
2013-08-27,97.37,97.325,99.055,98.58,99.31,95.99,98.12
2013-08-28,97.31,97.24,99.055,98.555,99.31,95.98,98.06
2013-08-29,97.33,97.265,99.055,98.575,99.34,95.97,98.08
2013-08-30,97.34,97.255,99.055,98.595,99.34,96.0,98.1
2013-09-02,,,99.055,98.535,99.36,95.94,98.035
2013-09-03,97.29,97.165,99.055,98.49,99.35,95.84,97.93
2013-09-04,97.24,97.1,99.055,98.505,99.37,95.72,97.915
2013-09-05,97.11,96.985,99.055,98.365,99.3,95.71,97.69
2013-09-06,97.1,97.065,99.06,98.465,99.33,95.66,97.78
2013-09-09,97.16,97.19,99.06,98.465,99.34,95.74,97.81
2013-09-10,97.12,97.115,99.06,98.405,99.28,95.65,97.71
2013-09-11,97.15,97.195,99.06,98.43,99.29,95.62,97.745
2013-09-12,97.16,97.18,99.06,98.525,99.33,95.73,97.825
2013-09-13,97.16,97.16,99.06,98.54,99.34,95.66,97.86
2013-09-16,97.18,97.27,99.06,98.605,99.37,95.73,97.93
2013-09-17,97.21,97.265,99.06,98.575,99.36,95.68,97.845
2013-09-18,97.3,97.57,99.06,98.525,99.35,95.7,97.74
2013-09-19,97.3,97.53,99.06,98.64,99.4,95.92,97.905
2013-09-20,97.32,97.54,99.06,98.62,99.39,95.92,97.87
2013-09-23,97.36,97.57,99.06,98.7,99.41,95.91,97.94
2013-09-24,97.38,97.655,99.06,98.775,99.43,95.97,98.055
2013-09-25,97.41,97.715,99.06,98.78,99.46,96.02,98.105
2013-09-26,97.39,97.68,99.06,98.775,99.47,96.05,98.095
2013-09-27,97.44,97.735,99.06,98.83,99.51,96.05,98.13
2013-09-30,97.45,97.74,99.06,98.82,99.51,96.12,98.13
2013-10-01,97.45,97.685,99.06,98.775,99.5,96.05,98.105
2013-10-02,97.45,97.745,99.06,98.79,99.49,96.06,98.13
2013-10-03,97.46,97.79,99.06,98.775,99.49,96.05,98.11
2013-10-04,97.46,97.73,99.06,98.73,99.53,95.96,98.04
2013-10-07,97.46,97.735,99.06,98.77,99.53,95.92,98.1
2013-10-08,97.47,97.745,99.06,98.75,99.52,95.92,98.1
2013-10-09,97.46,97.755,99.06,98.75,99.55,95.85,98.15
2013-10-10,97.44,97.74,99.06,98.725,99.54,95.74,98.1
2013-10-11,97.44,97.785,99.06,98.77,99.56,95.79,98.13
2013-10-14,,97.765,99.06,98.775,99.54,95.85,98.11
2013-10-15,97.42,97.755,99.06,98.74,99.51,95.75,98.04
2013-10-16,97.48,97.8,99.54,98.705,99.5,95.74,97.99
2013-10-17,97.55,97.91,99.74,98.805,99.53,95.86,98.08
2013-10-18,97.56,97.875,99.74,98.845,99.54,95.88,98.11
2013-10-21,97.54,97.845,99.74,98.835,99.54,95.91,98.1
2013-10-22,97.63,97.965,99.74,98.93,99.55,95.87,98.22
2013-10-23,97.74,98.005,99.74,98.94,99.59,95.93,98.28
2013-10-24,97.76,97.965,99.74,98.92,99.57,95.93,98.22
2013-10-25,97.8,98.01,99.74,98.905,99.59,95.96,98.24
2013-10-28,97.78,98.025,99.74,98.9,99.6,95.96,98.265
2013-10-29,97.78,98.045,99.74,98.93,99.6,96.02,98.29
2013-10-30,97.76,98.005,99.74,98.99,99.63,96.05,98.36
2013-10-31,97.74,98.005,99.74,99.045,99.65,95.99,98.285
2013-11-01,97.67,97.91,99.74,99.05,99.65,95.95,98.275
2013-11-04,97.71,97.945,99.74,99.06,99.66,95.86,98.31
2013-11-05,97.68,97.92,99.74,98.97,99.63,95.86,98.14
2013-11-06,97.71,98.02,99.74,99.005,99.66,95.84,98.17
2013-11-07,97.75,98.085,99.74,99.115,99.72,95.9,98.26
2013-11-08,97.68,97.935,99.74,99.03,99.71,95.94,98.12
2013-11-11,,97.925,99.74,99.03,99.7,95.89,98.08
2013-11-12,97.65,97.89,99.74,99.04,99.69,95.84,98.17
2013-11-13,97.69,97.985,99.605,99.1,99.71,95.88,98.15
2013-11-14,97.74,98.085,99.605,99.125,99.71,95.95,98.225
2013-11-15,97.76,98.085,99.605,99.105,99.7,95.99,98.27
2013-11-18,97.83,98.145,99.605,99.125,99.72,96.01,98.31
2013-11-19,97.84,98.1,99.6,99.1,99.7,96.01,98.29
2013-11-20,97.84,98.15,99.6,99.13,99.72,95.98,98.3
2013-11-21,97.88,98.135,99.6,99.14,99.74,95.94,98.23
2013-11-22,97.89,98.115,99.6,99.115,99.75,95.94,98.255
2013-11-25,97.88,98.12,99.6,99.12,99.77,95.97,98.285
2013-11-26,97.94,98.155,99.6,99.135,99.8,96.0,98.28
2013-11-27,97.93,98.1,99.6,99.15,99.8,96.01,98.27
2013-11-28,97.96,,99.63,99.135,99.78,95.96,98.27
2013-11-29,97.95,98.08,99.63,99.145,99.79,95.96,98.23
2013-12-02,97.89,97.995,99.63,99.14,99.77,95.9,98.14
2013-12-03,97.94,98.04,99.63,99.165,99.78,95.86,98.14
2013-12-04,97.89,97.965,99.63,99.115,99.76,95.91,98.13
2013-12-05,97.87,97.94,99.63,99.06,99.73,95.87,98.09
2013-12-06,97.86,97.88,99.63,99.065,99.74,95.87,98.09
2013-12-09,97.88,97.91,99.63,99.06,99.73,95.91,98.06
2013-12-10,97.89,97.965,99.63,99.07,99.74,95.93,98.12
2013-12-11,97.85,97.9,99.63,99.07,99.76,96.01,98.14
2013-12-12,97.83,97.835,99.63,99.06,99.76,96.04,98.095
2013-12-13,97.8,97.855,99.63,99.08,99.74,96.04,98.095
2013-12-16,97.78,97.875,99.63,99.085,99.73,96.09,98.12
2013-12-17,97.8,97.945,99.63,99.095,99.73,96.09,98.12
2013-12-18,97.81,97.95,99.625,99.07,99.7,96.15,98.01
2013-12-19,97.75,97.81,99.62,99.05,99.66,96.1,97.91
2013-12-20,97.75,97.75,99.62,99.035,99.68,96.09,97.86
2013-12-23,97.72,97.68,99.62,99.0,99.67,96.1,97.785
2013-12-24,97.68,97.61,99.62,98.96,99.67,96.12,97.73
2013-12-25,,,99.62,,,,
2013-12-26,,97.615,99.62,,,,
2013-12-27,97.68,97.62,99.62,98.93,99.66,96.07,97.69
2013-12-30,97.72,97.675,99.62,98.94,99.67,96.09,97.74
2013-12-31,97.69,97.645,99.62,98.885,99.66,96.12,97.71
2014-01-02,97.68,97.675,99.62,98.95,99.66,96.06,97.77
2014-01-03,97.69,97.66,99.62,98.97,99.66,96.08,97.765
2014-01-06,97.71,97.71,99.62,99.005,99.68,96.06,97.88
2014-01-07,97.77,97.735,99.62,99.02,99.71,96.1,97.88
2014-01-08,97.76,97.59,99.62,98.975,99.66,96.14,97.79
2014-01-09,97.77,97.575,99.62,98.97,99.67,96.08,97.79
2014-01-10,97.92,97.745,99.62,99.04,99.69,96.1,97.91
2014-01-13,97.94,97.82,99.62,99.08,99.69,96.14,98.015
2014-01-14,97.9,97.735,99.62,99.065,99.69,96.19,97.99
2014-01-15,97.89,97.685,99.62,99.04,99.68,96.16,97.93
2014-01-16,97.91,97.73,99.62,99.1,99.71,96.29,97.99
2014-01-17,97.95,97.735,99.62,99.14,99.72,96.32,97.94
2014-01-20,97.98,,99.62,99.16,99.73,96.33,97.92
2014-01-21,97.96,97.71,99.62,99.16,99.75,96.27,97.88
2014-01-22,97.97,97.65,99.62,99.13,99.77,96.17,97.76
2014-01-23,98.04,97.795,99.62,99.145,99.8,96.17,97.845
2014-01-24,98.07,97.83,99.62,99.195,99.83,96.31,97.93
2014-01-27,98.06,97.785,99.62,99.195,99.83,96.37,97.91
2014-01-28,98.09,97.83,99.62,99.19,99.82,96.38,97.89
2014-01-29,98.1,97.9,99.62,99.22,99.83,96.28,97.965
2014-01-30,98.09,97.88,99.62,99.255,99.85,96.36,97.96
2014-01-31,98.12,97.905,99.62,99.29,99.91,96.37,97.98
2014-02-03,98.14,98.015,99.62,99.285,99.88,96.36,98.06
2014-02-04,98.12,97.99,99.62,99.3,99.89,96.28,98.07
2014-02-05,98.11,97.965,99.62,99.31,99.9,96.26,98.12
2014-02-06,98.11,97.935,99.62,99.235,99.88,96.18,98.08
2014-02-07,98.13,98.02,99.62,99.3,99.91,96.17,98.13
2014-02-10,98.12,98.02,99.62,99.29,99.89,96.19,98.15
2014-02-11,98.07,97.95,99.62,99.3,99.89,96.14,98.12
2014-02-12,98.02,97.875,99.62,99.275,99.88,96.11,97.92
2014-02-13,98.04,97.95,99.62,99.315,99.9,96.2,97.96
2014-02-14,98.05,97.93,99.62,99.305,99.91,96.27,97.91
2014-02-17,,,99.62,99.305,99.91,96.23,97.95
2014-02-18,98.1,98.005,99.62,99.33,99.93,96.22,98.005
2014-02-19,98.09,97.97,99.62,99.345,99.94,96.28,98.05
2014-02-20,98.11,97.94,99.62,99.305,99.91,96.3,97.99
2014-02-21,98.08,97.96,99.62,99.32,99.91,96.27,97.99
2014-02-24,98.07,97.945,99.62,99.3,99.9,96.3,98.005
2014-02-25,98.09,98.0,99.62,99.315,99.89,96.28,98.02
2014-02-26,98.13,98.025,99.62,99.34,99.91,96.31,98.03
2014-02-27,98.17,98.06,99.62,99.37,99.92,96.39,98.08
2014-02-28,98.16,98.005,99.62,99.305,99.89,96.42,98.03
2014-03-03,98.19,98.06,99.62,99.335,99.93,96.46,98.095
2014-03-04,98.16,97.985,99.62,99.335,99.88,96.42,98.07
2014-03-05,98.14,97.985,99.62,99.34,99.86,96.37,98.06
2014-03-06,98.11,97.935,99.62,99.285,99.8,96.32,98.015
2014-03-07,98.06,97.84,99.62,99.265,99.8,96.29,97.99
2014-03-10,98.09,97.865,99.62,99.3,99.81,96.3,97.99
2014-03-11,98.11,97.885,99.62,99.31,99.82,96.35,98.01
2014-03-12,98.13,97.92,99.62,99.345,99.84,96.38,98.03
2014-03-13,98.16,98.015,99.62,99.395,99.89,96.29,98.08
2014-03-14,98.16,98.005,99.62,99.375,99.85,96.41,98.13
2014-03-17,98.14,97.955,99.62,99.375,99.85,96.39,98.1
2014-03-18,98.19,97.98,99.62,99.36,99.86,96.37,98.08
2014-03-19,98.09,97.74,99.62,99.34,99.86,96.39,98.06
2014-03-20,98.04,97.7,99.62,99.275,99.83,96.32,97.925
2014-03-21,98.02,97.69,99.62,99.28,99.83,96.3,97.91
2014-03-24,98.04,97.65,99.62,99.315,99.85,96.3,97.94
2014-03-25,98.05,97.675,99.62,99.345,99.87,96.31,97.94
2014-03-26,98.06,97.715,99.62,99.37,99.87,96.27,97.96
2014-03-27,98.07,97.71,99.62,99.395,99.89,96.3,97.95
2014-03-28,98.05,97.67,99.62,99.37,99.87,96.31,97.9
2014-03-31,98.05,97.675,99.62,99.35,99.87,96.29,97.9
2014-04-01,98.04,97.68,99.62,99.335,99.87,96.28,97.92
2014-04-02,97.97,97.61,99.62,99.305,99.87,96.28,97.895
2014-04-03,97.96,97.61,99.62,99.345,99.89,96.27,97.9
2014-04-04,98.01,97.71,99.62,99.41,99.92,96.3,97.98
2014-04-07,98.02,97.75,99.62,99.41,99.93,96.36,98.03
2014-04-08,98.02,97.76,99.62,99.385,99.93,96.37,97.98
2014-04-09,98.04,97.82,99.62,99.365,99.92,96.39,97.98
2014-04-10,98.08,97.92,99.62,99.41,99.94,96.36,98.06
2014-04-11,98.1,97.935,99.62,99.415,99.93,96.41,98.09
2014-04-14,98.1,97.89,99.62,99.425,99.96,96.47,98.08
2014-04-15,98.1,97.85,99.62,99.465,99.97,96.45,98.08
2014-04-16,98.09,97.785,99.62,99.46,99.96,96.46,98.01
2014-04-17,98.04,97.705,99.62,99.42,99.93,96.48,97.95
2014-04-18,,,99.62,,,,
2014-04-21,98.05,97.715,99.62,,,,
2014-04-22,98.05,97.68,99.62,99.405,99.93,96.45,97.91
2014-04-23,98.06,97.735,99.62,99.4,99.93,96.5,97.96
2014-04-24,98.07,97.73,99.62,99.375,99.93,96.52,97.92
2014-04-25,98.09,97.75,99.62,99.4,99.94,96.53,97.98
2014-04-28,98.08,97.76,99.62,99.395,99.94,96.57,97.955
2014-04-29,98.06,97.75,99.62,99.415,99.94,96.57,97.93
2014-04-30,98.09,97.81,99.62,99.45,99.96,96.55,97.955
2014-05-01,98.12,97.84,99.62,99.465,99.96,96.57,97.95
2014-05-02,98.1,97.795,99.62,99.48,99.95,96.59,97.92
2014-05-05,98.1,97.79,99.62,99.475,99.94,96.62,97.92
2014-05-06,98.1,97.78,99.62,99.445,99.94,96.66,97.855
2014-05-07,98.09,97.84,99.62,99.435,99.94,96.69,97.865
2014-05-08,98.1,97.895,99.62,99.505,99.98,96.65,97.9
2014-05-09,98.12,97.885,99.62,99.495,99.98,96.68,97.87
2014-05-12,98.1,97.85,99.62,99.505,100.0,96.68,97.81
2014-05-13,98.13,97.905,99.62,99.555,100.02,96.67,97.87
2014-05-14,98.18,97.98,99.62,99.59,100.06,96.68,98.0
2014-05-15,98.2,98.015,99.62,99.615,100.07,96.71,98.085
2014-05-16,98.2,98.0,99.62,99.59,100.02,96.72,98.03
2014-05-19,,98.025,99.62,99.575,100.02,96.74,98.03
2014-05-20,98.22,98.08,99.62,99.58,100.01,96.73,98.01
2014-05-21,98.21,98.075,99.62,99.57,100.01,96.81,97.97
2014-05-22,98.19,98.055,99.62,99.595,100.01,96.75,97.965
2014-05-23,98.2,98.09,99.62,99.595,100.02,96.73,98.01
2014-05-26,98.19,,99.62,99.615,100.02,96.77,98.01
2014-05-27,98.19,98.08,99.62,99.625,100.03,96.75,98.0
2014-05-28,98.25,98.165,99.62,99.63,100.03,96.77,98.09
2014-05-29,98.22,98.135,99.62,99.625,100.02,96.81,98.12
2014-05-30,98.22,98.085,99.62,99.605,100.01,96.8,98.07
2014-06-02,98.19,98.01,99.62,99.62,100.02,96.82,98.05
2014-06-03,98.16,97.965,99.62,99.61,100.0,96.81,98.015
2014-06-04,98.18,97.975,99.62,99.61,99.99,96.75,98.0
2014-06-05,98.18,98.005,99.62,99.66,100.01,96.77,98.02
2014-06-06,98.2,97.96,99.62,99.665,100.01,96.77,98.025
2014-06-09,98.18,97.91,99.62,99.665,100.01,96.77,97.98
2014-06-10,98.17,97.88,99.62,99.655,99.98,96.76,97.95
2014-06-11,98.17,97.89,99.62,99.67,100.0,96.72,97.965
2014-06-12,98.19,97.945,99.62,99.68,100.05,96.75,97.95
2014-06-13,98.16,97.895,99.62,99.68,100.02,96.7,97.81
2014-06-16,98.15,97.885,99.62,99.69,100.02,96.74,97.76
2014-06-17,98.12,97.83,99.62,99.655,100.0,96.82,97.745
2014-06-18,98.14,97.835,99.62,99.675,100.01,96.81,97.81
2014-06-19,98.18,97.88,99.62,99.685,100.01,96.87,97.79
2014-06-20,98.06,97.88,99.615,99.675,99.99,96.85,97.77
2014-06-23,98.05,97.865,99.615,99.685,100.0,96.84,97.8
2014-06-24,98.09,97.89,99.615,99.68,99.98,96.88,97.79
2014-06-25,98.11,97.935,99.615,99.69,99.99,96.92,97.86
2014-06-26,98.13,97.995,99.615,99.695,100.0,96.91,97.88
2014-06-27,98.09,98.005,99.615,99.685,99.99,96.93,97.87
2014-06-30,98.12,98.025,99.615,99.7,99.99,96.92,97.84
2014-07-01,,97.995,99.615,99.705,99.99,96.89,97.81
2014-07-02,98.06,97.935,99.615,99.69,99.98,96.94,97.75
2014-07-03,98.06,97.875,99.615,99.685,99.98,96.98,97.765
2014-07-04,98.05,,99.615,99.695,99.99,96.96,97.76
2014-07-07,98.05,97.87,99.615,99.7,100.0,96.97,97.775
2014-07-08,98.09,97.915,99.615,99.705,100.01,96.96,97.845
2014-07-09,98.08,97.965,99.615,99.7,99.99,96.99,97.83
2014-07-10,98.08,97.98,99.615,99.71,100.0,97.03,97.86
2014-07-11,98.13,97.995,99.615,99.715,100.0,97.07,97.91
2014-07-14,98.14,97.955,99.615,99.71,99.98,97.05,97.92
2014-07-15,98.14,97.91,99.615,99.71,99.98,97.05,97.83
2014-07-16,98.17,97.885,99.615,99.71,99.99,97.08,97.86
2014-07-17,98.21,97.93,99.615,99.72,100.0,97.08,97.92
2014-07-18,98.21,97.91,99.615,99.705,100.01,97.11,97.93
2014-07-21,98.21,97.875,99.615,99.71,100.02,97.08,97.95
2014-07-22,98.21,97.905,99.615,99.695,100.01,97.06,97.92
2014-07-23,98.23,97.925,99.615,99.705,100.01,97.02,97.94
2014-07-24,98.21,97.87,99.615,99.685,99.99,96.99,97.89
2014-07-25,98.24,97.895,99.615,99.705,100.0,96.98,97.93
2014-07-28,98.23,97.865,99.615,99.695,100.0,97.0,97.92
2014-07-29,98.24,97.875,99.615,99.7,100.0,96.98,97.95
2014-07-30,98.18,97.79,99.615,99.69,99.99,97.02,97.9
2014-07-31,98.17,97.795,99.615,99.69,99.98,96.98,97.9
2014-08-01,98.23,97.895,99.615,99.695,99.99,96.96,97.965
2014-08-04,,97.935,99.615,99.695,99.99,96.96,97.99
2014-08-05,98.25,97.92,99.615,99.685,99.98,96.97,97.95
2014-08-06,98.25,97.935,99.615,99.705,100.01,96.91,97.98
2014-08-07,98.27,97.99,99.615,99.715,100.02,97.01,97.99
2014-08-08,98.29,97.97,99.615,99.715,100.03,97.11,98.025
2014-08-11,98.27,97.97,99.615,99.72,100.02,97.02,97.99
2014-08-12,98.23,97.99,99.615,99.72,100.03,97.02,97.99
2014-08-13,98.26,98.045,99.615,99.73,100.04,97.0,98.11
2014-08-14,98.27,98.055,99.615,99.735,100.04,97.07,98.16
2014-08-15,98.29,98.075,99.615,99.745,100.06,97.06,98.21
2014-08-18,98.28,98.045,99.615,99.74,100.03,97.1,98.15
2014-08-19,98.29,98.035,99.615,99.755,100.02,97.09,98.19
2014-08-20,98.25,97.98,99.615,99.75,100.03,97.05,98.145
2014-08-21,98.27,97.99,99.615,99.755,100.01,97.0,98.16
2014-08-22,98.25,97.95,99.615,99.76,100.02,97.0,98.15
2014-08-25,98.26,97.93,99.615,99.81,100.05,97.0,98.15
2014-08-26,98.24,97.95,99.615,99.79,100.05,97.05,98.18
2014-08-27,98.26,97.97,99.615,99.795,100.06,97.08,98.215
2014-08-28,98.27,97.985,99.615,99.785,100.06,97.07,98.21
2014-08-29,98.26,97.975,99.615,99.8,100.05,97.08,98.22
2014-09-01,,,99.615,99.82,100.05,97.08,98.225
2014-09-02,98.22,97.925,99.615,99.815,100.05,97.05,98.205
2014-09-03,98.23,97.94,99.615,99.805,100.05,96.99,98.19
2014-09-04,98.22,97.925,99.615,99.86,100.08,97.0,98.175
2014-09-05,98.25,97.97,99.615,99.855,100.09,96.97,98.225
2014-09-08,98.24,97.93,99.615,99.86,100.09,96.99,98.315
2014-09-09,98.19,97.865,99.615,99.855,100.08,96.9,98.28
2014-09-10,98.17,97.84,99.615,99.84,100.09,96.9,98.275
2014-09-11,98.19,97.84,99.615,99.85,100.09,96.87,98.26
2014-09-12,98.14,97.82,99.615,99.835,100.07,96.88,98.22
2014-09-15,98.17,97.84,99.615,99.85,100.07,96.86,98.23
2014-09-16,98.16,97.87,99.615,99.84,100.07,96.89,98.235
2014-09-17,98.15,97.81,99.615,99.85,100.09,96.87,98.2
2014-09-18,98.11,97.775,99.615,99.83,100.06,96.81,98.145
2014-09-19,98.1,97.78,99.615,99.84,100.08,96.8,98.105
2014-09-22,98.14,97.83,99.615,99.845,100.08,96.86,98.125
2014-09-23,98.2,97.86,99.615,99.835,100.08,96.94,98.14
2014-09-24,98.17,97.82,99.615,99.85,100.08,96.89,98.145
2014-09-25,98.21,97.86,99.615,99.86,100.07,96.94,98.17
2014-09-26,98.19,97.8,99.615,99.86,100.07,97.01,98.18
2014-09-29,98.21,97.815,99.615,99.855,100.07,97.02,98.19
2014-09-30,98.19,97.795,99.615,99.865,100.07,97.03,98.19
2014-10-01,98.23,97.88,99.615,99.875,100.09,97.02,98.27
2014-10-02,98.23,97.88,99.615,99.86,100.07,97.05,98.33
2014-10-03,98.21,97.82,99.615,99.845,100.06,97.03,98.27
2014-10-06,98.23,97.88,99.615,99.86,100.07,97.04,98.31
2014-10-07,98.27,97.955,99.615,99.865,100.06,97.05,98.37
2014-10-08,98.32,98.075,99.615,99.86,100.05,97.06,98.425
2014-10-09,98.3,98.07,99.665,99.855,100.06,97.12,98.43
2014-10-10,98.29,98.09,99.665,99.845,100.06,97.14,98.455
2014-10-13,,98.205,99.665,99.835,100.08,97.17,98.56
2014-10-14,98.41,98.23,99.67,99.845,100.08,97.18,98.63
2014-10-15,98.57,98.45,99.67,99.86,100.1,97.15,98.81
2014-10-16,98.52,98.385,99.67,99.82,100.09,97.22,98.68
2014-10-17,98.47,98.33,99.67,99.825,100.07,97.2,98.565
2014-10-20,98.5,98.37,99.67,99.835,100.09,97.14,98.59
2014-10-21,98.48,98.38,99.67,99.83,100.08,97.2,98.55
2014-10-22,98.46,98.35,99.67,99.825,100.08,97.17,98.56
2014-10-23,98.43,98.28,99.67,99.82,100.08,97.18,98.52
2014-10-24,98.42,98.285,99.67,99.82,100.08,97.17,98.55
2014-10-27,98.42,98.305,99.67,99.825,100.09,97.15,98.56
2014-10-28,98.4,98.29,99.67,99.825,100.09,97.19,98.56
2014-10-29,98.36,98.17,99.67,99.82,100.1,97.15,98.55
2014-10-30,98.36,98.21,99.67,99.835,100.11,97.13,98.55
2014-10-31,98.38,98.17,99.67,99.845,100.1,97.16,98.53
2014-11-03,98.43,98.15,99.67,99.845,100.09,97.21,98.48
2014-11-04,98.44,98.15,99.67,99.855,100.08,97.18,98.51
2014-11-05,98.39,98.135,99.67,99.855,100.08,97.2,98.5
2014-11-06,98.35,98.11,99.67,99.86,100.08,97.19,98.52
2014-11-07,98.36,98.19,99.67,99.865,100.09,97.12,98.56
2014-11-10,98.35,98.14,99.67,99.865,100.11,97.15,98.57
2014-11-11,,98.125,99.67,99.86,100.11,97.12,98.54
2014-11-12,98.36,98.145,99.67,99.865,100.12,97.09,98.61
2014-11-13,98.39,98.18,99.67,99.87,100.11,97.07,98.64
2014-11-14,98.39,98.205,99.67,99.865,100.11,97.09,98.68
2014-11-17,98.4,98.2,99.67,99.86,100.11,97.12,98.71
2014-11-18,98.41,98.225,99.67,99.845,100.11,97.15,98.7
2014-11-19,98.37,98.195,99.67,99.84,100.09,97.18,98.68
2014-11-20,98.38,98.22,99.67,99.855,100.11,97.19,98.72
2014-11-21,98.32,98.235,99.67,99.865,100.11,97.2,98.77
2014-11-24,98.33,98.245,99.67,99.87,100.1,97.22,98.75
2014-11-25,98.35,98.275,99.67,99.87,100.11,97.24,98.8
2014-11-26,98.36,98.285,99.67,99.865,100.1,97.29,98.82
2014-11-27,98.38,,99.67,99.865,100.1,97.28,98.85
2014-11-28,98.44,98.335,99.67,99.87,100.11,97.31,98.86
2014-12-01,98.43,98.32,99.67,99.86,100.11,97.36,98.88
2014-12-02,98.38,98.24,99.67,99.86,100.12,97.31,98.82
2014-12-03,98.37,98.2,99.67,99.87,100.11,97.4,98.78
2014-12-04,98.39,98.225,99.67,99.855,100.11,97.43,98.81
2014-12-05,98.33,98.08,99.67,99.85,100.11,97.47,98.73
2014-12-08,98.38,98.075,99.67,99.86,100.11,97.45,98.75
2014-12-09,98.37,98.115,99.67,99.855,100.11,97.5,98.8
2014-12-10,98.41,98.19,99.67,99.86,100.11,97.53,98.79
2014-12-11,98.39,98.14,99.67,99.865,100.11,97.55,98.8
2014-12-12,98.46,98.245,99.67,99.875,100.12,97.49,98.87
2014-12-15,98.46,98.185,99.67,99.88,100.12,97.52,98.86
2014-12-16,98.5,98.255,99.67,99.88,100.13,97.52,98.93
2014-12-17,98.44,98.175,99.67,99.88,100.14,97.57,98.92
2014-12-18,98.41,98.145,99.67,99.885,100.21,97.57,98.84
2014-12-19,98.4,98.12,99.67,99.89,100.25,97.54,98.84
2014-12-22,98.4,98.1,99.67,99.895,100.26,97.59,98.87
2014-12-23,98.34,98.04,99.67,99.895,100.27,97.58,98.85
2014-12-24,98.34,98.04,99.67,99.9,100.28,97.55,98.84
2014-12-25,,,99.67,,,,
2014-12-26,,98.045,99.67,99.9,100.28,,98.84
2014-12-29,98.36,98.095,99.67,99.91,100.3,97.57,98.89
2014-12-30,98.42,98.115,99.67,99.91,100.29,97.64,98.9
2014-12-31,98.41,98.13,99.67,99.92,100.28,97.66,98.92
2015-01-02,98.42,98.16,99.67,99.93,100.29,97.62,98.96
2015-01-05,98.47,98.19,99.67,99.93,100.3,97.68,98.99
2015-01-06,98.52,98.27,99.67,99.93,100.32,97.67,99.04
2015-01-07,98.52,98.295,99.67,99.93,100.37,97.71,99.03
2015-01-08,98.49,98.295,99.67,99.925,100.4,97.64,99.0
2015-01-09,98.56,98.365,99.67,99.93,100.39,97.66,99.05
2015-01-12,98.61,98.435,99.67,99.93,100.38,97.66,99.08
2015-01-13,98.64,98.475,99.67,99.935,100.39,97.7,99.06
2015-01-14,98.7,98.555,99.67,99.94,100.4,97.7,99.1
2015-01-15,98.8,98.64,99.67,99.98,100.61,97.62,99.12
2015-01-16,98.71,98.57,99.67,99.975,100.74,97.69,99.09
2015-01-19,98.73,,99.67,99.975,100.81,97.64,99.1
2015-01-20,98.72,98.54,99.67,99.955,100.8,97.61,99.06
2015-01-21,99.03,98.505,99.67,99.945,100.9,97.63,99.13
2015-01-22,99.03,98.46,99.74,99.965,100.98,97.67,99.1
2015-01-23,99.01,98.505,99.74,99.975,101.18,97.68,99.15
2015-01-26,99.05,98.475,99.74,99.95,100.95,97.72,99.08
2015-01-27,99.07,98.5,99.74,99.97,100.77,97.69,99.08
2015-01-28,99.14,98.585,99.72,99.97,100.78,97.65,99.07
2015-01-29,99.12,98.57,99.72,99.95,100.8,97.81,99.09
2015-01-30,99.2,98.655,99.715,99.935,100.8,97.84,99.12
2015-02-02,99.23,98.66,99.715,99.945,100.84,97.8,99.1
2015-02-03,99.18,98.565,99.715,99.96,100.83,97.93,99.06
2015-02-04,99.2,98.555,99.715,99.95,100.82,97.81,99.02
2015-02-05,99.19,98.545,99.71,99.945,100.86,97.84,99.0
2015-02-06,99.11,98.345,99.71,99.945,100.84,97.82,98.88
2015-02-09,99.11,98.32,99.71,99.94,100.92,97.77,98.9
2015-02-10,99.2,98.295,99.71,99.945,100.9,97.78,98.88
2015-02-11,99.2,98.305,99.705,99.945,100.94,97.79,98.89
2015-02-12,99.2,98.35,99.705,99.965,100.94,97.86,98.93
2015-02-13,99.18,98.335,99.705,99.965,100.92,97.87,98.96
2015-02-16,,,99.7,99.965,100.88,97.86,98.94
2015-02-17,99.12,98.245,99.7,99.96,100.85,97.87,98.92
2015-02-18,99.18,98.35,99.7,99.97,100.86,97.87,98.86
2015-02-19,99.16,98.31,99.7,99.97,100.86,97.93,98.89
2015-02-20,99.19,98.275,99.7,99.965,100.87,97.91,98.92
2015-02-23,99.22,98.325,99.7,99.975,100.83,97.9,98.92
2015-02-24,99.15,98.42,99.7,99.98,100.73,97.9,98.93
2015-02-25,99.15,98.41,99.7,99.99,100.74,97.91,98.95
2015-02-26,99.1,98.35,99.7,100.0,100.78,97.96,98.92
2015-02-27,99.14,98.385,99.7,99.995,100.83,98.0,98.89
2015-03-02,99.11,98.32,99.7,99.995,100.85,97.99,98.88
2015-03-03,99.13,98.29,99.7,99.99,100.82,97.96,98.85
2015-03-04,99.0,98.31,99.7,99.985,100.75,97.93,98.83
2015-03-05,98.99,98.35,99.7,99.98,100.63,97.92,98.84
2015-03-06,98.99,98.215,99.7,99.975,100.55,97.91,98.78
2015-03-09,99.01,98.25,99.7,99.985,100.65,97.85,98.79
2015-03-10,99.02,98.28,99.7,100.0,100.72,97.88,98.86
2015-03-11,99.02,98.28,99.7,100.01,100.78,97.91,98.86
2015-03-12,99.04,98.32,99.7,100.005,100.74,97.96,98.93
2015-03-13,99.06,98.325,99.7,100.0,100.74,97.93,98.97
2015-03-16,99.09,98.35,99.7,100.0,100.76,97.97,98.99
2015-03-17,99.09,98.335,99.7,99.985,100.76,97.93,98.97
2015-03-18,99.16,98.52,99.7,100.0,100.79,97.96,99.03
2015-03-19,99.16,98.46,99.7,100.0,100.72,98.02,99.1
2015-03-20,99.21,98.525,99.7,100.0,100.72,98.02,99.1
2015-03-23,99.23,98.525,99.7,99.99,100.75,98.03,99.13
2015-03-24,99.23,98.56,99.7,99.995,100.81,98.04,99.13
2015-03-25,99.2,98.535,99.695,100.0,100.79,98.07,99.15
2015-03-26,99.09,98.49,99.695,100.0,100.77,98.07,99.11
2015-03-27,99.15,98.555,99.695,99.995,100.76,98.06,99.14
2015-03-30,99.17,98.55,99.695,100.0,100.78,98.11,99.11
2015-03-31,99.15,98.595,99.695,100.01,100.8,98.15,99.12
2015-04-01,99.17,98.64,99.695,100.005,100.79,98.13,99.13
2015-04-02,99.17,98.63,99.695,99.995,100.81,98.15,99.11
2015-04-03,,98.725,99.695,,,98.14,
2015-04-06,99.15,98.695,99.695,99.995,100.81,,99.11
2015-04-07,99.14,98.66,99.695,100.0,100.81,98.06,99.11
2015-04-08,99.16,98.655,99.695,100.015,100.8,98.07,99.11
2015-04-09,99.15,98.61,99.695,100.015,100.79,98.06,99.11
2015-04-10,99.13,98.595,99.695,100.015,100.81,98.04,99.12
2015-04-13,99.12,98.63,99.695,100.015,100.83,98.09,99.11
2015-04-14,99.14,98.67,99.695,100.025,100.84,98.11,99.15
2015-04-15,99.07,98.69,99.695,100.02,100.87,98.13,99.13
2015-04-16,99.06,98.73,99.695,100.02,100.88,98.02,99.11
2015-04-17,99.01,98.72,99.695,100.01,100.9,98.0,99.1
2015-04-20,98.99,98.675,99.695,100.01,100.92,97.97,99.09
2015-04-21,98.98,98.66,99.695,100.015,100.88,97.98,99.09
2015-04-22,98.97,98.64,99.695,100.005,100.91,97.9,99.01
2015-04-23,98.97,98.67,99.695,100.01,100.88,97.87,99.02
2015-04-24,99.0,98.71,99.695,100.01,100.85,97.88,99.04
2015-04-27,98.98,98.695,99.695,100.01,100.85,97.92,99.02
2015-04-28,98.95,98.67,99.695,100.02,100.83,97.87,99.04
2015-04-29,98.95,98.665,99.695,100.0,100.78,97.87,99.01
2015-04-30,98.92,98.625,99.695,99.985,100.74,97.87,98.99
2015-05-01,98.89,98.575,99.695,99.96,100.81,97.9,98.99
2015-05-04,98.89,98.58,99.695,99.975,100.78,97.92,98.99
2015-05-05,98.91,98.525,99.695,99.97,100.77,97.86,98.94
2015-05-06,98.91,98.485,99.695,99.97,100.74,97.79,98.96
2015-05-07,98.92,98.48,99.695,99.975,100.74,97.77,98.99
2015-05-08,98.94,98.575,99.695,99.985,100.78,97.8,99.03
2015-05-11,98.89,98.51,99.695,99.975,100.78,97.82,98.98
2015-05-12,98.89,98.525,99.695,99.97,100.77,97.76,98.97
2015-05-13,98.9,98.57,99.695,99.965,100.75,97.81,99.0
2015-05-14,98.93,98.635,99.695,99.96,100.76,97.83,99.01
2015-05-15,98.97,98.665,99.695,99.965,100.78,97.89,99.05
2015-05-18,,98.61,99.695,99.96,100.79,97.9,99.03
2015-05-19,98.92,98.565,99.695,99.965,100.81,97.87,99.04
2015-05-20,98.93,98.605,99.695,99.975,100.79,97.85,99.03
2015-05-21,98.95,98.63,99.695,99.975,100.82,97.89,99.01
2015-05-22,98.94,98.565,99.695,99.97,100.82,97.89,99.02
2015-05-25,98.95,,99.695,99.965,100.84,97.9,99.02
2015-05-26,98.96,98.58,99.695,99.975,100.86,97.89,99.04
2015-05-27,98.98,98.58,99.695,99.98,100.85,97.89,99.05
2015-05-28,98.99,98.615,99.695,99.975,100.86,97.95,99.06
2015-05-29,99.07,98.64,99.695,99.975,100.89,98.01,99.09
2015-06-01,99.06,98.57,99.695,99.98,100.9,98.01,99.08
2015-06-02,99.05,98.55,99.695,99.965,100.86,97.94,99.06
2015-06-03,99.02,98.515,99.695,99.96,100.8,97.88,99.05
2015-06-04,99.05,98.55,99.695,99.955,100.8,97.89,99.06
2015-06-05,98.97,98.46,99.695,99.95,100.79,97.9,99.06
2015-06-08,98.99,98.505,99.695,99.935,100.81,97.87,99.08
2015-06-09,98.95,98.47,99.695,99.925,100.82,97.91,99.05
2015-06-10,98.92,98.435,99.695,99.93,100.83,97.9,99.02
2015-06-11,98.97,98.475,99.695,99.93,100.84,97.85,99.05
2015-06-12,98.98,98.455,99.695,99.92,100.87,97.88,99.06
2015-06-15,98.985,98.485,99.695,99.91,100.91,97.91,99.04
2015-06-16,99.01,98.515,99.695,99.915,100.91,97.91,99.05
2015-06-17,99.01,98.56,99.695,99.92,100.93,97.91,98.98
2015-06-18,98.995,98.58,99.69,99.935,100.91,97.97,99.0
2015-06-19,99.03,98.64,99.69,99.94,100.94,98.0,99.01
2015-06-22,99.015,98.595,99.685,99.96,100.91,97.94,98.97
2015-06-23,99.01,98.565,99.685,99.965,100.89,97.88,98.94
2015-06-24,99.03,98.595,99.685,99.965,100.89,97.89,98.89
2015-06-25,99.025,98.585,99.685,99.97,100.89,97.87,98.9
2015-06-26,99.0,98.545,99.685,99.965,100.9,97.87,98.89
2015-06-29,99.07,98.64,99.685,99.965,100.96,97.9,98.96
2015-06-30,99.165,98.63,99.685,99.965,100.99,97.87,98.98
2015-07-01,,98.565,99.685,99.97,100.95,97.89,98.95
2015-07-02,99.175,98.63,99.685,99.98,100.95,97.86,98.99
2015-07-03,99.19,,99.655,99.975,100.96,97.9,99.01
2015-07-06,99.21,98.71,99.655,99.975,100.98,97.97,99.04
2015-07-07,99.21,98.74,99.655,99.98,101.02,97.95,99.1
2015-07-08,99.24,98.785,99.655,99.99,100.98,98.01,99.08
2015-07-09,99.22,98.735,99.655,99.99,100.94,97.97,99.06
2015-07-10,99.185,98.635,99.655,99.975,100.88,97.92,99.03
2015-07-13,99.225,98.625,99.655,100.0,100.88,97.93,98.99
2015-07-14,99.245,98.665,99.655,100.005,100.88,97.9,98.97
2015-07-15,99.305,98.7,99.655,100.005,100.89,97.9,98.94
2015-07-16,99.3,98.66,99.655,100.0,100.87,97.94,98.96
2015-07-17,99.295,98.635,99.655,100.005,100.85,97.93,98.93
2015-07-20,99.305,98.595,99.655,100.0,100.84,97.92,98.95
2015-07-21,99.31,98.62,99.655,100.0,100.82,97.93,98.96
2015-07-22,99.305,98.6,99.655,100.005,100.83,97.95,98.94
2015-07-23,99.305,98.625,99.655,100.0,100.82,97.97,98.95
2015-07-24,99.305,98.655,99.655,100.0,100.83,98.01,98.97
2015-07-27,99.31,98.7,99.665,99.995,100.84,98.03,98.99
2015-07-28,99.305,98.69,99.665,100.005,100.83,98.0,99.0
2015-07-29,99.29,98.67,99.665,100.01,100.82,98.0,98.99
2015-07-30,99.3,98.635,99.665,100.01,100.83,97.97,98.97
2015-07-31,99.355,98.71,99.665,100.015,100.84,97.99,99.03
2015-08-03,,98.73,99.665,100.02,100.86,98.01,99.01
2015-08-04,99.36,98.65,99.665,100.02,100.84,97.97,99.02
2015-08-05,99.34,98.625,99.665,100.015,100.82,97.93,98.96
2015-08-06,99.325,98.655,99.665,100.01,100.82,97.93,99.0
2015-08-07,99.32,98.645,99.665,100.02,100.82,97.93,99.01
2015-08-10,99.3,98.635,99.665,100.02,100.78,97.95,99.0
2015-08-11,99.335,98.72,99.665,100.025,100.81,97.95,99.05
2015-08-12,99.335,98.745,99.665,100.025,100.83,98.01,99.08
2015-08-13,99.345,98.69,99.665,100.025,100.82,97.98,99.06
2015-08-14,99.355,98.67,99.665,100.025,100.81,97.96,99.05
2015-08-17,99.365,98.705,99.665,100.025,100.81,97.96,99.08
2015-08-18,99.35,98.7,99.665,100.025,100.82,97.98,99.05
2015-08-19,99.39,98.78,99.665,100.025,100.82,97.99,99.06
2015-08-20,99.405,98.775,99.665,100.03,100.82,98.03,99.1
2015-08-21,99.425,98.845,99.665,100.03,100.82,98.08,99.13
2015-08-24,99.45,98.94,99.665,100.02,100.83,98.19,99.17
2015-08-25,99.415,98.865,99.665,100.015,100.79,98.14,99.15
2015-08-26,99.415,98.91,99.665,100.02,100.8,98.15,99.16
2015-08-27,99.4,98.89,99.665,100.02,100.79,98.15,99.15
2015-08-28,99.375,98.83,99.665,100.02,100.78,98.14,99.15
2015-08-31,99.365,98.81,99.665,100.02,100.77,98.17,
2015-09-01,99.36,98.88,99.665,100.025,100.75,98.17,99.12
2015-09-02,99.38,98.875,99.665,100.025,100.77,98.14,99.14
2015-09-03,99.365,98.9,99.665,100.035,100.77,98.15,99.15
2015-09-04,99.345,98.91,99.665,100.035,100.77,98.18,99.17
2015-09-07,,,99.665,100.035,100.78,98.14,99.17
2015-09-08,99.345,98.875,99.665,100.035,100.77,98.12,99.16
2015-09-09,99.335,98.88,99.665,100.03,100.76,98.07,99.14
2015-09-10,99.34,98.875,99.665,100.035,100.75,98.08,99.14
2015-09-11,99.345,98.905,99.665,100.035,100.74,98.06,99.16
2015-09-14,99.35,98.89,99.665,100.04,100.75,98.08,99.15
2015-09-15,99.31,98.83,99.665,100.035,100.75,98.09,99.14
2015-09-16,99.28,98.825,99.665,100.035,100.76,98.05,99.11
2015-09-17,99.31,98.945,99.665,100.03,100.74,98.03,99.11
2015-09-18,99.345,98.975,99.665,100.04,100.78,98.04,99.2
2015-09-21,99.295,98.94,99.665,100.045,100.78,98.06,99.19
2015-09-22,99.315,99.0,99.665,100.07,100.8,98.05,99.26
2015-09-23,99.295,98.99,99.665,100.06,100.79,98.07,99.24
2015-09-24,99.295,99.015,99.665,100.06,100.79,98.1,99.29
2015-09-25,99.27,98.995,99.665,100.05,100.78,98.08,99.25
2015-09-28,99.285,99.04,99.665,100.06,100.79,98.08,99.27
2015-09-29,99.295,99.07,99.665,100.065,100.79,98.12,99.28
2015-09-30,99.275,99.055,99.665,100.065,100.8,98.15,99.28
2015-10-01,99.265,99.045,99.665,100.075,100.81,98.15,99.27
2015-10-02,99.27,99.14,99.665,100.085,100.81,98.16,99.32
2015-10-05,99.27,99.095,99.665,100.075,100.81,98.24,99.29
2015-10-06,99.28,99.105,99.665,100.065,100.79,98.17,99.29
2015-10-07,99.265,99.085,99.665,100.06,100.8,98.15,99.25
2015-10-08,99.25,99.08,99.665,100.06,100.78,98.19,99.27
2015-10-09,99.235,99.06,99.665,100.06,100.78,98.14,99.26
2015-10-12,,99.065,99.665,100.06,100.78,98.11,99.27
2015-10-13,99.25,99.1,99.665,100.07,100.78,98.13,99.29
2015-10-14,99.27,99.2,99.665,100.075,100.79,98.2,99.32
2015-10-15,99.26,99.145,99.665,100.08,100.8,98.21,99.31
2015-10-16,99.26,99.125,99.665,100.09,100.83,98.24,99.3
2015-10-19,99.275,99.145,99.665,100.09,100.82,98.23,99.3
2015-10-20,99.245,99.115,99.665,100.075,100.82,98.19,99.29
2015-10-21,99.25,99.125,99.665,100.08,100.83,98.16,99.3
2015-10-22,99.255,99.15,99.665,100.135,100.88,98.18,99.32
2015-10-23,99.25,99.095,99.665,100.15,100.9,98.2,99.3
2015-10-26,99.26,99.11,99.665,100.16,100.92,98.16,99.31
2015-10-27,99.285,99.135,99.665,100.17,100.94,98.16,99.32
2015-10-28,99.24,99.04,99.665,100.18,100.93,98.23,99.31
2015-10-29,99.22,98.995,99.665,100.155,100.9,98.2,99.24
2015-10-30,99.205,98.99,99.665,100.15,100.9,98.19,99.26
2015-11-02,99.2,98.965,,100.15,100.89,98.19,99.24
2015-11-03,99.185,98.96,,100.16,100.9,98.11,99.23
2015-11-04,99.175,98.92,,100.16,100.92,98.1,99.2
2015-11-05,99.18,98.925,,100.17,100.95,98.08,99.25
2015-11-06,99.145,98.84,,100.145,100.97,98.06,99.21
2015-11-09,99.155,98.865,,100.17,101.0,98.0,99.24
2015-11-10,99.165,98.89,,100.195,101.04,97.99,99.26
2015-11-11,,98.855,,100.205,101.04,98.01,99.25
2015-11-12,99.185,98.865,,100.205,101.05,97.92,99.27
2015-11-13,99.21,98.91,,100.205,101.06,97.9,99.29
2015-11-16,99.21,98.925,,100.205,101.05,97.93,99.3
2015-11-17,99.2,98.915,,100.21,101.07,97.9,99.29
2015-11-18,99.185,98.91,,100.205,101.06,97.92,99.28
2015-11-19,99.2,98.915,,100.21,101.05,97.89,99.29
2015-11-20,99.2,98.905,,100.23,101.07,97.91,99.31
2015-11-23,99.195,98.88,,100.235,101.06,97.88,99.31
2015-11-24,99.195,98.88,,100.215,101.05,97.89,99.31
2015-11-25,99.185,98.885,,100.245,101.06,97.89,99.32
2015-11-26,99.18,,,100.245,101.06,97.92,99.31
2015-11-27,99.18,98.895,,100.255,101.08,97.9,99.32
2015-11-30,99.185,98.885,,100.25,101.1,97.89,99.33
2015-12-01,99.205,98.91,,100.27,101.13,97.88,99.33
2015-12-02,99.175,98.87,,100.27,101.09,97.88,99.32
2015-12-03,99.145,98.845,,100.13,100.92,97.86,99.28
2015-12-04,99.16,98.85,,100.14,100.91,97.83,99.27
2015-12-07,99.185,98.85,,100.165,100.94,97.82,99.28
2015-12-08,99.215,98.84,,100.175,100.93,97.86,99.28
2015-12-09,99.245,98.88,,100.165,100.92,97.86,99.28
2015-12-10,99.235,98.855,,100.17,100.85,97.78,99.28
2015-12-11,99.29,98.92,,100.175,100.83,97.81,99.29
2015-12-14,99.28,98.9,,100.18,100.83,97.83,99.28
2015-12-15,99.265,98.88,,100.18,100.8,97.86,99.26
2015-12-16,99.225,98.84,,100.18,100.81,97.84,99.27
2015-12-17,99.235,98.825,,100.185,100.81,97.84,99.27
2015-12-18,99.255,98.835,,100.19,100.81,97.86,99.28
2015-12-21,99.25,98.835,,100.185,100.81,97.85,99.29
2015-12-22,99.225,98.82,,100.175,100.79,97.83,99.29
2015-12-23,99.245,98.815,,100.175,100.78,97.83,99.29
2015-12-24,99.255,98.805,,100.175,100.78,97.82,99.28
2015-12-28,,98.795,,100.18,100.78,,99.28
2015-12-29,99.24,98.75,,100.185,100.77,97.84,99.27
2015-12-30,99.24,98.755,,100.185,100.77,97.84,99.26
2015-12-31,99.24,98.77,,100.18,100.76,97.85,99.26
2016-01-04,99.245,98.79,,100.19,100.78,97.87,99.29
2016-01-05,99.265,98.81,,100.205,100.79,97.86,99.31
2016-01-06,99.325,98.87,,100.215,100.8,97.86,99.33
2016-01-07,99.34,98.925,,100.215,100.79,97.88,99.35
2016-01-08,99.33,98.94,,100.22,100.81,97.86,99.36
2016-01-11,99.375,98.97,,100.22,100.81,97.88,99.36
2016-01-12,99.405,98.99,,100.22,100.81,97.88,99.37
2016-01-13,99.43,99.0,,100.215,100.82,97.89,99.36
2016-01-14,99.44,99.025,,100.21,100.82,97.9,99.37
2016-01-15,99.465,99.095,,100.215,100.84,97.93,99.4
2016-01-18,99.45,,,100.22,100.84,97.96,99.4
2016-01-19,99.45,99.075,,100.215,100.83,97.96,99.4
2016-01-20,99.36,99.12,,100.23,100.84,97.99,99.41
2016-01-21,99.315,99.115,,100.26,100.86,97.96,99.41
2016-01-22,99.32,99.075,,100.265,100.87,97.95,99.4
2016-01-25,99.34,99.08,,100.275,100.87,97.97,99.41
2016-01-26,99.32,99.11,,100.28,100.85,97.98,99.4
2016-01-27,99.33,99.1,,100.27,100.81,97.92,99.41
2016-01-28,99.335,99.13,,100.27,100.81,97.89,99.41
2016-01-29,99.33,99.185,,100.31,100.84,97.92,99.44
2016-02-01,99.33,99.15,,100.3,100.81,97.91,99.43
2016-02-02,99.355,99.215,,100.305,100.81,97.9,99.44
2016-02-03,99.335,99.24,,100.315,100.83,97.93,99.44
2016-02-04,99.33,99.24,,100.305,100.8,97.89,99.43
2016-02-05,99.34,99.205,,100.305,100.8,97.89,99.42
2016-02-08,99.36,99.255,,100.265,100.82,97.87,99.41
2016-02-09,99.345,99.25,,100.275,100.86,97.92,99.42
2016-02-10,99.32,99.26,,100.285,100.84,97.9,99.41
2016-02-11,99.325,99.315,,100.29,100.9,97.91,99.47
2016-02-12,99.265,99.255,,100.275,100.86,97.89,99.43
2016-02-15,,,,100.285,100.87,97.87,99.42
2016-02-16,99.245,99.25,,100.285,100.87,97.87,99.42
2016-02-17,99.245,99.22,,100.29,100.86,97.87,99.4
2016-02-18,99.265,99.235,,100.3,100.87,97.88,99.41
2016-02-19,99.25,99.205,,100.31,100.87,97.91,99.4
2016-02-22,99.245,99.2,,100.295,100.89,97.89,99.39
2016-02-23,99.22,99.21,,100.285,100.91,97.89,99.39
2016-02-24,99.205,99.22,,100.275,100.93,97.9,99.41
2016-02-25,99.19,99.25,,100.29,100.93,97.91,99.41
2016-02-26,99.18,99.165,,100.305,100.91,97.94,99.4
2016-02-29,99.18,99.165,,100.32,100.92,97.91,99.4
2016-03-01,99.16,99.12,,100.305,100.9,97.91,99.41
