FirstDate,SecondDate,CreditLabel,Horizon,TotalPnL,MarketShiftPnL,RollDownPnL,AccrualPnL,ExplainedPnL,UnexplainedPnL,FixedCoupon,FirstFairPremium,SecondFairPremium,RollDownFairPremium,CleanFixedDV01
20-SEP-2012, 21-SEP-2012, CDX.NA.IG.S19, 1,-00.9657, -01.2383,  0.0000,  0.2778, -00.9605, -0.0051,  100.00,  96.1250,  96.3750,  96.1252,  4.9540
21-SEP-2012, 24-SEP-2012, CDX.NA.IG.S19, 1,-09.7068, -10.5131,  0.0000,  0.8333, -09.6798, -0.0271,  100.00,  96.3750,  98.5000,  96.3756,  4.9526
24-SEP-2012, 25-SEP-2012, CDX.NA.IG.S19, 1,-20.0761, -20.3607,  0.0000,  0.2778, -20.0830,  0.0069,  100.00,  98.5000,  102.6250,  98.5002,  4.9421
25-SEP-2012, 26-SEP-2012, CDX.NA.IG.S19, 1, 02.4359,  02.1540,  0.0000,  0.2778,  02.4317,  0.0042,  100.00,  102.6250,  102.1880,  102.6252,  4.9298
26-SEP-2012, 27-SEP-2012, CDX.NA.IG.S19, 1, 18.4564,  18.1806,  0.0000,  0.2778,  18.4584, -0.0020,  100.00,  102.1880,  98.5010,  102.1882,  4.9281
27-SEP-2012, 28-SEP-2012, CDX.NA.IG.S19, 1,-02.1842, -02.4620,  0.0000,  0.2778, -02.1843,  0.0001,  100.00,  98.5010,  99.0000,  98.5012,  4.9339
28-SEP-2012, 01-OCT-2012, CDX.NA.IG.S19, 1, 04.5241,  03.6984,  0.0000,  0.8333,  04.5317, -0.0077,  100.00,  99.0000,  98.2500,  99.0007,  4.9340
01-OCT-2012, 02-OCT-2012, CDX.NA.IG.S19, 1, 00.2727,  00.0000,  0.0000,  0.2778,  00.2778, -0.0050,  100.00,  98.2500,  98.2500,  98.2502,  4.9284
02-OCT-2012, 03-OCT-2012, CDX.NA.IG.S19, 1, 10.7604,  10.4711,  0.0000,  0.2778,  10.7489,  0.0115,  100.00,  98.2500,  96.1250,  98.2502,  4.9255
03-OCT-2012, 04-OCT-2012, CDX.NA.IG.S19, 1, 05.4974,  05.2336,  0.0000,  0.2778,  05.5114, -0.0140,  100.00,  96.1250,  95.0630,  96.1252,  4.9296
04-OCT-2012, 05-OCT-2012, CDX.NA.IG.S19, 1, 00.5531,  00.3101,  0.0000,  0.2778,  00.5879, -0.0348,  100.00,  95.0630,  95.0000,  95.0632,  4.9265
05-OCT-2012, 09-OCT-2012, CDX.NA.IG.S19, 1,-13.0606, -14.1243,  0.0000,  1.1111, -13.0132, -0.0474,  100.00,  95.0000,  97.8750,  95.0010,  4.9194
09-OCT-2012, 10-OCT-2012, CDX.NA.IG.S19, 1,-05.2453, -05.5173,  0.0000,  0.2778, -05.2396, -0.0057,  100.00,  97.8750,  99.0000,  97.8752,  4.9061
10-OCT-2012, 11-OCT-2012, CDX.NA.IG.S19, 1, 08.8588,  08.5799,  0.0000,  0.2778,  08.8576,  0.0011,  100.00,  99.0000,  97.2500,  99.0003,  4.9025
11-OCT-2012, 12-OCT-2012, CDX.NA.IG.S19, 1, 01.4977,  01.2255,  0.0000,  0.2778,  01.5033, -0.0056,  100.00,  97.2500,  97.0000,  97.2502,  4.9031
12-OCT-2012, 15-OCT-2012, CDX.NA.IG.S19, 1, 07.5556,  06.7364,  0.0000,  0.8333,  07.5697, -0.0141,  100.00,  97.0000,  95.6250,  97.0008,  4.9011
15-OCT-2012, 16-OCT-2012, CDX.NA.IG.S19, 1, 15.6069,  15.3092,  0.0000,  0.2778,  15.5870,  0.0199,  100.00,  95.6250,  92.5000,  95.6252,  4.8973
16-OCT-2012, 17-OCT-2012, CDX.NA.IG.S19, 1, 13.1007,  12.8588,  0.0000,  0.2778,  13.1366, -0.0359,  100.00,  92.5000,  89.8750,  92.5002,  4.9006
17-OCT-2012, 18-OCT-2012, CDX.NA.IG.S19, 1,-04.9832, -05.2018,  0.0000,  0.2778, -04.9240, -0.0592,  100.00,  89.8750,  90.9380,  89.8752,  4.8966
18-OCT-2012, 19-OCT-2012, CDX.NA.IG.S19, 1,-13.5092, -13.7438,  0.0000,  0.2778, -13.4660, -0.0432,  100.00,  90.9380,  93.7500,  90.9382,  4.8904
19-OCT-2012, 22-OCT-2012, CDX.NA.IG.S19, 1,-00.4527, -01.2198,  0.0000,  0.8333, -00.3865, -0.0662,  100.00,  93.7500,  94.0000,  93.7508,  4.8847
22-OCT-2012, 23-OCT-2012, CDX.NA.IG.S19, 1,-13.7521, -14.0045,  0.0000,  0.2778, -13.7268, -0.0253,  100.00,  94.0000,  96.8750,  94.0003,  4.8739
23-OCT-2012, 24-OCT-2012, CDX.NA.IG.S19, 1,-07.8943, -08.1597,  0.0000,  0.2778, -07.8820, -0.0124,  100.00,  96.8750,  98.5520,  96.8753,  4.8684
24-OCT-2012, 25-OCT-2012, CDX.NA.IG.S19, 1, 01.7338,  01.4675,  0.0000,  0.2778,  01.7453, -0.0115,  100.00,  98.5520,  98.2500,  98.5523,  4.8630
25-OCT-2012, 26-OCT-2012, CDX.NA.IG.S19, 1, 01.1672,  00.8840,  0.0000,  0.2778,  01.1618,  0.0054,  100.00,  98.2500,  98.0680,  98.2503,  4.8558
26-OCT-2012, 29-OCT-2012, CDX.NA.IG.S19, 1,-12.1899, -13.0171,  0.0000,  0.8333, -12.1837, -0.0062,  100.00,  98.0680,  100.7500,  98.0689,  4.8587
29-OCT-2012, 31-OCT-2012, CDX.NA.IG.S19, 1, 05.7039,  05.1480,  0.0000,  0.5556,  05.7035,  0.0004,  100.00,  100.7500,  99.6880,  100.7506,  4.8483
31-OCT-2012, 01-NOV-2012, CDX.NA.IG.S19, 1, 16.9574,  16.6705,  0.0000,  0.2778,  16.9483,  0.0092,  100.00,  99.6880,  96.2500,  99.6883,  4.8466
01-NOV-2012, 02-NOV-2012, CDX.NA.IG.S19, 1,-05.1886, -05.4556,  0.0000,  0.2778, -05.1779, -0.0108,  100.00,  96.2500,  97.3750,  96.2503,  4.8511
02-NOV-2012, 05-NOV-2012, CDX.NA.IG.S19, 1, 03.3144,  02.4953,  0.0000,  0.8333,  03.3287, -0.0142,  100.00,  97.3750,  96.8600,  97.3759,  4.8478
05-NOV-2012, 06-NOV-2012, CDX.NA.IG.S19, 1, 03.7959,  03.5424,  0.0000,  0.2778,  03.8202, -0.0243,  100.00,  96.8600,  96.1280,  96.8603,  4.8428
06-NOV-2012, 07-NOV-2012, CDX.NA.IG.S19, 1,-19.5051, -19.7762,  0.0000,  0.2778, -19.4984, -0.0067,  100.00,  96.1280,  100.2190,  96.1283,  4.8359
07-NOV-2012, 08-NOV-2012, CDX.NA.IG.S19, 1,-19.4665, -19.7622,  0.0000,  0.2778, -19.4844,  0.0179,  100.00,  100.2190,  104.3120,  100.2193,  4.8322
08-NOV-2012, 09-NOV-2012, CDX.NA.IG.S19, 1,-11.3120, -11.6398,  0.0000,  0.2778, -11.3620,  0.0501,  100.00,  104.3120,  106.7270,  104.3123,  4.8243
09-NOV-2012, 13-NOV-2012, CDX.NA.IG.S19, 1, 00.4605, -00.7120,  0.0000,  1.1111,  00.3991,  0.0614,  100.00,  106.7270,  106.8750,  106.7285,  4.8153
13-NOV-2012, 14-NOV-2012, CDX.NA.IG.S19, 1,-07.4904, -07.8061,  0.0000,  0.2778, -07.5284,  0.0379,  100.00,  106.8750,  108.5000,  106.8754,  4.8062
14-NOV-2012, 15-NOV-2012, CDX.NA.IG.S19, 1,-12.3794, -12.7410,  0.0000,  0.2778, -12.4632,  0.0838,  100.00,  108.5000,  111.1560,  108.5004,  4.8013
15-NOV-2012, 16-NOV-2012, CDX.NA.IG.S19, 1, 07.0093,  06.7392,  0.0000,  0.2778,  07.0169, -0.0076,  100.00,  111.1560,  109.7500,  111.1564,  4.7928
16-NOV-2012, 19-NOV-2012, CDX.NA.IG.S19, 1, 33.1742,  32.3736,  0.0000,  0.8333,  33.2069, -0.0328,  100.00,  109.7500,  103.0000,  109.7512,  4.7935
19-NOV-2012, 20-NOV-2012, CDX.NA.IG.S19, 1, 07.4781,  07.1968,  0.0000,  0.2778,  07.4746,  0.0036,  100.00,  103.0000,  101.5000,  103.0004,  4.7987
20-NOV-2012, 21-NOV-2012, CDX.NA.IG.S19, 1, 05.0756,  04.7964,  0.0000,  0.2778,  05.0741,  0.0014,  100.00,  101.5000,  100.5000,  101.5004,  4.7971
21-NOV-2012, 23-NOV-2012, CDX.NA.IG.S19, 1, 07.1473,  06.5922,  0.0000,  0.5556,  07.1478, -0.0005,  100.00,  100.5000,  99.1250,  100.5007,  4.7956
23-NOV-2012, 26-NOV-2012, CDX.NA.IG.S19, 1,-06.9475, -07.7802,  0.0000,  0.8333, -06.9468, -0.0007,  100.00,  99.1250,  100.7500,  99.1261,  4.7930
26-NOV-2012, 27-NOV-2012, CDX.NA.IG.S19, 1,-06.8891, -07.1715,  0.0000,  0.2778, -06.8937,  0.0046,  100.00,  100.7500,  102.2500,  100.7504,  4.7826
27-NOV-2012, 28-NOV-2012, CDX.NA.IG.S19, 1, 06.8479,  06.5731,  0.0000,  0.2778,  06.8509, -0.0030,  100.00,  102.2500,  100.8750,  102.2504,  4.7795
28-NOV-2012, 29-NOV-2012, CDX.NA.IG.S19, 1, 08.0489,  07.7713,  0.0000,  0.2778,  08.0491, -0.0001,  100.00,  100.8750,  99.2500,  100.8754,  4.7814
29-NOV-2012, 30-NOV-2012, CDX.NA.IG.S19, 1, 03.5634,  03.2860,  0.0000,  0.2778,  03.5638, -0.0004,  100.00,  99.2500,  98.5630,  99.2504,  4.7833
30-NOV-2012, 03-DEC-2012, CDX.NA.IG.S19, 1,-05.4433, -06.2680,  0.0000,  0.8333, -05.4346, -0.0086,  100.00,  98.5630,  99.8750,  98.5641,  4.7829
03-DEC-2012, 04-DEC-2012, CDX.NA.IG.S19, 1,-02.4078, -02.6859,  0.0000,  0.2778, -02.4082,  0.0004,  100.00,  99.8750,  100.4380,  99.8754,  4.7719
04-DEC-2012, 05-DEC-2012, CDX.NA.IG.S19, 1, 12.8067,  12.5254,  0.0000,  0.2778,  12.8032,  0.0035,  100.00,  100.4380,  97.8130,  100.4384,  4.7696
05-DEC-2012, 06-DEC-2012, CDX.NA.IG.S19, 1, 01.8884,  01.6133,  0.0000,  0.2778,  01.8911, -0.0026,  100.00,  97.8130,  97.4750,  97.8134,  4.7736
06-DEC-2012, 07-DEC-2012, CDX.NA.IG.S19, 1, 03.1346,  02.8628,  0.0000,  0.2778,  03.1406, -0.0060,  100.00,  97.4750,  96.8750,  97.4754,  4.7725
07-DEC-2012, 10-DEC-2012, CDX.NA.IG.S19, 1, 07.7693,  06.9521,  0.0000,  0.8333,  07.7855, -0.0161,  100.00,  96.8750,  95.4170,  96.8761,  4.7704
10-DEC-2012, 11-DEC-2012, CDX.NA.IG.S19, 1, 09.0217,  08.7416,  0.0000,  0.2778,  09.0193,  0.0024,  100.00,  95.4170,  93.5830,  95.4174,  4.7662
11-DEC-2012, 12-DEC-2012, CDX.NA.IG.S19, 1, 01.2471,  00.9911,  0.0000,  0.2778,  01.2689, -0.0218,  100.00,  93.5830,  93.3750,  93.5834,  4.7666
12-DEC-2012, 13-DEC-2012, CDX.NA.IG.S19, 1,-04.8291, -05.0592,  0.0000,  0.2778, -04.7814, -0.0476,  100.00,  93.3750,  94.4380,  93.3754,  4.7633
13-DEC-2012, 14-DEC-2012, CDX.NA.IG.S19, 1,-02.5613, -02.8239,  0.0000,  0.2778, -02.5461, -0.0152,  100.00,  94.4380,  95.0320,  94.4384,  4.7555
14-DEC-2012, 17-DEC-2012, CDX.NA.IG.S19, 1, 15.7911,  14.9949,  0.0000,  0.8333,  15.8282, -0.0372,  100.00,  95.0320,  91.8750,  95.0331,  4.7526
17-DEC-2012, 18-DEC-2012, CDX.NA.IG.S19, 1, 13.3364,  13.0545,  0.0000,  0.2778,  13.3323,  0.0041,  100.00,  91.8750,  89.1250,  91.8754,  4.7469
18-DEC-2012, 19-DEC-2012, CDX.NA.IG.S19, 1,-03.0264, -03.2649,  0.0000,  0.2778, -02.9871, -0.0393,  100.00,  89.1250,  89.8130,  89.1253,  4.7473
19-DEC-2012, 20-DEC-2012, CDX.NA.IG.S19, 1, 05.9115,  05.6353,  0.0000,  0.2778,  05.9131, -0.0016,  100.00,  89.8130,  88.6250,  89.8133,  4.7436
20-DEC-2012, 21-DEC-2012, CDX.NA.IG.S19, 1,-18.7641, -18.9552,  0.0000,  0.2778, -18.6775, -0.0867,  100.00,  88.6250,  92.6250,  88.6258,  4.7434
21-DEC-2012, 24-DEC-2012, CDX.NA.IG.S19, 1,-03.6562, -04.4219,  0.0000,  0.8333, -03.5886, -0.0676,  100.00,  92.6250,  93.5600,  92.6275,  4.7342
24-DEC-2012, 26-DEC-2012, CDX.NA.IG.S19, 1,-06.2894, -06.7971,  0.0000,  0.5556, -06.2416, -0.0478,  100.00,  93.5600,  95.0000,  93.5617,  4.7244
26-DEC-2012, 27-DEC-2012, CDX.NA.IG.S19, 1, 01.4535,  01.1789,  0.0000,  0.2778,  01.4567, -0.0032,  100.00,  95.0000,  94.7500,  95.0008,  4.7160
27-DEC-2012, 28-DEC-2012, CDX.NA.IG.S19, 1,-28.0061, -28.2579,  0.0000,  0.2778, -27.9802, -0.0259,  100.00,  94.7500,  100.7500,  94.7509,  4.7154
28-DEC-2012, 31-DEC-2012, CDX.NA.IG.S19, 1, 32.0149,  31.1736,  0.0000,  0.8333,  32.0069,  0.0080,  100.00,  100.7500,  94.1250,  100.7527,  4.7039
31-DEC-2012, 02-JAN-2013, CDX.NA.IG.S19, 1, 43.6949,  43.0085,  0.0000,  0.5556,  43.5641,  0.1308,  100.00,  94.1250,  85.0000,  94.1267,  4.7070
02-JAN-2013, 03-JAN-2013, CDX.NA.IG.S19, 1,-02.7818, -02.9473,  0.0000,  0.2778, -02.6695, -0.1123,  100.00,  85.0000,  85.6250,  85.0008,  4.7195
03-JAN-2013, 04-JAN-2013, CDX.NA.IG.S19, 1, 00.2490, -00.0000,  0.0000,  0.2778,  00.2778, -0.0288,  100.00,  85.6250,  85.6250,  85.6258,  4.7119
04-JAN-2013, 07-JAN-2013, CDX.NA.IG.S19, 1, 03.8478,  03.0973,  0.0000,  0.8333,  03.9306, -0.0827,  100.00,  85.6250,  84.9670,  85.6274,  4.7099
07-JAN-2013, 08-JAN-2013, CDX.NA.IG.S19, 1,-02.8437, -03.0948,  0.0000,  0.2778, -02.8170, -0.0267,  100.00,  84.9670,  85.6250,  84.9678,  4.7043
08-JAN-2013, 09-JAN-2013, CDX.NA.IG.S19, 1,-04.9744, -05.2086,  0.0000,  0.2778, -04.9308, -0.0436,  100.00,  85.6250,  86.7330,  85.6258,  4.7024
09-JAN-2013, 10-JAN-2013, CDX.NA.IG.S19, 1, 03.0757,  02.8559,  0.0000,  0.2778,  03.1336, -0.0580,  100.00,  86.7330,  86.1250,  86.7338,  4.6993
10-JAN-2013, 11-JAN-2013, CDX.NA.IG.S19, 1,-04.9058, -05.1343,  0.0000,  0.2778, -04.8565, -0.0493,  100.00,  86.1250,  87.2190,  86.1258,  4.6950
11-JAN-2013, 14-JAN-2013, CDX.NA.IG.S19, 1,-10.2717, -10.9842,  0.0000,  0.8333, -10.1509, -0.1208,  100.00,  87.2190,  89.5630,  87.2215,  4.6913
14-JAN-2013, 15-JAN-2013, CDX.NA.IG.S19, 1, 04.6742,  04.3909,  0.0000,  0.2778,  04.6687,  0.0055,  100.00,  89.5630,  88.6250,  89.5638,  4.6809
15-JAN-2013, 16-JAN-2013, CDX.NA.IG.S19, 1,-00.3291, -00.5851,  0.0000,  0.2778, -00.3073, -0.0219,  100.00,  88.6250,  88.7500,  88.6258,  4.6814
16-JAN-2013, 17-JAN-2013, CDX.NA.IG.S19, 1, 06.0513,  05.8456,  0.0000,  0.2778,  06.1233, -0.0721,  100.00,  88.7500,  87.5000,  88.7508,  4.6795
17-JAN-2013, 18-JAN-2013, CDX.NA.IG.S19, 1, 01.7142,  01.4348,  0.0000,  0.2778,  01.7125,  0.0017,  100.00,  87.5000,  87.1930,  87.5008,  4.6734
18-JAN-2013, 22-JAN-2013, CDX.NA.IG.S19, 1, 05.4125,  04.4035,  0.0000,  1.1111,  05.5146, -0.1022,  100.00,  87.1930,  86.2500,  87.1964,  4.6735
22-JAN-2013, 23-JAN-2013, CDX.NA.IG.S19, 1,-01.5010, -01.7493,  0.0000,  0.2778, -01.4715, -0.0295,  100.00,  86.2500,  86.6250,  86.2508,  4.6658
23-JAN-2013, 24-JAN-2013, CDX.NA.IG.S19, 1, 00.9531,  00.7272,  0.0000,  0.2778,  01.0050, -0.0519,  100.00,  86.6250,  86.4690,  86.6258,  4.6637
24-JAN-2013, 25-JAN-2013, CDX.NA.IG.S19, 1, 07.5742,  07.3944,  0.0000,  0.2778,  07.6721, -0.0980,  100.00,  86.4690,  84.8810,  86.4698,  4.6598
25-JAN-2013, 28-JAN-2013, CDX.NA.IG.S19, 1,-03.5770, -04.2525,  0.0000,  0.8333, -03.4192, -0.1578,  100.00,  84.8810,  85.7960,  84.8835,  4.6530
28-JAN-2013, 29-JAN-2013, CDX.NA.IG.S19, 1,-01.3050, -01.5266,  0.0000,  0.2778, -01.2489, -0.0561,  100.00,  85.7960,  86.1250,  85.7968,  4.6422
29-JAN-2013, 30-JAN-2013, CDX.NA.IG.S19, 1,-19.5185, -19.6939,  0.0000,  0.2778, -19.4161, -0.1024,  100.00,  86.1250,  90.3750,  86.1259,  4.6382
30-JAN-2013, 31-JAN-2013, CDX.NA.IG.S19, 1, 07.6553,  07.3793,  0.0000,  0.2778,  07.6571, -0.0018,  100.00,  90.3750,  88.7810,  90.3759,  4.6295
31-JAN-2013, 01-FEB-2013, CDX.NA.IG.S19, 1, 12.6084,  12.2989,  0.0000,  0.2778,  12.5766,  0.0318,  100.00,  88.7810,  86.1250,  88.7819,  4.6293
01-FEB-2013, 04-FEB-2013, CDX.NA.IG.S19, 1,-18.3968, -19.0802,  0.0000,  0.8333, -18.2469, -0.1499,  100.00,  86.1250,  90.2500,  86.1276,  4.6319
04-FEB-2013, 05-FEB-2013, CDX.NA.IG.S19, 1, 08.3427,  08.0821,  0.0000,  0.2778,  08.3599, -0.0172,  100.00,  90.2500,  88.5000,  90.2509,  4.6192
05-FEB-2013, 06-FEB-2013, CDX.NA.IG.S19, 1,-04.3520, -04.6170,  0.0000,  0.2778, -04.3392, -0.0128,  100.00,  88.5000,  89.5000,  88.5009,  4.6175
06-FEB-2013, 07-FEB-2013, CDX.NA.IG.S19, 1,-01.5230, -01.7769,  0.0000,  0.2778, -01.4991, -0.0240,  100.00,  89.5000,  89.8850,  89.5009,  4.6164
07-FEB-2013, 08-FEB-2013, CDX.NA.IG.S19, 1, 02.0385,  01.7761,  0.0000,  0.2778,  02.0539, -0.0154,  100.00,  89.8850,  89.5000,  89.8859,  4.6141
08-FEB-2013, 11-FEB-2013, CDX.NA.IG.S19, 1, 00.4434, -00.2903,  0.0000,  0.8333,  00.5430, -0.0997,  100.00,  89.5000,  89.5630,  89.5027,  4.6126
11-FEB-2013, 12-FEB-2013, CDX.NA.IG.S19, 1, 10.9341,  10.6477,  0.0000,  0.2778,  10.9255,  0.0086,  100.00,  89.5630,  87.2500,  89.5639,  4.6030
12-FEB-2013, 13-FEB-2013, CDX.NA.IG.S19, 1, 05.9932,  05.7530,  0.0000,  0.2778,  06.0308, -0.0375,  100.00,  87.2500,  86.0000,  87.2509,  4.6038
13-FEB-2013, 14-FEB-2013, CDX.NA.IG.S19, 1, 00.2927, -00.0000,  0.0000,  0.2778,  00.2778,  0.0150,  100.00,  86.0000,  86.0000,  86.0009,  4.6010
14-FEB-2013, 15-FEB-2013, CDX.NA.IG.S19, 1,-01.6674, -01.8860,  0.0000,  0.2778, -01.6082, -0.0592,  100.00,  86.0000,  86.4100,  86.0009,  4.6020
15-FEB-2013, 19-FEB-2013, CDX.NA.IG.S19, 1, 06.0194,  05.0387,  0.0000,  1.1111,  06.1498, -0.1304,  100.00,  86.4100,  85.3130,  86.4136,  4.5978
19-FEB-2013, 20-FEB-2013, CDX.NA.IG.S19, 1,-09.8163, -10.0300,  0.0000,  0.2778, -09.7522, -0.0641,  100.00,  85.3130,  87.5000,  85.3139,  4.5885
20-FEB-2013, 21-FEB-2013, CDX.NA.IG.S19, 1,-03.9385, -04.1933,  0.0000,  0.2778, -03.9155, -0.0230,  100.00,  87.5000,  88.4150,  87.5009,  4.5838
21-FEB-2013, 22-FEB-2013, CDX.NA.IG.S19, 1, 10.0894,  09.7804,  0.0000,  0.2778,  10.0582,  0.0312,  100.00,  88.4150,  86.2810,  88.4159,  4.5819
22-FEB-2013, 25-FEB-2013, CDX.NA.IG.S19, 1,-17.4663, -18.1742,  0.0000,  0.8333, -17.3408, -0.1254,  100.00,  86.2810,  90.2500,  86.2837,  4.5844
25-FEB-2013, 26-FEB-2013, CDX.NA.IG.S19, 1, 03.6876,  03.4295,  0.0000,  0.2778,  03.7073, -0.0197,  100.00,  90.2500,  89.5000,  90.2510,  4.5737
26-FEB-2013, 27-FEB-2013, CDX.NA.IG.S19, 1, 10.2892,  09.9995,  0.0000,  0.2778,  10.2773,  0.0119,  100.00,  89.5000,  87.3130,  89.5010,  4.5717
27-FEB-2013, 28-FEB-2013, CDX.NA.IG.S19, 1,-02.8877, -03.1408,  0.0000,  0.2778, -02.8630, -0.0246,  100.00,  87.3130,  88.0000,  87.3139,  4.5728
28-FEB-2013, 01-MAR-2013, CDX.NA.IG.S19, 1, 08.0162,  07.7126,  0.0000,  0.2778,  07.9904,  0.0258,  100.00,  88.0000,  86.3130,  88.0009,  4.5708
01-MAR-2013, 04-MAR-2013, CDX.NA.IG.S19, 1, 08.4701,  07.7100,  0.0000,  0.8333,  08.5434, -0.0733,  100.00,  86.3130,  84.6260,  86.3158,  4.5728
04-MAR-2013, 05-MAR-2013, CDX.NA.IG.S19, 1, 06.5417,  06.2843,  0.0000,  0.2778,  06.5621, -0.0204,  100.00,  84.6260,  83.2500,  84.6269,  4.5677
05-MAR-2013, 06-MAR-2013, CDX.NA.IG.S19, 1,-02.0852, -02.2820,  0.0000,  0.2778, -02.0042, -0.0810,  100.00,  83.2500,  83.7500,  83.2509,  4.5665
06-MAR-2013, 07-MAR-2013, CDX.NA.IG.S19, 1, 05.3453,  05.1297,  0.0000,  0.2778,  05.4075, -0.0621,  100.00,  83.7500,  82.6250,  83.7509,  4.5616
07-MAR-2013, 08-MAR-2013, CDX.NA.IG.S19, 1, 09.9548,  09.6850,  0.0000,  0.2778,  09.9628, -0.0080,  100.00,  82.6250,  80.5000,  82.6259,  4.5579
08-MAR-2013, 11-MAR-2013, CDX.NA.IG.S19, 1, 06.4089,  05.6931,  0.0000,  0.8333,  06.5265, -0.1176,  100.00,  80.5000,  79.2500,  80.5026,  4.5574
11-MAR-2013, 12-MAR-2013, CDX.NA.IG.S19, 1,-01.6701, -01.9205,  0.0000,  0.2778, -01.6427, -0.0274,  100.00,  79.2500,  79.6720,  79.2509,  4.5516
12-MAR-2013, 13-MAR-2013, CDX.NA.IG.S19, 1, 03.2950,  03.0571,  0.0000,  0.2778,  03.3349, -0.0399,  100.00,  79.6720,  79.0000,  79.6729,  4.5503
13-MAR-2013, 14-MAR-2013, CDX.NA.IG.S19, 1, 03.0805,  02.8376,  0.0000,  0.2778,  03.1154, -0.0349,  100.00,  79.0000,  78.3760,  79.0009,  4.5483
14-MAR-2013, 15-MAR-2013, CDX.NA.IG.S19, 1,-01.2759, -01.5412,  0.0000,  0.2778, -01.2634, -0.0124,  100.00,  78.3760,  78.7150,  78.3769,  4.5467
15-MAR-2013, 18-MAR-2013, CDX.NA.IG.S19, 1,-06.3334, -06.9709,  0.0000,  0.8333, -06.1376, -0.1958,  100.00,  78.7150,  80.2500,  78.7176,  4.5461
18-MAR-2013, 19-MAR-2013, CDX.NA.IG.S19, 1,-06.6599, -06.8230,  0.0000,  0.2778, -06.5452, -0.1147,  100.00,  80.2500,  81.7550,  80.2509,  4.5366
19-MAR-2013, 20-MAR-2013, CDX.NA.IG.S19, 1, 07.3611,  07.0987,  0.0000,  0.2778,  07.3765, -0.0153,  100.00,  81.7550,  80.1880,  81.7559,  4.5305
20-MAR-2013, 21-MAR-2013, CDX.NA.IG.S19, 1,-08.8847, -09.0536,  0.0000,  0.2778, -08.7759, -0.1089,  100.00,  80.1880,  82.1880,  80.1877,  4.5297
21-MAR-2013, 22-MAR-2013, CDX.NA.IG.S19, 1, 04.8707,  04.6182,  0.0000,  0.2778,  04.8960, -0.0254,  100.00,  82.1880,  81.1670,  82.1877,  4.5239
22-MAR-2013, 25-MAR-2013, CDX.NA.IG.S19, 1,-03.3854, -04.0619,  0.0000,  0.8333, -03.2286, -0.1568,  100.00,  81.1670,  82.0660,  81.1661,  4.5225
25-MAR-2013, 26-MAR-2013, CDX.NA.IG.S19, 1, 04.0832,  03.8274,  0.0000,  0.2778,  04.1052, -0.0220,  100.00,  82.0660,  81.2180,  82.0657,  4.5140
26-MAR-2013, 27-MAR-2013, CDX.NA.IG.S19, 1,-08.9549, -09.1663,  0.0000,  0.2778, -08.8885, -0.0664,  100.00,  81.2180,  83.2500,  81.2177,  4.5128
27-MAR-2013, 28-MAR-2013, CDX.NA.IG.S19, 1, 08.5714,  08.2794,  0.0000,  0.2778,  08.5572,  0.0142,  100.00,  83.2500,  81.4140,  83.2497,  4.5091
28-MAR-2013, 01-APR-2013, CDX.NA.IG.S19, 1, 03.8342,  02.8703,  0.0000,  1.1111,  03.9814, -0.1473,  100.00,  81.4140,  80.7770,  81.4128,  4.5099
01-APR-2013, 02-APR-2013, CDX.NA.IG.S19, 1, 11.1188,  10.8155,  0.0000,  0.2778,  11.0933,  0.0255,  100.00,  80.7770,  78.3750,  80.7767,  4.5021
02-APR-2013, 03-APR-2013, CDX.NA.IG.S19, 1,-07.3743, -07.5995,  0.0000,  0.2778, -07.3217, -0.0526,  100.00,  78.3750,  80.0630,  78.3747,  4.5033
03-APR-2013, 04-APR-2013, CDX.NA.IG.S19, 1, 06.5013,  06.1897,  0.0000,  0.2778,  06.4675,  0.0337,  100.00,  80.0630,  78.6880,  80.0627,  4.5008
04-APR-2013, 05-APR-2013, CDX.NA.IG.S19, 1, 04.3632,  04.0793,  0.0000,  0.2778,  04.3571,  0.0061,  100.00,  78.6880,  77.7820,  78.6877,  4.5024
05-APR-2013, 08-APR-2013, CDX.NA.IG.S19, 1, 08.1546,  07.4562,  0.0000,  0.8333,  08.2895, -0.1349,  100.00,  77.7820,  76.1250,  77.7812,  4.5027
08-APR-2013, 09-APR-2013, CDX.NA.IG.S19, 1, 04.0373,  03.7638,  0.0000,  0.2778,  04.0416, -0.0043,  100.00,  76.1250,  75.2880,  76.1247,  4.4969
09-APR-2013, 10-APR-2013, CDX.NA.IG.S19, 1, 12.6748,  12.3675,  0.0000,  0.2778,  12.6453,  0.0295,  100.00,  75.2880,  72.5380,  75.2877,  4.4967
10-APR-2013, 11-APR-2013, CDX.NA.IG.S19, 1, 01.9460,  01.6955,  0.0000,  0.2778,  01.9733, -0.0273,  100.00,  72.5380,  72.1610,  72.5377,  4.4978
11-APR-2013, 12-APR-2013, CDX.NA.IG.S19, 1,-02.4234, -02.6481,  0.0000,  0.2778, -02.3703, -0.0531,  100.00,  72.1610,  72.7500,  72.1607,  4.4968
12-APR-2013, 15-APR-2013, CDX.NA.IG.S19, 1,-14.4916, -15.0104,  0.0000,  0.8333, -14.1771, -0.3145,  100.00,  72.7500,  76.0940,  72.7493,  4.4949
15-APR-2013, 16-APR-2013, CDX.NA.IG.S19, 1, 15.0990,  14.7649,  0.0000,  0.2778,  15.0427,  0.0563,  100.00,  76.0940,  72.8010,  76.0937,  4.4826
16-APR-2013, 17-APR-2013, CDX.NA.IG.S19, 1,-07.9937, -08.1306,  0.0000,  0.2778, -07.8528, -0.1409,  100.00,  72.8010,  74.6150,  72.8008,  4.4848
17-APR-2013, 18-APR-2013, CDX.NA.IG.S19, 1,-04.0622, -04.2447,  0.0000,  0.2778, -03.9669, -0.0952,  100.00,  74.6150,  75.5630,  74.6147,  4.4795
18-APR-2013, 19-APR-2013, CDX.NA.IG.S19, 1, 06.4780,  06.2249,  0.0000,  0.2778,  06.5027, -0.0247,  100.00,  75.5630,  74.1720,  75.5627,  4.4756
19-APR-2013, 22-APR-2013, CDX.NA.IG.S19, 1, 08.0814,  07.3401,  0.0000,  0.8333,  08.1734, -0.0920,  100.00,  74.1720,  72.5310,  74.1713,  4.4747
22-APR-2013, 23-APR-2013, CDX.NA.IG.S19, 1, 08.5180,  08.2404,  0.0000,  0.2778,  08.5182, -0.0002,  100.00,  72.5310,  70.6880,  72.5308,  4.4712
23-APR-2013, 24-APR-2013, CDX.NA.IG.S19, 1, 00.5149,  00.2816,  0.0000,  0.2778,  00.5594, -0.0445,  100.00,  70.6880,  70.6250,  70.6878,  4.4712
24-APR-2013, 25-APR-2013, CDX.NA.IG.S19, 1, 06.1296,  05.8640,  0.0000,  0.2778,  06.1417, -0.0121,  100.00,  70.6250,  69.3130,  70.6248,  4.4697
25-APR-2013, 26-APR-2013, CDX.NA.IG.S19, 1, 03.5287,  03.2492,  0.0000,  0.2778,  03.5270,  0.0017,  100.00,  69.3130,  68.5860,  69.3128,  4.4693
26-APR-2013, 29-APR-2013, CDX.NA.IG.S19, 1, 08.3549,  07.6307,  0.0000,  0.8333,  08.4641, -0.1092,  100.00,  68.5860,  66.8780,  68.5853,  4.4693
29-APR-2013, 30-APR-2013, CDX.NA.IG.S19, 1, 06.2164,  05.9616,  0.0000,  0.2778,  06.2394, -0.0230,  100.00,  66.8780,  65.5430,  66.8778,  4.4660
30-APR-2013, 01-MAY-2013, CDX.NA.IG.S19, 1,-12.1337, -12.2226,  0.0000,  0.2778, -11.9448, -0.1890,  100.00,  65.5430,  68.2820,  65.5428,  4.4653
01-MAY-2013, 02-MAY-2013, CDX.NA.IG.S19, 1, 15.8838,  15.4769,  0.0000,  0.2778,  15.7547,  0.1291,  100.00,  68.2820,  64.8130,  68.2818,  4.4596
02-MAY-2013, 03-MAY-2013, CDX.NA.IG.S19, 1, 11.6170,  11.4363,  0.0000,  0.2778,  11.7141, -0.0971,  100.00,  64.8130,  62.2500,  64.8128,  4.4634
03-MAY-2013, 06-MAY-2013, CDX.NA.IG.S19, 1, 04.1693,  03.6015,  0.0000,  0.8333,  04.4348, -0.2655,  100.00,  62.2500,  61.4420,  62.2494,  4.4608
06-MAY-2013, 07-MAY-2013, CDX.NA.IG.S19, 1, 06.3777,  06.1411,  0.0000,  0.2778,  06.4188, -0.0411,  100.00,  61.4420,  60.0630,  61.4418,  4.4538
07-MAY-2013, 08-MAY-2013, CDX.NA.IG.S19, 1,-00.6000, -00.8013,  0.0000,  0.2778, -00.5235, -0.0764,  100.00,  60.0630,  60.2430,  60.0628,  4.4527
08-MAY-2013, 09-MAY-2013, CDX.NA.IG.S19, 1,-08.9875, -09.0199,  0.0000,  0.2778, -08.7421, -0.2454,  100.00,  60.2430,  62.2710,  60.2428,  4.4508
09-MAY-2013, 10-MAY-2013, CDX.NA.IG.S19, 1,-05.0596, -05.0445,  0.0000,  0.2778, -04.7667, -0.2929,  100.00,  62.2710,  63.4070,  62.2708,  4.4445
10-MAY-2013, 13-MAY-2013, CDX.NA.IG.S19, 1,-05.9231, -06.3586,  0.0000,  0.8333, -05.5253, -0.3979,  100.00,  63.4070,  64.8420,  63.4064,  4.4366
13-MAY-2013, 14-MAY-2013, CDX.NA.IG.S19, 1, 03.6088,  03.4462,  0.0000,  0.2778,  03.7240, -0.1152,  100.00,  64.8420,  64.0630,  64.8418,  4.4255
14-MAY-2013, 15-MAY-2013, CDX.NA.IG.S19, 1, 05.6491,  05.3252,  0.0000,  0.2778,  05.6030,  0.0462,  100.00,  64.0630,  62.8590,  64.0628,  4.4223
15-MAY-2013, 16-MAY-2013, CDX.NA.IG.S19, 1, 00.0582, -00.2123,  0.0000,  0.2778,  00.0655, -0.0072,  100.00,  62.8590,  62.9070,  62.8588,  4.4235
16-MAY-2013, 17-MAY-2013, CDX.NA.IG.S19, 1, 04.5658,  04.4216,  0.0000,  0.2778,  04.6994, -0.1335,  100.00,  62.9070,  61.9070,  62.9068,  4.4234
17-MAY-2013, 20-MAY-2013, CDX.NA.IG.S19, 1,-01.1440, -01.6558,  0.0000,  0.8333, -00.8225, -0.3215,  100.00,  61.9070,  62.2820,  61.9064,  4.4198
20-MAY-2013, 21-MAY-2013, CDX.NA.IG.S19, 1, 04.2849,  04.0011,  0.0000,  0.2778,  04.2789,  0.0060,  100.00,  62.2820,  61.3750,  62.2818,  4.4113
21-MAY-2013, 22-MAY-2013, CDX.NA.IG.S19, 1,-06.4151, -06.3369,  0.0000,  0.2778, -06.0592, -0.3559,  100.00,  61.3750,  62.8130,  61.3748,  4.4115
22-MAY-2013, 23-MAY-2013, CDX.NA.IG.S19, 1,-07.0613, -07.1491,  0.0000,  0.2778, -06.8714, -0.1899,  100.00,  62.8130,  64.4380,  62.8128,  4.4021
23-MAY-2013, 24-MAY-2013, CDX.NA.IG.S19, 1,-10.9711, -10.9825,  0.0000,  0.2778, -10.7047, -0.2664,  100.00,  64.4380,  66.9380,  64.4378,  4.3969
24-MAY-2013, 28-MAY-2013, CDX.NA.IG.S19, 1, 00.1384, -00.2715,  0.0000,  1.1111,  00.8396, -0.7012,  100.00,  66.9380,  67.0000,  66.9372,  4.3891
28-MAY-2013, 29-MAY-2013, CDX.NA.IG.S19, 1,-04.1334, -04.3672,  0.0000,  0.2778, -04.0894, -0.0440,  100.00,  67.0000,  68.0000,  66.9998,  4.3679
29-MAY-2013, 30-MAY-2013, CDX.NA.IG.S19, 1, 03.5089,  03.2744,  0.0000,  0.2778,  03.5522, -0.0433,  100.00,  68.0000,  67.2500,  67.9998,  4.3665
30-MAY-2013, 31-MAY-2013, CDX.NA.IG.S19, 1,-12.2343, -12.2683,  0.0000,  0.2778, -11.9905, -0.2437,  100.00,  67.2500,  70.0630,  67.2498,  4.3652
31-MAY-2013, 03-JUN-2013, CDX.NA.IG.S19, 1, 02.2455,  01.6327,  0.0000,  0.8333,  02.4660, -0.2205,  100.00,  70.0630,  69.6880,  70.0624,  4.3574
03-JUN-2013, 04-JUN-2013, CDX.NA.IG.S19, 1,-12.7440, -12.7630,  0.0000,  0.2778, -12.4852, -0.2588,  100.00,  69.6880,  72.6250,  69.6878,  4.3501
04-JUN-2013, 05-JUN-2013, CDX.NA.IG.S19, 1,-16.7025, -16.8087,  0.0000,  0.2778, -16.5310, -0.1715,  100.00,  72.6250,  76.5000,  72.6248,  4.3411
05-JUN-2013, 06-JUN-2013, CDX.NA.IG.S19, 1, 07.8690,  07.5854,  0.0000,  0.2778,  07.8631,  0.0058,  100.00,  76.5000,  74.7500,  76.4998,  4.3344
06-JUN-2013, 07-JUN-2013, CDX.NA.IG.S19, 1, 12.3729,  12.1842,  0.0000,  0.2778,  12.4620, -0.0891,  100.00,  74.7500,  71.9380,  74.7498,  4.3346
07-JUN-2013, 10-JUN-2013, CDX.NA.IG.S19, 1,-11.1666, -11.6235,  0.0000,  0.8333, -10.7902, -0.3764,  100.00,  71.9380,  74.6260,  71.9374,  4.3313
10-JUN-2013, 11-JUN-2013, CDX.NA.IG.S19, 1,-06.5914, -06.7527,  0.0000,  0.2778, -06.4749, -0.1165,  100.00,  74.6260,  76.1910,  74.6258,  4.3172
11-JUN-2013, 12-JUN-2013, CDX.NA.IG.S19, 1,-07.9341, -08.0670,  0.0000,  0.2778, -07.7892, -0.1450,  100.00,  76.1910,  78.0630,  76.1908,  4.3124
12-JUN-2013, 13-JUN-2013, CDX.NA.IG.S19, 1, 23.5541,  22.9171,  0.0000,  0.2778,  23.1949,  0.3592,  100.00,  78.0630,  72.7500,  78.0628,  4.3061
13-JUN-2013, 14-JUN-2013, CDX.NA.IG.S19, 1,-07.1084, -07.2903,  0.0000,  0.2778, -07.0125, -0.0959,  100.00,  72.7500,  74.4380,  72.7498,  4.3207
14-JUN-2013, 17-JUN-2013, CDX.NA.IG.S19, 1, 07.6981,  07.0108,  0.0000,  0.8333,  07.8441, -0.1460,  100.00,  74.4380,  72.8130,  74.4374,  4.3171
17-JUN-2013, 18-JUN-2013, CDX.NA.IG.S19, 1, 01.3018,  01.0776,  0.0000,  0.2778,  01.3554, -0.0536,  100.00,  72.8130,  72.5630,  72.8128,  4.3115
18-JUN-2013, 19-JUN-2013, CDX.NA.IG.S19, 1,-25.2931, -24.9769,  0.0000,  0.2778, -24.6991, -0.5940,  100.00,  72.5630,  78.3750,  72.5628,  4.3096
19-JUN-2013, 20-JUN-2013, CDX.NA.IG.S19, 1,-21.6719, -21.6582,  0.0000,  0.2778, -21.3804, -0.2915,  100.00,  78.3750,  83.4380,  78.3748,  4.2854
20-JUN-2013, 21-JUN-2013, CDX.NA.IG.S19, 1,-03.1126, -03.1981,  0.0000,  0.2778, -02.9203, -0.1922,  100.00,  83.4380,  84.1880,  83.4377,  4.2701
21-JUN-2013, 24-JUN-2013, CDX.NA.IG.S19, 1,-13.0379, -13.6863,  0.0000,  0.8333, -12.8529, -0.1850,  100.00,  84.1880,  87.4070,  84.1870,  4.2582
24-JUN-2013, 25-JUN-2013, CDX.NA.IG.S19, 1, 24.6490,  24.2928,  0.0000,  0.2778,  24.5706,  0.0784,  100.00,  87.4070,  81.6880,  87.4067,  4.2452
25-JUN-2013, 26-JUN-2013, CDX.NA.IG.S19, 1, 18.4410,  17.9536,  0.0000,  0.2778,  18.2313,  0.2096,  100.00,  81.6880,  77.4690,  81.6877,  4.2503
26-JUN-2013, 27-JUN-2013, CDX.NA.IG.S19, 1, 08.2593,  07.8612,  0.0000,  0.2778,  08.1389,  0.1203,  100.00,  77.4690,  75.6250,  77.4687,  4.2605
27-JUN-2013, 28-JUN-2013, CDX.NA.IG.S19, 1,-05.1862, -05.3285,  0.0000,  0.2778, -05.0507, -0.1355,  100.00,  75.6250,  76.8750,  75.6247,  4.2657
28-JUN-2013, 01-JUL-2013, CDX.NA.IG.S19, 1, 12.4717,  11.7108,  0.0000,  0.8333,  12.5442, -0.0724,  100.00,  76.8750,  74.1250,  76.8741,  4.2600
01-JUL-2013, 02-JUL-2013, CDX.NA.IG.S19, 1,-04.9751, -05.1398,  0.0000,  0.2778, -04.8620, -0.1131,  100.00,  74.1250,  75.3330,  74.1247,  4.2570
02-JUL-2013, 03-JUL-2013, CDX.NA.IG.S19, 1, 02.8800,  02.7411,  0.0000,  0.2778,  03.0189, -0.1389,  100.00,  75.3330,  74.6880,  75.3327,  4.2525
03-JUL-2013, 05-JUL-2013, CDX.NA.IG.S19, 1,-07.0185, -07.1500,  0.0000,  0.5556, -06.5945, -0.4240,  100.00,  74.6880,  76.3750,  74.6874,  4.2470
05-JUL-2013, 08-JUL-2013, CDX.NA.IG.S19, 1, 18.3364,  17.3300,  0.0000,  0.8333,  18.1633,  0.1731,  100.00,  76.3750,  72.2810,  76.3741,  4.2296
08-JUL-2013, 09-JUL-2013, CDX.NA.IG.S19, 1, 04.6565,  04.3638,  0.0000,  0.2778,  04.6415,  0.0149,  100.00,  72.2810,  71.2510,  72.2807,  4.2364
09-JUL-2013, 10-JUL-2013, CDX.NA.IG.S19, 1, 01.2992,  00.9958,  0.0000,  0.2778,  01.2736,  0.0256,  100.00,  71.2510,  71.0160,  71.2507,  4.2369
10-JUL-2013, 11-JUL-2013, CDX.NA.IG.S19, 1, 14.0508,  13.5836,  0.0000,  0.2778,  13.8614,  0.1894,  100.00,  71.0160,  67.8130,  71.0157,  4.2378
11-JUL-2013, 12-JUL-2013, CDX.NA.IG.S19, 1, 02.7643,  02.6509,  0.0000,  0.2778,  02.9287, -0.1644,  100.00,  67.8130,  67.1880,  67.8127,  4.2440
12-JUL-2013, 15-JUL-2013, CDX.NA.IG.S19, 1, 03.6363,  02.9152,  0.0000,  0.8333,  03.7486, -0.1123,  100.00,  67.1880,  66.5000,  67.1872,  4.2389
15-JUL-2013, 16-JUL-2013, CDX.NA.IG.S19, 1,-04.0478, -04.2342,  0.0000,  0.2778, -03.9564, -0.0914,  100.00,  66.5000,  67.5000,  66.4997,  4.2356
16-JUL-2013, 17-JUL-2013, CDX.NA.IG.S19, 1, 08.9056,  08.4662,  0.0000,  0.2778,  08.7439,  0.1616,  100.00,  67.5000,  65.5010,  67.4997,  4.2328
17-JUL-2013, 18-JUL-2013, CDX.NA.IG.S19, 1, 07.7504,  07.4875,  0.0000,  0.2778,  07.7653, -0.0149,  100.00,  65.5010,  63.7340,  65.5008,  4.2376
18-JUL-2013, 19-JUL-2013, CDX.NA.IG.S19, 1, 07.1443,  06.8187,  0.0000,  0.2778,  07.0965,  0.0478,  100.00,  63.7340,  62.1250,  63.7338,  4.2372
19-JUL-2013, 22-JUL-2013, CDX.NA.IG.S19, 1, 00.0057, -00.5293,  0.0000,  0.8333,  00.3040, -0.2984,  100.00,  62.1250,  62.2500,  62.1243,  4.2385
22-JUL-2013, 23-JUL-2013, CDX.NA.IG.S19, 1,-10.8197, -10.8337,  0.0000,  0.2778, -10.5559, -0.2638,  100.00,  62.2500,  64.8130,  62.2498,  4.2306
23-JUL-2013, 24-JUL-2013, CDX.NA.IG.S19, 1,-04.8914, -04.8730,  0.0000,  0.2778, -04.5953, -0.2961,  100.00,  64.8130,  65.9680,  64.8128,  4.2234
24-JUL-2013, 25-JUL-2013, CDX.NA.IG.S19, 1, 00.3030,  00.0000,  0.0000,  0.2778,  00.2778,  0.0252,  100.00,  65.9680,  65.9680,  65.9678,  4.2148
25-JUL-2013, 26-JUL-2013, CDX.NA.IG.S19, 1, 08.3327,  08.0312,  0.0000,  0.2778,  08.3090,  0.0237,  100.00,  65.9680,  64.0630,  65.9678,  4.2155
26-JUL-2013, 29-JUL-2013, CDX.NA.IG.S19, 1,-06.6523, -07.1079,  0.0000,  0.8333, -06.2746, -0.3778,  100.00,  64.0630,  65.7510,  64.0623,  4.2162
29-JUL-2013, 30-JUL-2013, CDX.NA.IG.S19, 1, 01.7854,  01.5767,  0.0000,  0.2778,  01.8544, -0.0691,  100.00,  65.7510,  65.3760,  65.7508,  4.2055
30-JUL-2013, 31-JUL-2013, CDX.NA.IG.S19, 1, 04.1913,  03.9424,  0.0000,  0.2778,  04.2202, -0.0289,  100.00,  65.3760,  64.4380,  65.3758,  4.2034
31-JUL-2013, 01-AUG-2013, CDX.NA.IG.S19, 1, 02.5241,  02.4985,  0.0000,  0.2778,  02.7762, -0.2521,  100.00,  64.4380,  63.8430,  64.4378,  4.2026
01-AUG-2013, 02-AUG-2013, CDX.NA.IG.S19, 1, 07.2242,  06.6891,  0.0000,  0.2778,  06.9669,  0.2573,  100.00,  63.8430,  62.2500,  63.8428,  4.1956
02-AUG-2013, 05-AUG-2013, CDX.NA.IG.S19, 1,-00.0209, -00.5037,  0.0000,  0.8333,  00.3296, -0.3505,  100.00,  62.2500,  62.3700,  62.2493,  4.2026
05-AUG-2013, 06-AUG-2013, CDX.NA.IG.S19, 1,-07.0296, -07.0943,  0.0000,  0.2778, -06.8165, -0.2131,  100.00,  62.3700,  64.0630,  62.3698,  4.1933
06-AUG-2013, 07-AUG-2013, CDX.NA.IG.S19, 1,-07.5393, -07.6718,  0.0000,  0.2778, -07.3940, -0.1453,  100.00,  64.0630,  65.8960,  64.0628,  4.1875
07-AUG-2013, 08-AUG-2013, CDX.NA.IG.S19, 1, 04.8191,  04.5554,  0.0000,  0.2778,  04.8332, -0.0141,  100.00,  65.8960,  64.8070,  65.8958,  4.1833
08-AUG-2013, 09-AUG-2013, CDX.NA.IG.S19, 1,-00.3467, -00.5478,  0.0000,  0.2778, -00.2700, -0.0767,  100.00,  64.8070,  64.9380,  64.8068,  4.1829
09-AUG-2013, 12-AUG-2013, CDX.NA.IG.S19, 1,-00.9371, -01.4365,  0.0000,  0.8333, -00.6032, -0.3339,  100.00,  64.9380,  65.2820,  64.9373,  4.1807
12-AUG-2013, 13-AUG-2013, CDX.NA.IG.S19, 1, 01.4605,  01.4336,  0.0000,  0.2778,  01.7114, -0.2509,  100.00,  65.2820,  64.9380,  65.2818,  4.1712
13-AUG-2013, 14-AUG-2013, CDX.NA.IG.S19, 1,-00.2467, -00.4413,  0.0000,  0.2778, -00.1635, -0.0832,  100.00,  64.9380,  65.0440,  64.9378,  4.1640
14-AUG-2013, 15-AUG-2013, CDX.NA.IG.S19, 1,-17.0753, -16.9634,  0.0000,  0.2778, -16.6857, -0.3896,  100.00,  65.0440,  69.1260,  65.0438,  4.1616
15-AUG-2013, 16-AUG-2013, CDX.NA.IG.S19, 1,-06.5309, -06.6052,  0.0000,  0.2778, -06.3274, -0.2035,  100.00,  69.1260,  70.7190,  69.1258,  4.1498
16-AUG-2013, 19-AUG-2013, CDX.NA.IG.S19, 1,-11.5888, -12.0228,  0.0000,  0.8333, -11.1895, -0.3993,  100.00,  70.7190,  73.6260,  70.7182,  4.1430
19-AUG-2013, 20-AUG-2013, CDX.NA.IG.S19, 1, 08.1332,  07.7490,  0.0000,  0.2778,  08.0268,  0.1064,  100.00,  73.6260,  71.7500,  73.6257,  4.1286
20-AUG-2013, 21-AUG-2013, CDX.NA.IG.S19, 1,-07.7557, -07.7426,  0.0000,  0.2778, -07.4649, -0.2908,  100.00,  71.7500,  73.6260,  71.7497,  4.1325
21-AUG-2013, 22-AUG-2013, CDX.NA.IG.S19, 1, 13.1181,  12.8787,  0.0000,  0.2778,  13.1565, -0.0384,  100.00,  73.6260,  70.5010,  73.6257,  4.1219
22-AUG-2013, 23-AUG-2013, CDX.NA.IG.S19, 1, 09.6888,  09.2801,  0.0000,  0.2778,  09.5579,  0.1309,  100.00,  70.5010,  68.2500,  70.5008,  4.1205
23-AUG-2013, 26-AUG-2013, CDX.NA.IG.S19, 1,-02.9794, -03.6105,  0.0000,  0.8333, -02.7771, -0.2022,  100.00,  68.2500,  69.1260,  68.2493,  4.1248
26-AUG-2013, 27-AUG-2013, CDX.NA.IG.S19, 1,-17.1108, -17.2320,  0.0000,  0.2778, -16.9543, -0.1565,  100.00,  69.1260,  73.3130,  69.1258,  4.1183
27-AUG-2013, 28-AUG-2013, CDX.NA.IG.S19, 1, 01.4145,  01.2824,  0.0000,  0.2778,  01.5602, -0.1457,  100.00,  73.3130,  73.0010,  73.3127,  4.1129
28-AUG-2013, 29-AUG-2013, CDX.NA.IG.S19, 1, 03.8259,  03.5933,  0.0000,  0.2778,  03.8711, -0.0452,  100.00,  73.0010,  72.1260,  73.0007,  4.1075
29-AUG-2013, 30-AUG-2013, CDX.NA.IG.S19, 1,-04.4883, -04.6159,  0.0000,  0.2778, -04.3382, -0.1501,  100.00,  72.1260,  73.2510,  72.1257,  4.1058
30-AUG-2013, 03-SEP-2013, CDX.NA.IG.S19, 1, 01.6396,  00.8353,  0.0000,  1.1111,  01.9464, -0.3069,  100.00,  73.2510,  73.0470,  73.2500,  4.1003
03-SEP-2013, 04-SEP-2013, CDX.NA.IG.S19, 1, 03.3714,  03.2524,  0.0000,  0.2778,  03.5302, -0.1589,  100.00,  73.0470,  72.2510,  73.0467,  4.0889
04-SEP-2013, 05-SEP-2013, CDX.NA.IG.S19, 1,-04.0976, -04.0776,  0.0000,  0.2778, -03.7998, -0.2978,  100.00,  72.2510,  73.2510,  72.2508,  4.0831
05-SEP-2013, 06-SEP-2013, CDX.NA.IG.S19, 1, 07.6006,  07.1323,  0.0000,  0.2778,  07.4101,  0.1905,  100.00,  73.2510,  71.5010,  73.2507,  4.0722
06-SEP-2013, 09-SEP-2013, CDX.NA.IG.S19, 1, 13.2304,  12.3963,  0.0000,  0.8333,  13.2296,  0.0008,  100.00,  71.5010,  68.4620,  71.5003,  4.0790
09-SEP-2013, 10-SEP-2013, CDX.NA.IG.S19, 1, 04.3271,  04.1750,  0.0000,  0.2778,  04.4527, -0.1257,  100.00,  68.4620,  67.4380,  68.4618,  4.0791
10-SEP-2013, 11-SEP-2013, CDX.NA.IG.S19, 1, 08.0518,  07.6445,  0.0000,  0.2778,  07.9223,  0.1295,  100.00,  67.4380,  65.5630,  67.4378,  4.0752
11-SEP-2013, 12-SEP-2013, CDX.NA.IG.S19, 1,-06.5168, -06.6243,  0.0000,  0.2778, -06.3465, -0.1703,  100.00,  65.5630,  67.1880,  65.5628,  4.0790
12-SEP-2013, 13-SEP-2013, CDX.NA.IG.S19, 1, 02.4599,  02.2281,  0.0000,  0.2778,  02.5059, -0.0460,  100.00,  67.1880,  66.6410,  67.1878,  4.0740
13-SEP-2013, 16-SEP-2013, CDX.NA.IG.S19, 1, 11.9263,  11.0113,  0.0000,  0.8333,  11.8447,  0.0816,  100.00,  66.6410,  63.9380,  66.6403,  4.0726
16-SEP-2013, 17-SEP-2013, CDX.NA.IG.S19, 1, 05.9107,  05.6036,  0.0000,  0.2778,  05.8813,  0.0293,  100.00,  63.9380,  62.5630,  63.9378,  4.0749
17-SEP-2013, 18-SEP-2013, CDX.NA.IG.S19, 1, 15.3113,  14.5440,  0.0000,  0.2778,  14.8218,  0.4895,  100.00,  62.5630,  59.0000,  62.5628,  4.0757
18-SEP-2013, 19-SEP-2013, CDX.NA.IG.S19, 1,-03.0524, -03.0637,  0.0000,  0.2778, -02.7859, -0.2665,  100.00,  59.0000,  59.7500,  58.9998,  4.0882
19-SEP-2013, 20-SEP-2013, CDX.NA.IG.S19, 1,-04.2896, -04.4473,  0.0000,  0.2778, -04.1696, -0.1200,  100.00,  59.7500,  60.8400,  59.7498,  4.0816
20-SEP-2013, 23-SEP-2013, CDX.NA.IG.S19, 1, 00.1946, -00.3994,  0.0000,  0.8333,  00.4339, -0.2394,  100.00,  60.8400,  60.9380,  60.8405,  4.0786
23-SEP-2013, 24-SEP-2013, CDX.NA.IG.S19, 1, 06.1468,  05.8565,  0.0000,  0.2778,  06.1342,  0.0126,  100.00,  60.9380,  59.5000,  60.9382,  4.0725
24-SEP-2013, 25-SEP-2013, CDX.NA.IG.S19, 1,-02.8397, -03.0540,  0.0000,  0.2778, -02.7762, -0.0635,  100.00,  59.5000,  60.2500,  59.5002,  4.0728
25-SEP-2013, 26-SEP-2013, CDX.NA.IG.S19, 1,-00.3622, -00.5087,  0.0000,  0.2778, -00.2309, -0.1313,  100.00,  60.2500,  60.3750,  60.2502,  4.0712
26-SEP-2013, 27-SEP-2013, CDX.NA.IG.S19, 1,-04.4023, -04.5749,  0.0000,  0.2778, -04.2971, -0.1051,  100.00,  60.3750,  61.5000,  60.3752,  4.0679
27-SEP-2013, 30-SEP-2013, CDX.NA.IG.S19, 1,-03.5311, -04.0612,  0.0000,  0.8333, -03.2279, -0.3032,  100.00,  61.5000,  62.5000,  61.5005,  4.0652
30-SEP-2013, 01-OCT-2013, CDX.NA.IG.S19, 1, 07.8105,  07.6056,  0.0000,  0.2778,  07.8833, -0.0728,  100.00,  62.5000,  60.6250,  62.5002,  4.0572
01-OCT-2013, 02-OCT-2013, CDX.NA.IG.S19, 1, 01.8147,  01.5208,  0.0000,  0.2778,  01.7986,  0.0161,  100.00,  60.6250,  60.2500,  60.6252,  4.0554
02-OCT-2013, 03-OCT-2013, CDX.NA.IG.S19, 1,-04.2718, -04.4354,  0.0000,  0.2778, -04.1576, -0.1142,  100.00,  60.2500,  61.3440,  60.2502,  4.0558
03-OCT-2013, 04-OCT-2013, CDX.NA.IG.S19, 1, 04.3122,  04.1766,  0.0000,  0.2778,  04.4544, -0.1421,  100.00,  61.3440,  60.3130,  61.3442,  4.0528
04-OCT-2013, 07-OCT-2013, CDX.NA.IG.S19, 1,-08.9397, -09.3491,  0.0000,  0.8333, -08.5157, -0.4239,  100.00,  60.3130,  62.6250,  60.3135,  4.0492
07-OCT-2013, 08-OCT-2013, CDX.NA.IG.S19, 1,-07.8119, -07.8189,  0.0000,  0.2778, -07.5411, -0.2708,  100.00,  62.6250,  64.5630,  62.6252,  4.0382
08-OCT-2013, 09-OCT-2013, CDX.NA.IG.S19, 1, 00.4859,  00.2539,  0.0000,  0.2778,  00.5317, -0.0458,  100.00,  64.5630,  64.5000,  64.5632,  4.0308
09-OCT-2013, 10-OCT-2013, CDX.NA.IG.S19, 1, 21.6648,  21.1698,  0.0000,  0.2778,  21.4476,  0.2173,  100.00,  64.5000,  59.2500,  64.5002,  4.0295
10-OCT-2013, 11-OCT-2013, CDX.NA.IG.S19, 1, 06.0692,  05.7984,  0.0000,  0.2778,  06.0762, -0.0070,  100.00,  59.2500,  57.8130,  59.2502,  4.0352
11-OCT-2013, 15-OCT-2013, CDX.NA.IG.S19, 1,-01.1183, -01.7609,  0.0000,  1.1111, -00.6498, -0.4685,  100.00,  57.8130,  58.2500,  57.8137,  4.0350
15-OCT-2013, 16-OCT-2013, CDX.NA.IG.S19, 1, 14.3006,  13.8373,  0.0000,  0.2778,  14.1151,  0.1855,  100.00,  58.2500,  54.8130,  58.2502,  4.0239
16-OCT-2013, 17-OCT-2013, CDX.NA.IG.S19, 1, 11.2928,  10.8329,  0.0000,  0.2778,  11.1106,  0.1821,  100.00,  54.8130,  52.1250,  54.8132,  4.0281
17-OCT-2013, 18-OCT-2013, CDX.NA.IG.S19, 1,-00.8722, -01.0076,  0.0000,  0.2778, -00.7299, -0.1423,  100.00,  52.1250,  52.3750,  52.1252,  4.0320
18-OCT-2013, 21-OCT-2013, CDX.NA.IG.S19, 1,-05.7027, -06.0356,  0.0000,  0.8333, -05.2022, -0.5005,  100.00,  52.3750,  53.8750,  52.3755,  4.0291
21-OCT-2013, 22-OCT-2013, CDX.NA.IG.S19, 1, 09.6550,  09.1709,  0.0000,  0.2778,  09.4487,  0.2063,  100.00,  53.8750,  51.5940,  53.8752,  4.0184
22-OCT-2013, 23-OCT-2013, CDX.NA.IG.S19, 1,-10.2187, -10.1729,  0.0000,  0.2778, -09.8951, -0.3236,  100.00,  51.5940,  54.1250,  51.5942,  4.0227
23-OCT-2013, 24-OCT-2013, CDX.NA.IG.S19, 1, 00.4099,  00.2489,  0.0000,  0.2778,  00.5267, -0.1168,  100.00,  54.1250,  54.0630,  54.1252,  4.0159
24-OCT-2013, 25-OCT-2013, CDX.NA.IG.S19, 1, 01.4839,  01.2560,  0.0000,  0.2778,  01.5338, -0.0499,  100.00,  54.0630,  53.7500,  54.0632,  4.0133
25-OCT-2013, 28-OCT-2013, CDX.NA.IG.S19, 1,-01.3182, -01.7555,  0.0000,  0.8333, -00.9221, -0.3960,  100.00,  53.7500,  54.1880,  53.7505,  4.0123
28-OCT-2013, 29-OCT-2013, CDX.NA.IG.S19, 1, 02.6256,  02.3780,  0.0000,  0.2778,  02.6558, -0.0301,  100.00,  54.1880,  53.5940,  54.1882,  4.0036
29-OCT-2013, 30-OCT-2013, CDX.NA.IG.S19, 1,-07.6281, -07.6238,  0.0000,  0.2778, -07.3460, -0.2821,  100.00,  53.5940,  55.5000,  53.5942,  4.0030
30-OCT-2013, 31-OCT-2013, CDX.NA.IG.S19, 1, 02.4593,  02.2458,  0.0000,  0.2778,  02.5236, -0.0642,  100.00,  55.5000,  54.9380,  55.5002,  3.9968
31-OCT-2013, 01-NOV-2013, CDX.NA.IG.S19, 1,-05.4807, -05.4894,  0.0000,  0.2778, -05.2117, -0.2690,  100.00,  54.9380,  56.3130,  54.9382,  3.9954
01-NOV-2013, 04-NOV-2013, CDX.NA.IG.S19, 1, 04.3442,  03.7395,  0.0000,  0.8333,  04.5729, -0.2286,  100.00,  56.3130,  55.3750,  56.3136,  3.9893
04-NOV-2013, 05-NOV-2013, CDX.NA.IG.S19, 1,-05.1612, -05.2280,  0.0000,  0.2778, -04.9502, -0.2110,  100.00,  55.3750,  56.6880,  55.3752,  3.9841
05-NOV-2013, 06-NOV-2013, CDX.NA.IG.S19, 1, 07.6057,  07.2168,  0.0000,  0.2778,  07.4946,  0.1111,  100.00,  56.6880,  54.8750,  56.6882,  3.9793
06-NOV-2013, 07-NOV-2013, CDX.NA.IG.S19, 1,-03.0552, -03.2364,  0.0000,  0.2778, -02.9586, -0.0966,  100.00,  54.8750,  55.6880,  54.8752,  3.9818
07-NOV-2013, 08-NOV-2013, CDX.NA.IG.S19, 1, 06.7835,  06.7138,  0.0000,  0.2778,  06.9916, -0.2080,  100.00,  55.6880,  54.0000,  55.6882,  3.9797
08-NOV-2013, 12-NOV-2013, CDX.NA.IG.S19, 1,-04.7351, -05.2100,  0.0000,  1.1111, -04.0989, -0.6361,  100.00,  54.0000,  55.3130,  54.0007,  3.9751
12-NOV-2013, 13-NOV-2013, CDX.NA.IG.S19, 1, 03.4199,  02.9722,  0.0000,  0.2778,  03.2500,  0.1699,  100.00,  55.3130,  54.5630,  55.3132,  3.9610
13-NOV-2013, 14-NOV-2013, CDX.NA.IG.S19, 1, 03.7583,  03.4693,  0.0000,  0.2778,  03.7471,  0.0112,  100.00,  54.5630,  53.6880,  54.5632,  3.9648
14-NOV-2013, 15-NOV-2013, CDX.NA.IG.S19, 1, 05.1820,  04.9556,  0.0000,  0.2778,  05.2334, -0.0514,  100.00,  53.6880,  52.4380,  53.6882,  3.9650
15-NOV-2013, 18-NOV-2013, CDX.NA.IG.S19, 1,-02.9776, -03.4652,  0.0000,  0.8333, -02.6319, -0.3457,  100.00,  52.4380,  53.3130,  52.4385,  3.9640
18-NOV-2013, 19-NOV-2013, CDX.NA.IG.S19, 1,-03.8034, -03.8273,  0.0000,  0.2778, -03.5496, -0.2538,  100.00,  53.3130,  54.2810,  53.3132,  3.9566
19-NOV-2013, 20-NOV-2013, CDX.NA.IG.S19, 1,-01.5254, -01.7302,  0.0000,  0.2778, -01.4525, -0.0729,  100.00,  54.2810,  54.7190,  54.2812,  3.9511
20-NOV-2013, 21-NOV-2013, CDX.NA.IG.S19, 1, 05.4482,  05.1855,  0.0000,  0.2778,  05.4633, -0.0151,  100.00,  54.7190,  53.4060,  54.7192,  3.9495
21-NOV-2013, 22-NOV-2013, CDX.NA.IG.S19, 1, 08.1611,  07.8981,  0.0000,  0.2778,  08.1759, -0.0148,  100.00,  53.4060,  51.4060,  53.4062,  3.9492
22-NOV-2013, 25-NOV-2013, CDX.NA.IG.S19, 1, 04.4687,  03.9457,  0.0000,  0.8333,  04.7791, -0.3103,  100.00,  51.4060,  50.4060,  51.4065,  3.9489
25-NOV-2013, 26-NOV-2013, CDX.NA.IG.S19, 1,-02.0680, -02.2189,  0.0000,  0.2778, -01.9412, -0.1269,  100.00,  50.4060,  50.9690,  50.4062,  3.9426
26-NOV-2013, 27-NOV-2013, CDX.NA.IG.S19, 1,-04.1194, -04.1819,  0.0000,  0.2778, -03.9041, -0.2153,  100.00,  50.9690,  52.0310,  50.9692,  3.9400
27-NOV-2013, 29-NOV-2013, CDX.NA.IG.S19, 1,-01.2240, -01.4746,  0.0000,  0.5556, -00.9191, -0.3049,  100.00,  52.0310,  52.4060,  52.0314,  3.9356
29-NOV-2013, 02-DEC-2013, CDX.NA.IG.S19, 1, 02.8695,  02.4530,  0.0000,  0.8333,  03.2863, -0.4168,  100.00,  52.4060,  51.7810,  52.4066,  3.9292
02-DEC-2013, 03-DEC-2013, CDX.NA.IG.S19, 1,-04.7798, -04.8985,  0.0000,  0.2778, -04.6207, -0.1591,  100.00,  51.7810,  53.0310,  51.7812,  3.9205
03-DEC-2013, 04-DEC-2013, CDX.NA.IG.S19, 1,-00.9116, -00.9787,  0.0000,  0.2778, -00.7009, -0.2106,  100.00,  53.0310,  53.2810,  53.0312,  3.9171
04-DEC-2013, 05-DEC-2013, CDX.NA.IG.S19, 1,-03.8636, -03.9101,  0.0000,  0.2778, -03.6324, -0.2313,  100.00,  53.2810,  54.2810,  53.2812,  3.9126
05-DEC-2013, 06-DEC-2013, CDX.NA.IG.S19, 1, 08.5487,  08.3030,  0.0000,  0.2778,  08.5808, -0.0320,  100.00,  54.2810,  52.1560,  54.2812,  3.9076
06-DEC-2013, 09-DEC-2013, CDX.NA.IG.S19, 1, 09.0407,  08.4187,  0.0000,  0.8333,  09.2520, -0.2113,  100.00,  52.1560,  50.0000,  52.1566,  3.9069
09-DEC-2013, 10-DEC-2013, CDX.NA.IG.S19, 1, 00.0626, -00.1210,  0.0000,  0.2778,  00.1568, -0.0943,  100.00,  50.0000,  50.0310,  50.0002,  3.9026
10-DEC-2013, 11-DEC-2013, CDX.NA.IG.S19, 1,-08.8719, -08.7679,  0.0000,  0.2778, -08.4901, -0.3819,  100.00,  50.0310,  52.2810,  50.0312,  3.9007
11-DEC-2013, 12-DEC-2013, CDX.NA.IG.S19, 1,-00.6747, -00.7314,  0.0000,  0.2778, -00.4537, -0.2211,  100.00,  52.2810,  52.4690,  52.2812,  3.8929
12-DEC-2013, 13-DEC-2013, CDX.NA.IG.S19, 1, 00.4116,  00.2449,  0.0000,  0.2778,  00.5227, -0.1111,  100.00,  52.4690,  52.4060,  52.4692,  3.8883
13-DEC-2013, 16-DEC-2013, CDX.NA.IG.S19, 1, 02.7142,  02.1821,  0.0000,  0.8333,  03.0155, -0.3013,  100.00,  52.4060,  51.8440,  52.4066,  3.8859
16-DEC-2013, 17-DEC-2013, CDX.NA.IG.S19, 1,-01.6789, -01.9397,  0.0000,  0.2778, -01.6620, -0.0170,  100.00,  51.8440,  52.3440,  51.8442,  3.8796
17-DEC-2013, 18-DEC-2013, CDX.NA.IG.S19, 1, 07.7512,  07.5172,  0.0000,  0.2778,  07.7950, -0.0438,  100.00,  52.3440,  50.4060,  52.3442,  3.8793
18-DEC-2013, 19-DEC-2013, CDX.NA.IG.S19, 1, 03.8727,  03.8756,  0.0000,  0.2778,  04.1534, -0.2806,  100.00,  50.4060,  49.4060,  50.4062,  3.8784
19-DEC-2013, 20-DEC-2013, CDX.NA.IG.S19, 1, 09.1382,  08.9519,  0.0000,  0.2778,  09.2296, -0.0915,  100.00,  49.4060,  47.0940,  49.4062,  3.8728
20-DEC-2013, 23-DEC-2013, CDX.NA.IG.S19, 1, 07.0448,  06.6473,  0.0000,  0.8333,  07.4807, -0.4358,  100.00,  47.0940,  45.3750,  47.0956,  3.8710
23-DEC-2013, 24-DEC-2013, CDX.NA.IG.S19, 1, 00.8317,  00.8454,  0.0000,  0.2778,  01.1232, -0.2915,  100.00,  45.3750,  45.1560,  45.3755,  3.8629
24-DEC-2013, 26-DEC-2013, CDX.NA.IG.S19, 1, 02.1048,  01.8043,  0.0000,  0.5556,  02.3598, -0.2551,  100.00,  45.1560,  44.6880,  45.1570,  3.8576
26-DEC-2013, 27-DEC-2013, CDX.NA.IG.S19, 1,-04.6758, -04.8146,  0.0000,  0.2778, -04.5368, -0.1390,  100.00,  44.6880,  45.9380,  44.6885,  3.8530
27-DEC-2013, 30-DEC-2013, CDX.NA.IG.S19, 1,-00.7402, -01.2003,  0.0000,  0.8333, -00.3669, -0.3733,  100.00,  45.9380,  46.2500,  45.9395,  3.8504
30-DEC-2013, 31-DEC-2013, CDX.NA.IG.S19, 1, 04.9341,  04.8027,  0.0000,  0.2778,  05.0805, -0.1464,  100.00,  46.2500,  45.0000,  46.2505,  3.8435
31-DEC-2013, 02-JAN-2014, CDX.NA.IG.S19, 1,-02.7564, -03.0013,  0.0000,  0.5556, -02.4457, -0.3107,  100.00,  45.0000,  45.7820,  45.0010,  3.8408
02-JAN-2014, 03-JAN-2014, CDX.NA.IG.S19, 1, 02.5979,  02.5185,  0.0000,  0.2778,  02.7963, -0.1983,  100.00,  45.7820,  45.1250,  45.7825,  3.8351
03-JAN-2014, 06-JAN-2014, CDX.NA.IG.S19, 1,-01.4467, -01.9141,  0.0000,  0.8333, -01.0807, -0.3660,  100.00,  45.1250,  45.6250,  45.1265,  3.8315
06-JAN-2014, 07-JAN-2014, CDX.NA.IG.S19, 1,-02.3994, -02.5080,  0.0000,  0.2778, -02.2303, -0.1691,  100.00,  45.6250,  46.2810,  45.6255,  3.8248
07-JAN-2014, 08-JAN-2014, CDX.NA.IG.S19, 1,-06.4455, -06.2022,  0.0000,  0.2778, -05.9244, -0.5211,  100.00,  46.2810,  47.9060,  46.2815,  3.8217
08-JAN-2014, 09-JAN-2014, CDX.NA.IG.S19, 1, 01.8224,  01.6653,  0.0000,  0.2778,  01.9430, -0.1206,  100.00,  47.9060,  47.4690,  47.9066,  3.8118
09-JAN-2014, 10-JAN-2014, CDX.NA.IG.S19, 1, 05.0800,  04.5287,  0.0000,  0.2778,  04.8065,  0.2735,  100.00,  47.4690,  46.2810,  47.4695,  3.8095
10-JAN-2014, 13-JAN-2014, CDX.NA.IG.S19, 1,-07.2284, -07.6209,  0.0000,  0.8333, -06.7876, -0.4408,  100.00,  46.2810,  48.2810,  46.2826,  3.8146
13-JAN-2014, 14-JAN-2014, CDX.NA.IG.S19, 1, 03.0242,  02.9710,  0.0000,  0.2778,  03.2488, -0.2246,  100.00,  48.2810,  47.5000,  48.2816,  3.8063
14-JAN-2014, 15-JAN-2014, CDX.NA.IG.S19, 1, 04.8581,  04.7505,  0.0000,  0.2778,  05.0282, -0.1702,  100.00,  47.5000,  46.2500,  47.5005,  3.8020
15-JAN-2014, 16-JAN-2014, CDX.NA.IG.S19, 1,-04.3988, -04.5111,  0.0000,  0.2778, -04.2333, -0.1655,  100.00,  46.2500,  47.4380,  46.2505,  3.7988
16-JAN-2014, 17-JAN-2014, CDX.NA.IG.S19, 1,-02.9671, -03.0808,  0.0000,  0.2778, -02.8030, -0.1640,  100.00,  47.4380,  48.2500,  47.4385,  3.7957
17-JAN-2014, 21-JAN-2014, CDX.NA.IG.S19, 1,-01.9896, -02.4840,  0.0000,  1.1111, -01.3728, -0.6167,  100.00,  48.2500,  48.9060,  48.2523,  3.7925
21-JAN-2014, 22-JAN-2014, CDX.NA.IG.S19, 1, 01.6962,  01.6511,  0.0000,  0.2778,  01.9289, -0.2327,  100.00,  48.9060,  48.4690,  48.9066,  3.7805
22-JAN-2014, 23-JAN-2014, CDX.NA.IG.S19, 1,-10.5403, -10.7366,  0.0000,  0.2778, -10.4588, -0.0815,  100.00,  48.4690,  51.3130,  48.4696,  3.7760
23-JAN-2014, 24-JAN-2014, CDX.NA.IG.S19, 1,-15.7653, -15.7919,  0.0000,  0.2778, -15.5142, -0.2512,  100.00,  51.3130,  55.5000,  51.3136,  3.7744
24-JAN-2014, 27-JAN-2014, CDX.NA.IG.S19, 1, 01.1440,  00.7040,  0.0000,  0.8333,  01.5373, -0.3933,  100.00,  55.5000,  55.3130,  55.5020,  3.7690
27-JAN-2014, 28-JAN-2014, CDX.NA.IG.S19, 1, 09.7455,  09.4021,  0.0000,  0.2778,  09.6799,  0.0656,  100.00,  55.3130,  52.8130,  55.3137,  3.7601
28-JAN-2014, 29-JAN-2014, CDX.NA.IG.S19, 1,-10.2462, -10.3388,  0.0000,  0.2778, -10.0610, -0.1852,  100.00,  52.8130,  55.5630,  52.8136,  3.7616
29-JAN-2014, 30-JAN-2014, CDX.NA.IG.S19, 1, 03.7263,  03.5238,  0.0000,  0.2778,  03.8016, -0.0752,  100.00,  55.5630,  54.6250,  55.5637,  3.7575
30-JAN-2014, 31-JAN-2014, CDX.NA.IG.S19, 1, 01.6602,  01.4083,  0.0000,  0.2778,  01.6861, -0.0259,  100.00,  54.6250,  54.2500,  54.6257,  3.7559
31-JAN-2014, 03-FEB-2014, CDX.NA.IG.S19, 1,-10.3222, -10.7844,  0.0000,  0.8333, -09.9511, -0.3712,  100.00,  54.2500,  57.1250,  54.2520,  3.7553
03-FEB-2014, 04-FEB-2014, CDX.NA.IG.S19, 1, 05.8282,  05.6192,  0.0000,  0.2778,  05.8970, -0.0688,  100.00,  57.1250,  55.6250,  57.1257,  3.7469
04-FEB-2014, 05-FEB-2014, CDX.NA.IG.S19, 1, 01.7981,  01.6361,  0.0000,  0.2778,  01.9139, -0.1158,  100.00,  55.6250,  55.1880,  55.6257,  3.7453
05-FEB-2014, 06-FEB-2014, CDX.NA.IG.S19, 1, 09.8411,  09.5918,  0.0000,  0.2778,  09.8696, -0.0286,  100.00,  55.1880,  52.6250,  55.1887,  3.7427
06-FEB-2014, 07-FEB-2014, CDX.NA.IG.S19, 1, 09.0826,  08.6553,  0.0000,  0.2778,  08.9331,  0.1495,  100.00,  52.6250,  50.3130,  52.6256,  3.7421
07-FEB-2014, 10-FEB-2014, CDX.NA.IG.S19, 1, 00.0863, -00.3479,  0.0000,  0.8333,  00.4854, -0.3992,  100.00,  50.3130,  50.4060,  50.3148,  3.7452
10-FEB-2014, 11-FEB-2014, CDX.NA.IG.S19, 1, 11.2817,  11.0894,  0.0000,  0.2778,  11.3672, -0.0855,  100.00,  50.4060,  47.4380,  50.4066,  3.7372
11-FEB-2014, 12-FEB-2014, CDX.NA.IG.S19, 1,-02.0772, -02.0980,  0.0000,  0.2778, -01.8202, -0.2570,  100.00,  47.4380,  48.0000,  47.4386,  3.7355
12-FEB-2014, 13-FEB-2014, CDX.NA.IG.S19, 1, 03.1130,  02.7982,  0.0000,  0.2778,  03.0760,  0.0370,  100.00,  48.0000,  47.2500,  48.0006,  3.7306
13-FEB-2014, 14-FEB-2014, CDX.NA.IG.S19, 1, 02.9120,  02.7973,  0.0000,  0.2778,  03.0751, -0.1631,  100.00,  47.2500,  46.5000,  47.2506,  3.7313
14-FEB-2014, 18-FEB-2014, CDX.NA.IG.S19, 1,-00.9728, -01.6311,  0.0000,  1.1111, -00.5200, -0.4528,  100.00,  46.5000,  46.9380,  46.5023,  3.7282
18-FEB-2014, 19-FEB-2014, CDX.NA.IG.S19, 1,-07.7409, -07.6630,  0.0000,  0.2778, -07.3852, -0.3557,  100.00,  46.9380,  49.0000,  46.9386,  3.7197
19-FEB-2014, 20-FEB-2014, CDX.NA.IG.S19, 1, 06.0028,  05.7984,  0.0000,  0.2778,  06.0762, -0.0734,  100.00,  49.0000,  47.4380,  49.0006,  3.7129
20-FEB-2014, 21-FEB-2014, CDX.NA.IG.S19, 1,-00.7750, -00.9276,  0.0000,  0.2778, -00.6498, -0.1252,  100.00,  47.4380,  47.6880,  47.4386,  3.7115
21-FEB-2014, 24-FEB-2014, CDX.NA.IG.S19, 1, 04.8693,  04.4023,  0.0000,  0.8333,  05.2356, -0.3663,  100.00,  47.6880,  46.5000,  47.6898,  3.7091
24-FEB-2014, 25-FEB-2014, CDX.NA.IG.S19, 1,-03.7886, -03.9340,  0.0000,  0.2778, -03.6563, -0.1323,  100.00,  46.5000,  47.5630,  46.5006,  3.7021
25-FEB-2014, 26-FEB-2014, CDX.NA.IG.S19, 1, 01.2576,  01.0394,  0.0000,  0.2778,  01.3172, -0.0596,  100.00,  47.5630,  47.2820,  47.5636,  3.6996
26-FEB-2014, 27-FEB-2014, CDX.NA.IG.S19, 1, 03.3170,  03.1209,  0.0000,  0.2778,  03.3987, -0.0817,  100.00,  47.2820,  46.4380,  47.2826,  3.6985
27-FEB-2014, 28-FEB-2014, CDX.NA.IG.S19, 1,-01.7973, -01.8474,  0.0000,  0.2778, -01.5696, -0.2277,  100.00,  46.4380,  46.9380,  46.4386,  3.6970
28-FEB-2014, 03-MAR-2014, CDX.NA.IG.S19, 1,-05.5991, -05.9938,  0.0000,  0.8333, -05.1605, -0.4386,  100.00,  46.9380,  48.5630,  46.9398,  3.6927
03-MAR-2014, 04-MAR-2014, CDX.NA.IG.S19, 1, 09.4639,  09.3217,  0.0000,  0.2778,  09.5995, -0.1356,  100.00,  48.5630,  46.0320,  48.5636,  3.6843
04-MAR-2014, 05-MAR-2014, CDX.NA.IG.S19, 1, 00.4936,  00.3460,  0.0000,  0.2778,  00.6237, -0.1301,  100.00,  46.0320,  45.9380,  46.0326,  3.6817
05-MAR-2014, 06-MAR-2014, CDX.NA.IG.S19, 1,-00.1594, -00.2280,  0.0000,  0.2778,  00.0498, -0.2092,  100.00,  45.9380,  46.0000,  45.9386,  3.6793
06-MAR-2014, 07-MAR-2014, CDX.NA.IG.S19, 1,-03.3110, -03.2130,  0.0000,  0.2778, -02.9352, -0.3758,  100.00,  46.0000,  46.8750,  46.0006,  3.6755
07-MAR-2014, 10-MAR-2014, CDX.NA.IG.S19, 1,-00.9398, -01.3743,  0.0000,  0.8333, -00.5409, -0.3989,  100.00,  46.8750,  47.2500,  46.8768,  3.6684
10-MAR-2014, 11-MAR-2014, CDX.NA.IG.S19, 1,-02.6536, -02.7443,  0.0000,  0.2778, -02.4666, -0.1871,  100.00,  47.2500,  48.0000,  47.2506,  3.6609
11-MAR-2014, 12-MAR-2014, CDX.NA.IG.S19, 1,-04.0957, -04.2262,  0.0000,  0.2778, -03.9484, -0.1472,  100.00,  48.0000,  49.1560,  48.0006,  3.6573
12-MAR-2014, 13-MAR-2014, CDX.NA.IG.S19, 1,-07.9594, -08.1063,  0.0000,  0.2778, -07.8286, -0.1308,  100.00,  49.1560,  51.3750,  49.1566,  3.6545
13-MAR-2014, 14-MAR-2014, CDX.NA.IG.S19, 1, 00.8415,  00.6827,  0.0000,  0.2778,  00.9604, -0.1189,  100.00,  51.3750,  51.1880,  51.3757,  3.6518
14-MAR-2014, 17-MAR-2014, CDX.NA.IG.S19, 1, 08.6851,  08.2032,  0.0000,  0.8333,  09.0366, -0.3515,  100.00,  51.1880,  48.9380,  51.1900,  3.6494
17-MAR-2014, 18-MAR-2014, CDX.NA.IG.S19, 1, 06.9152,  06.6042,  0.0000,  0.2778,  06.8819,  0.0333,  100.00,  48.9380,  47.1250,  48.9386,  3.6424
18-MAR-2014, 19-MAR-2014, CDX.NA.IG.S19, 1,-06.4980, -06.1390,  0.0000,  0.2778, -05.8613, -0.6367,  100.00,  47.1250,  48.8130,  47.1256,  3.6430
